CustomerKey,CustomerName,Segment,Industry,RegionKey,RegionName,Country,City,CustomerSince,Status
1,Customer 0001,Consumer,Government,7,Bahrain,Bahrain,Manama,2018-02-02,Active
2,Customer 0002,Small Business,Hospitality,4,Saudi West,Saudi Arabia,Jeddah,2019-03-03,Dormant
3,Customer 0003,Consumer,Hospitality,9,India West,India,Mumbai,2020-04-04,Active
4,Customer 0004,Consumer,Education,1,UAE North,UAE,Dubai,2021-05-05,Active
5,Customer 0005,Mid-Market,Government,3,Saudi Central,Saudi Arabia,Riyadh,2022-06-06,Active
6,Customer 0006,Consumer,Government,4,Saudi West,Saudi Arabia,Jeddah,2023-07-07,Active
7,Customer 0007,Small Business,Retail,9,India West,India,Mumbai,2024-08-08,Dormant
8,Customer 0008,Small Business,Government,3,Saudi Central,Saudi Arabia,Riyadh,2017-09-09,Active
9,Customer 0009,Small Business,Technology,9,India West,India,Mumbai,2018-10-10,Active
10,Customer 0010,Mid-Market,Retail,7,Bahrain,Bahrain,Manama,2019-11-11,Active
11,Customer 0011,Enterprise,Financial Services,10,India South,India,Bengaluru,2020-12-12,Active
12,Customer 0012,Small Business,Retail,2,UAE South,UAE,Abu Dhabi,2021-01-13,Active
13,Customer 0013,Enterprise,Financial Services,8,Oman,Oman,Muscat,2022-02-14,Active
14,Customer 0014,Consumer,Financial Services,3,Saudi Central,Saudi Arabia,Riyadh,2023-03-15,Active
15,Customer 0015,Small Business,Financial Services,7,Bahrain,Bahrain,Manama,2024-04-16,Dormant
16,Customer 0016,Small Business,Healthcare,2,UAE South,UAE,Abu Dhabi,2017-05-17,Active
17,Customer 0017,Mid-Market,Financial Services,2,UAE South,UAE,Abu Dhabi,2018-06-18,Active
18,Customer 0018,Consumer,Retail,4,Saudi West,Saudi Arabia,Jeddah,2019-07-19,Active
19,Customer 0019,Small Business,Financial Services,8,Oman,Oman,Muscat,2020-08-20,Dormant
20,Customer 0020,Mid-Market,Construction,4,Saudi West,Saudi Arabia,Jeddah,2021-09-21,Active
21,Customer 0021,Mid-Market,Hospitality,5,Qatar,Qatar,Doha,2022-10-22,Active
22,Customer 0022,Small Business,Retail,7,Bahrain,Bahrain,Manama,2023-11-23,Active
23,Customer 0023,Enterprise,Retail,4,Saudi West,Saudi Arabia,Jeddah,2024-12-24,Dormant
24,Customer 0024,Small Business,Retail,10,India South,India,Bengaluru,2017-01-25,Active
25,Customer 0025,Small Business,Education,1,UAE North,UAE,Dubai,2018-02-01,Active
26,Customer 0026,Mid-Market,Technology,1,UAE North,UAE,Dubai,2019-03-02,Active
27,Customer 0027,Mid-Market,Construction,10,India South,India,Bengaluru,2020-04-03,Active
28,Customer 0028,Consumer,Education,5,Qatar,Qatar,Doha,2021-05-04,Dormant
29,Customer 0029,Mid-Market,Healthcare,5,Qatar,Qatar,Doha,2022-06-05,Dormant
30,Customer 0030,Small Business,Construction,9,India West,India,Mumbai,2023-07-06,Dormant
31,Customer 0031,Mid-Market,Financial Services,9,India West,India,Mumbai,2024-08-07,Dormant
32,Customer 0032,Mid-Market,Healthcare,3,Saudi Central,Saudi Arabia,Riyadh,2017-09-08,Dormant
33,Customer 0033,Consumer,Technology,4,Saudi West,Saudi Arabia,Jeddah,2018-10-09,Active
34,Customer 0034,Consumer,Financial Services,8,Oman,Oman,Muscat,2019-11-10,Dormant
35,Customer 0035,Small Business,Financial Services,9,India West,India,Mumbai,2020-12-11,Active
36,Customer 0036,Mid-Market,Hospitality,5,Qatar,Qatar,Doha,2021-01-12,Dormant
37,Customer 0037,Enterprise,Education,6,Kuwait,Kuwait,Kuwait City,2022-02-13,Active
38,Customer 0038,Small Business,Retail,5,Qatar,Qatar,Doha,2023-03-14,Active
39,Customer 0039,Consumer,Education,4,Saudi West,Saudi Arabia,Jeddah,2024-04-15,Dormant
40,Customer 0040,Consumer,Construction,4,Saudi West,Saudi Arabia,Jeddah,2017-05-16,Active
41,Customer 0041,Mid-Market,Education,1,UAE North,UAE,Dubai,2018-06-17,Active
42,Customer 0042,Consumer,Education,8,Oman,Oman,Muscat,2019-07-18,Dormant
43,Customer 0043,Small Business,Technology,4,Saudi West,Saudi Arabia,Jeddah,2020-08-19,Dormant
44,Customer 0044,Small Business,Construction,8,Oman,Oman,Muscat,2021-09-20,Active
45,Customer 0045,Mid-Market,Government,5,Qatar,Qatar,Doha,2022-10-21,Dormant
46,Customer 0046,Consumer,Government,2,UAE South,UAE,Abu Dhabi,2023-11-22,Active
47,Customer 0047,Small Business,Financial Services,4,Saudi West,Saudi Arabia,Jeddah,2024-12-23,Active
48,Customer 0048,Consumer,Healthcare,10,India South,India,Bengaluru,2017-01-24,Active
49,Customer 0049,Small Business,Financial Services,5,Qatar,Qatar,Doha,2018-02-25,Active
50,Customer 0050,Mid-Market,Education,3,Saudi Central,Saudi Arabia,Riyadh,2019-03-01,Dormant
51,Customer 0051,Consumer,Government,10,India South,India,Bengaluru,2020-04-02,Active
52,Customer 0052,Consumer,Government,5,Qatar,Qatar,Doha,2021-05-03,Dormant
53,Customer 0053,Mid-Market,Construction,8,Oman,Oman,Muscat,2022-06-04,Active
54,Customer 0054,Consumer,Government,3,Saudi Central,Saudi Arabia,Riyadh,2023-07-05,Active
55,Customer 0055,Consumer,Retail,9,India West,India,Mumbai,2024-08-06,Active
56,Customer 0056,Consumer,Retail,2,UAE South,UAE,Abu Dhabi,2017-09-07,Active
57,Customer 0057,Mid-Market,Education,7,Bahrain,Bahrain,Manama,2018-10-08,Active
58,Customer 0058,Enterprise,Government,3,Saudi Central,Saudi Arabia,Riyadh,2019-11-09,Active
59,Customer 0059,Small Business,Government,1,UAE North,UAE,Dubai,2020-12-10,Dormant
60,Customer 0060,Enterprise,Financial Services,1,UAE North,UAE,Dubai,2021-01-11,Active
61,Customer 0061,Small Business,Technology,1,UAE North,UAE,Dubai,2022-02-12,Active
62,Customer 0062,Small Business,Financial Services,1,UAE North,UAE,Dubai,2023-03-13,Active
63,Customer 0063,Consumer,Healthcare,2,UAE South,UAE,Abu Dhabi,2024-04-14,Active
64,Customer 0064,Small Business,Technology,4,Saudi West,Saudi Arabia,Jeddah,2017-05-15,Active
65,Customer 0065,Consumer,Hospitality,5,Qatar,Qatar,Doha,2018-06-16,Active
66,Customer 0066,Small Business,Education,7,Bahrain,Bahrain,Manama,2019-07-17,Active
67,Customer 0067,Small Business,Hospitality,5,Qatar,Qatar,Doha,2020-08-18,Active
68,Customer 0068,Small Business,Financial Services,2,UAE South,UAE,Abu Dhabi,2021-09-19,Dormant
69,Customer 0069,Small Business,Healthcare,1,UAE North,UAE,Dubai,2022-10-20,Active
70,Customer 0070,Consumer,Construction,8,Oman,Oman,Muscat,2023-11-21,Active
71,Customer 0071,Consumer,Education,9,India West,India,Mumbai,2024-12-22,Active
72,Customer 0072,Small Business,Retail,10,India South,India,Bengaluru,2017-01-23,Active
73,Customer 0073,Consumer,Retail,5,Qatar,Qatar,Doha,2018-02-24,Active
74,Customer 0074,Enterprise,Education,6,Kuwait,Kuwait,Kuwait City,2019-03-25,Active
75,Customer 0075,Consumer,Technology,7,Bahrain,Bahrain,Manama,2020-04-01,Active
76,Customer 0076,Mid-Market,Financial Services,10,India South,India,Bengaluru,2021-05-02,Active
77,Customer 0077,Consumer,Healthcare,7,Bahrain,Bahrain,Manama,2022-06-03,Active
78,Customer 0078,Consumer,Construction,9,India West,India,Mumbai,2023-07-04,Active
79,Customer 0079,Small Business,Hospitality,2,UAE South,UAE,Abu Dhabi,2024-08-05,Active
80,Customer 0080,Consumer,Financial Services,10,India South,India,Bengaluru,2017-09-06,Active
81,Customer 0081,Small Business,Government,1,UAE North,UAE,Dubai,2018-10-07,Dormant
82,Customer 0082,Mid-Market,Financial Services,4,Saudi West,Saudi Arabia,Jeddah,2019-11-08,Dormant
83,Customer 0083,Small Business,Financial Services,3,Saudi Central,Saudi Arabia,Riyadh,2020-12-09,Active
84,Customer 0084,Mid-Market,Education,10,India South,India,Bengaluru,2021-01-10,Active
85,Customer 0085,Mid-Market,Financial Services,2,UAE South,UAE,Abu Dhabi,2022-02-11,Active
86,Customer 0086,Mid-Market,Hospitality,7,Bahrain,Bahrain,Manama,2023-03-12,Active
87,Customer 0087,Consumer,Government,1,UAE North,UAE,Dubai,2024-04-13,Active
88,Customer 0088,Enterprise,Hospitality,5,Qatar,Qatar,Doha,2017-05-14,Active
89,Customer 0089,Small Business,Financial Services,7,Bahrain,Bahrain,Manama,2018-06-15,Active
90,Customer 0090,Enterprise,Hospitality,1,UAE North,UAE,Dubai,2019-07-16,Active
91,Customer 0091,Enterprise,Financial Services,7,Bahrain,Bahrain,Manama,2020-08-17,Dormant
92,Customer 0092,Consumer,Education,2,UAE South,UAE,Abu Dhabi,2021-09-18,Active
93,Customer 0093,Mid-Market,Technology,7,Bahrain,Bahrain,Manama,2022-10-19,Active
94,Customer 0094,Small Business,Hospitality,5,Qatar,Qatar,Doha,2023-11-20,Active
95,Customer 0095,Mid-Market,Technology,7,Bahrain,Bahrain,Manama,2024-12-21,Dormant
96,Customer 0096,Mid-Market,Education,2,UAE South,UAE,Abu Dhabi,2017-01-22,Dormant
97,Customer 0097,Small Business,Government,10,India South,India,Bengaluru,2018-02-23,Active
98,Customer 0098,Mid-Market,Financial Services,3,Saudi Central,Saudi Arabia,Riyadh,2019-03-24,Active
99,Customer 0099,Small Business,Construction,10,India South,India,Bengaluru,2020-04-25,Dormant
100,Customer 0100,Small Business,Healthcare,6,Kuwait,Kuwait,Kuwait City,2021-05-01,Active
101,Customer 0101,Small Business,Education,6,Kuwait,Kuwait,Kuwait City,2022-06-02,Dormant
102,Customer 0102,Mid-Market,Financial Services,6,Kuwait,Kuwait,Kuwait City,2023-07-03,Active
103,Customer 0103,Consumer,Government,5,Qatar,Qatar,Doha,2024-08-04,Active
104,Customer 0104,Small Business,Financial Services,6,Kuwait,Kuwait,Kuwait City,2017-09-05,Active
105,Customer 0105,Consumer,Education,2,UAE South,UAE,Abu Dhabi,2018-10-06,Active
106,Customer 0106,Enterprise,Government,9,India West,India,Mumbai,2019-11-07,Active
107,Customer 0107,Consumer,Hospitality,8,Oman,Oman,Muscat,2020-12-08,Dormant
108,Customer 0108,Mid-Market,Technology,8,Oman,Oman,Muscat,2021-01-09,Active
109,Customer 0109,Small Business,Financial Services,5,Qatar,Qatar,Doha,2022-02-10,Dormant
110,Customer 0110,Small Business,Government,2,UAE South,UAE,Abu Dhabi,2023-03-11,Dormant
111,Customer 0111,Small Business,Financial Services,9,India West,India,Mumbai,2024-04-12,Active
112,Customer 0112,Consumer,Hospitality,6,Kuwait,Kuwait,Kuwait City,2017-05-13,Active
113,Customer 0113,Small Business,Construction,4,Saudi West,Saudi Arabia,Jeddah,2018-06-14,Active
114,Customer 0114,Enterprise,Financial Services,10,India South,India,Bengaluru,2019-07-15,Active
115,Customer 0115,Enterprise,Hospitality,7,Bahrain,Bahrain,Manama,2020-08-16,Active
116,Customer 0116,Small Business,Education,4,Saudi West,Saudi Arabia,Jeddah,2021-09-17,Dormant
117,Customer 0117,Small Business,Healthcare,6,Kuwait,Kuwait,Kuwait City,2022-10-18,Active
118,Customer 0118,Small Business,Technology,1,UAE North,UAE,Dubai,2023-11-19,Dormant
119,Customer 0119,Enterprise,Healthcare,2,UAE South,UAE,Abu Dhabi,2024-12-20,Active
120,Customer 0120,Mid-Market,Education,5,Qatar,Qatar,Doha,2017-01-21,Dormant
121,Customer 0121,Small Business,Government,6,Kuwait,Kuwait,Kuwait City,2018-02-22,Dormant
122,Customer 0122,Enterprise,Retail,6,Kuwait,Kuwait,Kuwait City,2019-03-23,Active
123,Customer 0123,Consumer,Hospitality,1,UAE North,UAE,Dubai,2020-04-24,Active
124,Customer 0124,Small Business,Healthcare,4,Saudi West,Saudi Arabia,Jeddah,2021-05-25,Active
125,Customer 0125,Small Business,Government,9,India West,India,Mumbai,2022-06-01,Active
126,Customer 0126,Small Business,Healthcare,7,Bahrain,Bahrain,Manama,2023-07-02,Dormant
127,Customer 0127,Enterprise,Education,7,Bahrain,Bahrain,Manama,2024-08-03,Dormant
128,Customer 0128,Small Business,Retail,10,India South,India,Bengaluru,2017-09-04,Active
129,Customer 0129,Mid-Market,Hospitality,4,Saudi West,Saudi Arabia,Jeddah,2018-10-05,Active
130,Customer 0130,Mid-Market,Construction,9,India West,India,Mumbai,2019-11-06,Active
131,Customer 0131,Enterprise,Government,8,Oman,Oman,Muscat,2020-12-07,Active
132,Customer 0132,Small Business,Financial Services,10,India South,India,Bengaluru,2021-01-08,Active
133,Customer 0133,Mid-Market,Government,6,Kuwait,Kuwait,Kuwait City,2022-02-09,Active
134,Customer 0134,Consumer,Hospitality,5,Qatar,Qatar,Doha,2023-03-10,Active
135,Customer 0135,Enterprise,Technology,6,Kuwait,Kuwait,Kuwait City,2024-04-11,Active
136,Customer 0136,Small Business,Healthcare,3,Saudi Central,Saudi Arabia,Riyadh,2017-05-12,Dormant
137,Customer 0137,Small Business,Financial Services,7,Bahrain,Bahrain,Manama,2018-06-13,Dormant
138,Customer 0138,Small Business,Healthcare,3,Saudi Central,Saudi Arabia,Riyadh,2019-07-14,Active
139,Customer 0139,Mid-Market,Healthcare,8,Oman,Oman,Muscat,2020-08-15,Active
140,Customer 0140,Small Business,Construction,8,Oman,Oman,Muscat,2021-09-16,Active
141,Customer 0141,Mid-Market,Financial Services,8,Oman,Oman,Muscat,2022-10-17,Dormant
142,Customer 0142,Small Business,Financial Services,7,Bahrain,Bahrain,Manama,2023-11-18,Dormant
143,Customer 0143,Mid-Market,Retail,8,Oman,Oman,Muscat,2024-12-19,Active
144,Customer 0144,Enterprise,Education,5,Qatar,Qatar,Doha,2017-01-20,Active
145,Customer 0145,Consumer,Government,3,Saudi Central,Saudi Arabia,Riyadh,2018-02-21,Active
146,Customer 0146,Enterprise,Construction,10,India South,India,Bengaluru,2019-03-22,Active
147,Customer 0147,Small Business,Financial Services,8,Oman,Oman,Muscat,2020-04-23,Active
148,Customer 0148,Mid-Market,Retail,4,Saudi West,Saudi Arabia,Jeddah,2021-05-24,Dormant
149,Customer 0149,Mid-Market,Hospitality,5,Qatar,Qatar,Doha,2022-06-25,Dormant
150,Customer 0150,Consumer,Education,2,UAE South,UAE,Abu Dhabi,2023-07-01,Active
151,Customer 0151,Small Business,Financial Services,10,India South,India,Bengaluru,2024-08-02,Active
152,Customer 0152,Mid-Market,Education,10,India South,India,Bengaluru,2017-09-03,Active
153,Customer 0153,Small Business,Technology,1,UAE North,UAE,Dubai,2018-10-04,Active
154,Customer 0154,Consumer,Technology,6,Kuwait,Kuwait,Kuwait City,2019-11-05,Active
155,Customer 0155,Mid-Market,Hospitality,10,India South,India,Bengaluru,2020-12-06,Active
156,Customer 0156,Consumer,Technology,7,Bahrain,Bahrain,Manama,2021-01-07,Active
157,Customer 0157,Mid-Market,Construction,3,Saudi Central,Saudi Arabia,Riyadh,2022-02-08,Active
158,Customer 0158,Small Business,Technology,7,Bahrain,Bahrain,Manama,2023-03-09,Dormant
159,Customer 0159,Small Business,Hospitality,7,Bahrain,Bahrain,Manama,2024-04-10,Dormant
160,Customer 0160,Consumer,Construction,9,India West,India,Mumbai,2017-05-11,Dormant
161,Customer 0161,Mid-Market,Retail,8,Oman,Oman,Muscat,2018-06-12,Active
162,Customer 0162,Small Business,Construction,8,Oman,Oman,Muscat,2019-07-13,Active
163,Customer 0163,Small Business,Financial Services,9,India West,India,Mumbai,2020-08-14,Active
164,Customer 0164,Mid-Market,Technology,8,Oman,Oman,Muscat,2021-09-15,Active
165,Customer 0165,Small Business,Government,9,India West,India,Mumbai,2022-10-16,Active
166,Customer 0166,Enterprise,Government,1,UAE North,UAE,Dubai,2023-11-17,Active
167,Customer 0167,Consumer,Healthcare,2,UAE South,UAE,Abu Dhabi,2024-12-18,Dormant
168,Customer 0168,Enterprise,Financial Services,8,Oman,Oman,Muscat,2017-01-19,Active
169,Customer 0169,Consumer,Technology,3,Saudi Central,Saudi Arabia,Riyadh,2018-02-20,Active
170,Customer 0170,Enterprise,Construction,5,Qatar,Qatar,Doha,2019-03-21,Active
171,Customer 0171,Small Business,Healthcare,2,UAE South,UAE,Abu Dhabi,2020-04-22,Active
172,Customer 0172,Small Business,Education,7,Bahrain,Bahrain,Manama,2021-05-23,Dormant
173,Customer 0173,Consumer,Retail,2,UAE South,UAE,Abu Dhabi,2022-06-24,Active
174,Customer 0174,Enterprise,Education,8,Oman,Oman,Muscat,2023-07-25,Dormant
175,Customer 0175,Enterprise,Construction,1,UAE North,UAE,Dubai,2024-08-01,Active
176,Customer 0176,Small Business,Government,7,Bahrain,Bahrain,Manama,2017-09-02,Active
177,Customer 0177,Small Business,Hospitality,4,Saudi West,Saudi Arabia,Jeddah,2018-10-03,Active
178,Customer 0178,Mid-Market,Technology,6,Kuwait,Kuwait,Kuwait City,2019-11-04,Active
179,Customer 0179,Consumer,Healthcare,7,Bahrain,Bahrain,Manama,2020-12-05,Active
180,Customer 0180,Small Business,Retail,2,UAE South,UAE,Abu Dhabi,2021-01-06,Active
181,Customer 0181,Mid-Market,Education,8,Oman,Oman,Muscat,2022-02-07,Active
182,Customer 0182,Small Business,Government,7,Bahrain,Bahrain,Manama,2023-03-08,Active
183,Customer 0183,Consumer,Healthcare,2,UAE South,UAE,Abu Dhabi,2024-04-09,Active
184,Customer 0184,Consumer,Construction,10,India South,India,Bengaluru,2017-05-10,Dormant
185,Customer 0185,Consumer,Education,6,Kuwait,Kuwait,Kuwait City,2018-06-11,Active
186,Customer 0186,Mid-Market,Technology,2,UAE South,UAE,Abu Dhabi,2019-07-12,Active
187,Customer 0187,Mid-Market,Education,5,Qatar,Qatar,Doha,2020-08-13,Dormant
188,Customer 0188,Small Business,Education,5,Qatar,Qatar,Doha,2021-09-14,Dormant
189,Customer 0189,Enterprise,Government,7,Bahrain,Bahrain,Manama,2022-10-15,Active
190,Customer 0190,Consumer,Retail,9,India West,India,Mumbai,2023-11-16,Active
191,Customer 0191,Mid-Market,Financial Services,6,Kuwait,Kuwait,Kuwait City,2024-12-17,Active
192,Customer 0192,Small Business,Government,9,India West,India,Mumbai,2017-01-18,Active
193,Customer 0193,Small Business,Retail,1,UAE North,UAE,Dubai,2018-02-19,Active
194,Customer 0194,Enterprise,Retail,4,Saudi West,Saudi Arabia,Jeddah,2019-03-20,Dormant
195,Customer 0195,Mid-Market,Financial Services,9,India West,India,Mumbai,2020-04-21,Dormant
196,Customer 0196,Enterprise,Healthcare,7,Bahrain,Bahrain,Manama,2021-05-22,Active
197,Customer 0197,Mid-Market,Education,2,UAE South,UAE,Abu Dhabi,2022-06-23,Active
198,Customer 0198,Mid-Market,Hospitality,9,India West,India,Mumbai,2023-07-24,Active
199,Customer 0199,Consumer,Education,7,Bahrain,Bahrain,Manama,2024-08-25,Active
200,Customer 0200,Enterprise,Financial Services,4,Saudi West,Saudi Arabia,Jeddah,2017-09-01,Active
201,Customer 0201,Small Business,Retail,8,Oman,Oman,Muscat,2018-10-02,Active
202,Customer 0202,Enterprise,Healthcare,3,Saudi Central,Saudi Arabia,Riyadh,2019-11-03,Active
203,Customer 0203,Small Business,Construction,3,Saudi Central,Saudi Arabia,Riyadh,2020-12-04,Active
204,Customer 0204,Small Business,Technology,3,Saudi Central,Saudi Arabia,Riyadh,2021-01-05,Active
205,Customer 0205,Mid-Market,Financial Services,1,UAE North,UAE,Dubai,2022-02-06,Active
206,Customer 0206,Enterprise,Hospitality,9,India West,India,Mumbai,2023-03-07,Dormant
207,Customer 0207,Small Business,Retail,8,Oman,Oman,Muscat,2024-04-08,Dormant
208,Customer 0208,Mid-Market,Healthcare,10,India South,India,Bengaluru,2017-05-09,Active
209,Customer 0209,Consumer,Hospitality,2,UAE South,UAE,Abu Dhabi,2018-06-10,Active
210,Customer 0210,Enterprise,Retail,9,India West,India,Mumbai,2019-07-11,Active
211,Customer 0211,Small Business,Financial Services,1,UAE North,UAE,Dubai,2020-08-12,Active
212,Customer 0212,Consumer,Retail,3,Saudi Central,Saudi Arabia,Riyadh,2021-09-13,Dormant
213,Customer 0213,Mid-Market,Financial Services,4,Saudi West,Saudi Arabia,Jeddah,2022-10-14,Active
214,Customer 0214,Consumer,Construction,5,Qatar,Qatar,Doha,2023-11-15,Active
215,Customer 0215,Small Business,Retail,9,India West,India,Mumbai,2024-12-16,Active
216,Customer 0216,Consumer,Retail,4,Saudi West,Saudi Arabia,Jeddah,2017-01-17,Dormant
217,Customer 0217,Consumer,Technology,2,UAE South,UAE,Abu Dhabi,2018-02-18,Active
218,Customer 0218,Enterprise,Government,6,Kuwait,Kuwait,Kuwait City,2019-03-19,Active
219,Customer 0219,Mid-Market,Technology,6,Kuwait,Kuwait,Kuwait City,2020-04-20,Active
220,Customer 0220,Mid-Market,Government,8,Oman,Oman,Muscat,2021-05-21,Active
221,Customer 0221,Consumer,Education,9,India West,India,Mumbai,2022-06-22,Active
222,Customer 0222,Consumer,Retail,1,UAE North,UAE,Dubai,2023-07-23,Active
223,Customer 0223,Mid-Market,Retail,9,India West,India,Mumbai,2024-08-24,Active
224,Customer 0224,Consumer,Financial Services,1,UAE North,UAE,Dubai,2017-09-25,Active
225,Customer 0225,Mid-Market,Education,2,UAE South,UAE,Abu Dhabi,2018-10-01,Dormant
226,Customer 0226,Consumer,Healthcare,8,Oman,Oman,Muscat,2019-11-02,Active
227,Customer 0227,Enterprise,Education,2,UAE South,UAE,Abu Dhabi,2020-12-03,Dormant
228,Customer 0228,Small Business,Hospitality,6,Kuwait,Kuwait,Kuwait City,2021-01-04,Active
229,Customer 0229,Mid-Market,Financial Services,9,India West,India,Mumbai,2022-02-05,Active
230,Customer 0230,Small Business,Financial Services,10,India South,India,Bengaluru,2023-03-06,Active
231,Customer 0231,Mid-Market,Construction,4,Saudi West,Saudi Arabia,Jeddah,2024-04-07,Dormant
232,Customer 0232,Mid-Market,Technology,6,Kuwait,Kuwait,Kuwait City,2017-05-08,Active
233,Customer 0233,Consumer,Healthcare,2,UAE South,UAE,Abu Dhabi,2018-06-09,Active
234,Customer 0234,Enterprise,Government,3,Saudi Central,Saudi Arabia,Riyadh,2019-07-10,Dormant
235,Customer 0235,Small Business,Construction,6,Kuwait,Kuwait,Kuwait City,2020-08-11,Active
236,Customer 0236,Mid-Market,Technology,8,Oman,Oman,Muscat,2021-09-12,Active
237,Customer 0237,Mid-Market,Technology,2,UAE South,UAE,Abu Dhabi,2022-10-13,Active
238,Customer 0238,Consumer,Construction,4,Saudi West,Saudi Arabia,Jeddah,2023-11-14,Active
239,Customer 0239,Consumer,Construction,2,UAE South,UAE,Abu Dhabi,2024-12-15,Dormant
240,Customer 0240,Enterprise,Technology,9,India West,India,Mumbai,2017-01-16,Active
241,Customer 0241,Enterprise,Financial Services,3,Saudi Central,Saudi Arabia,Riyadh,2018-02-17,Dormant
242,Customer 0242,Consumer,Education,9,India West,India,Mumbai,2019-03-18,Active
243,Customer 0243,Enterprise,Healthcare,8,Oman,Oman,Muscat,2020-04-19,Active
244,Customer 0244,Enterprise,Education,1,UAE North,UAE,Dubai,2021-05-20,Active
245,Customer 0245,Consumer,Construction,4,Saudi West,Saudi Arabia,Jeddah,2022-06-21,Active
246,Customer 0246,Small Business,Hospitality,10,India South,India,Bengaluru,2023-07-22,Active
247,Customer 0247,Mid-Market,Government,2,UAE South,UAE,Abu Dhabi,2024-08-23,Active
248,Customer 0248,Consumer,Construction,2,UAE South,UAE,Abu Dhabi,2017-09-24,Active
249,Customer 0249,Consumer,Retail,1,UAE North,UAE,Dubai,2018-10-25,Active
250,Customer 0250,Small Business,Financial Services,10,India South,India,Bengaluru,2019-11-01,Dormant
251,Customer 0251,Small Business,Financial Services,1,UAE North,UAE,Dubai,2020-12-02,Active
252,Customer 0252,Mid-Market,Healthcare,6,Kuwait,Kuwait,Kuwait City,2021-01-03,Active
253,Customer 0253,Small Business,Healthcare,5,Qatar,Qatar,Doha,2022-02-04,Active
254,Customer 0254,Small Business,Education,10,India South,India,Bengaluru,2023-03-05,Active
255,Customer 0255,Small Business,Government,8,Oman,Oman,Muscat,2024-04-06,Active
256,Customer 0256,Mid-Market,Healthcare,2,UAE South,UAE,Abu Dhabi,2017-05-07,Dormant
257,Customer 0257,Small Business,Education,4,Saudi West,Saudi Arabia,Jeddah,2018-06-08,Active
258,Customer 0258,Consumer,Construction,7,Bahrain,Bahrain,Manama,2019-07-09,Dormant
259,Customer 0259,Consumer,Construction,9,India West,India,Mumbai,2020-08-10,Active
260,Customer 0260,Mid-Market,Retail,7,Bahrain,Bahrain,Manama,2021-09-11,Active
261,Customer 0261,Mid-Market,Technology,10,India South,India,Bengaluru,2022-10-12,Active
262,Customer 0262,Small Business,Education,8,Oman,Oman,Muscat,2023-11-13,Active
263,Customer 0263,Mid-Market,Education,2,UAE South,UAE,Abu Dhabi,2024-12-14,Active
264,Customer 0264,Consumer,Retail,9,India West,India,Mumbai,2017-01-15,Active
265,Customer 0265,Consumer,Financial Services,10,India South,India,Bengaluru,2018-02-16,Active
266,Customer 0266,Mid-Market,Construction,3,Saudi Central,Saudi Arabia,Riyadh,2019-03-17,Active
267,Customer 0267,Enterprise,Construction,10,India South,India,Bengaluru,2020-04-18,Active
268,Customer 0268,Consumer,Government,10,India South,India,Bengaluru,2021-05-19,Active
269,Customer 0269,Small Business,Hospitality,3,Saudi Central,Saudi Arabia,Riyadh,2022-06-20,Active
270,Customer 0270,Small Business,Retail,4,Saudi West,Saudi Arabia,Jeddah,2023-07-21,Dormant
271,Customer 0271,Mid-Market,Education,1,UAE North,UAE,Dubai,2024-08-22,Active
272,Customer 0272,Consumer,Construction,6,Kuwait,Kuwait,Kuwait City,2017-09-23,Active
273,Customer 0273,Mid-Market,Healthcare,1,UAE North,UAE,Dubai,2018-10-24,Active
274,Customer 0274,Consumer,Hospitality,9,India West,India,Mumbai,2019-11-25,Active
275,Customer 0275,Small Business,Construction,7,Bahrain,Bahrain,Manama,2020-12-01,Active
276,Customer 0276,Mid-Market,Healthcare,6,Kuwait,Kuwait,Kuwait City,2021-01-02,Dormant
277,Customer 0277,Small Business,Healthcare,8,Oman,Oman,Muscat,2022-02-03,Active
278,Customer 0278,Small Business,Healthcare,4,Saudi West,Saudi Arabia,Jeddah,2023-03-04,Dormant
279,Customer 0279,Consumer,Technology,5,Qatar,Qatar,Doha,2024-04-05,Active
280,Customer 0280,Consumer,Financial Services,3,Saudi Central,Saudi Arabia,Riyadh,2017-05-06,Active
281,Customer 0281,Small Business,Education,3,Saudi Central,Saudi Arabia,Riyadh,2018-06-07,Active
282,Customer 0282,Mid-Market,Hospitality,8,Oman,Oman,Muscat,2019-07-08,Active
283,Customer 0283,Consumer,Healthcare,6,Kuwait,Kuwait,Kuwait City,2020-08-09,Active
284,Customer 0284,Small Business,Technology,6,Kuwait,Kuwait,Kuwait City,2021-09-10,Active
285,Customer 0285,Small Business,Construction,4,Saudi West,Saudi Arabia,Jeddah,2022-10-11,Active
286,Customer 0286,Consumer,Retail,2,UAE South,UAE,Abu Dhabi,2023-11-12,Dormant
287,Customer 0287,Consumer,Healthcare,8,Oman,Oman,Muscat,2024-12-13,Dormant
288,Customer 0288,Consumer,Construction,8,Oman,Oman,Muscat,2017-01-14,Dormant
289,Customer 0289,Consumer,Education,2,UAE South,UAE,Abu Dhabi,2018-02-15,Active
290,Customer 0290,Enterprise,Retail,8,Oman,Oman,Muscat,2019-03-16,Active
291,Customer 0291,Mid-Market,Hospitality,1,UAE North,UAE,Dubai,2020-04-17,Active
292,Customer 0292,Mid-Market,Financial Services,6,Kuwait,Kuwait,Kuwait City,2021-05-18,Active
293,Customer 0293,Small Business,Hospitality,2,UAE South,UAE,Abu Dhabi,2022-06-19,Active
294,Customer 0294,Consumer,Government,10,India South,India,Bengaluru,2023-07-20,Active
295,Customer 0295,Consumer,Healthcare,7,Bahrain,Bahrain,Manama,2024-08-21,Dormant
296,Customer 0296,Enterprise,Construction,3,Saudi Central,Saudi Arabia,Riyadh,2017-09-22,Active
297,Customer 0297,Small Business,Technology,4,Saudi West,Saudi Arabia,Jeddah,2018-10-23,Active
298,Customer 0298,Mid-Market,Retail,5,Qatar,Qatar,Doha,2019-11-24,Dormant
299,Customer 0299,Small Business,Government,10,India South,India,Bengaluru,2020-12-25,Active
300,Customer 0300,Mid-Market,Financial Services,1,UAE North,UAE,Dubai,2021-01-01,Active
301,Customer 0301,Consumer,Government,5,Qatar,Qatar,Doha,2022-02-02,Active
302,Customer 0302,Enterprise,Healthcare,2,UAE South,UAE,Abu Dhabi,2023-03-03,Active
303,Customer 0303,Small Business,Hospitality,2,UAE South,UAE,Abu Dhabi,2024-04-04,Active
304,Customer 0304,Small Business,Technology,7,Bahrain,Bahrain,Manama,2017-05-05,Active
305,Customer 0305,Small Business,Construction,9,India West,India,Mumbai,2018-06-06,Dormant
306,Customer 0306,Mid-Market,Retail,6,Kuwait,Kuwait,Kuwait City,2019-07-07,Active
307,Customer 0307,Small Business,Education,8,Oman,Oman,Muscat,2020-08-08,Active
308,Customer 0308,Enterprise,Hospitality,10,India South,India,Bengaluru,2021-09-09,Active
309,Customer 0309,Consumer,Financial Services,6,Kuwait,Kuwait,Kuwait City,2022-10-10,Active
310,Customer 0310,Enterprise,Financial Services,9,India West,India,Mumbai,2023-11-11,Dormant
311,Customer 0311,Small Business,Government,9,India West,India,Mumbai,2024-12-12,Active
312,Customer 0312,Mid-Market,Financial Services,8,Oman,Oman,Muscat,2017-01-13,Active
313,Customer 0313,Small Business,Healthcare,9,India West,India,Mumbai,2018-02-14,Active
314,Customer 0314,Mid-Market,Healthcare,8,Oman,Oman,Muscat,2019-03-15,Active
315,Customer 0315,Mid-Market,Financial Services,4,Saudi West,Saudi Arabia,Jeddah,2020-04-16,Active
316,Customer 0316,Mid-Market,Healthcare,7,Bahrain,Bahrain,Manama,2021-05-17,Active
317,Customer 0317,Consumer,Hospitality,6,Kuwait,Kuwait,Kuwait City,2022-06-18,Active
318,Customer 0318,Small Business,Construction,7,Bahrain,Bahrain,Manama,2023-07-19,Active
319,Customer 0319,Small Business,Retail,9,India West,India,Mumbai,2024-08-20,Dormant
320,Customer 0320,Small Business,Healthcare,2,UAE South,UAE,Abu Dhabi,2017-09-21,Active
321,Customer 0321,Small Business,Hospitality,2,UAE South,UAE,Abu Dhabi,2018-10-22,Active
322,Customer 0322,Consumer,Financial Services,9,India West,India,Mumbai,2019-11-23,Active
323,Customer 0323,Small Business,Government,7,Bahrain,Bahrain,Manama,2020-12-24,Active
324,Customer 0324,Mid-Market,Healthcare,3,Saudi Central,Saudi Arabia,Riyadh,2021-01-25,Dormant
325,Customer 0325,Small Business,Construction,1,UAE North,UAE,Dubai,2022-02-01,Active
326,Customer 0326,Consumer,Technology,1,UAE North,UAE,Dubai,2023-03-02,Active
327,Customer 0327,Mid-Market,Technology,1,UAE North,UAE,Dubai,2024-04-03,Active
328,Customer 0328,Consumer,Hospitality,5,Qatar,Qatar,Doha,2017-05-04,Active
329,Customer 0329,Mid-Market,Government,3,Saudi Central,Saudi Arabia,Riyadh,2018-06-05,Active
330,Customer 0330,Consumer,Hospitality,5,Qatar,Qatar,Doha,2019-07-06,Active
331,Customer 0331,Mid-Market,Financial Services,8,Oman,Oman,Muscat,2020-08-07,Dormant
332,Customer 0332,Consumer,Retail,9,India West,India,Mumbai,2021-09-08,Active
333,Customer 0333,Mid-Market,Financial Services,2,UAE South,UAE,Abu Dhabi,2022-10-09,Active
334,Customer 0334,Consumer,Retail,9,India West,India,Mumbai,2023-11-10,Active
335,Customer 0335,Consumer,Education,4,Saudi West,Saudi Arabia,Jeddah,2024-12-11,Active
336,Customer 0336,Enterprise,Retail,4,Saudi West,Saudi Arabia,Jeddah,2017-01-12,Active
337,Customer 0337,Mid-Market,Government,4,Saudi West,Saudi Arabia,Jeddah,2018-02-13,Dormant
338,Customer 0338,Small Business,Education,2,UAE South,UAE,Abu Dhabi,2019-03-14,Active
339,Customer 0339,Small Business,Healthcare,8,Oman,Oman,Muscat,2020-04-15,Dormant
340,Customer 0340,Small Business,Construction,10,India South,India,Bengaluru,2021-05-16,Active
341,Customer 0341,Consumer,Hospitality,5,Qatar,Qatar,Doha,2022-06-17,Active
342,Customer 0342,Small Business,Healthcare,1,UAE North,UAE,Dubai,2023-07-18,Active
343,Customer 0343,Small Business,Education,4,Saudi West,Saudi Arabia,Jeddah,2024-08-19,Active
344,Customer 0344,Small Business,Retail,7,Bahrain,Bahrain,Manama,2017-09-20,Dormant
345,Customer 0345,Small Business,Retail,3,Saudi Central,Saudi Arabia,Riyadh,2018-10-21,Active
346,Customer 0346,Small Business,Technology,5,Qatar,Qatar,Doha,2019-11-22,Active
347,Customer 0347,Consumer,Construction,7,Bahrain,Bahrain,Manama,2020-12-23,Dormant
348,Customer 0348,Mid-Market,Technology,5,Qatar,Qatar,Doha,2021-01-24,Dormant
349,Customer 0349,Enterprise,Construction,10,India South,India,Bengaluru,2022-02-25,Active
350,Customer 0350,Small Business,Government,5,Qatar,Qatar,Doha,2023-03-01,Active
351,Customer 0351,Consumer,Construction,6,Kuwait,Kuwait,Kuwait City,2024-04-02,Active
352,Customer 0352,Small Business,Technology,5,Qatar,Qatar,Doha,2017-05-03,Active
353,Customer 0353,Small Business,Education,3,Saudi Central,Saudi Arabia,Riyadh,2018-06-04,Active
354,Customer 0354,Small Business,Construction,10,India South,India,Bengaluru,2019-07-05,Active
355,Customer 0355,Small Business,Technology,1,UAE North,UAE,Dubai,2020-08-06,Active
356,Customer 0356,Small Business,Retail,7,Bahrain,Bahrain,Manama,2021-09-07,Active
357,Customer 0357,Consumer,Education,6,Kuwait,Kuwait,Kuwait City,2022-10-08,Dormant
358,Customer 0358,Small Business,Healthcare,6,Kuwait,Kuwait,Kuwait City,2023-11-09,Active
359,Customer 0359,Enterprise,Healthcare,5,Qatar,Qatar,Doha,2024-12-10,Active
360,Customer 0360,Consumer,Healthcare,9,India West,India,Mumbai,2017-01-11,Active
361,Customer 0361,Mid-Market,Education,2,UAE South,UAE,Abu Dhabi,2018-02-12,Active
362,Customer 0362,Consumer,Construction,7,Bahrain,Bahrain,Manama,2019-03-13,Active
363,Customer 0363,Small Business,Government,5,Qatar,Qatar,Doha,2020-04-14,Active
364,Customer 0364,Enterprise,Hospitality,8,Oman,Oman,Muscat,2021-05-15,Dormant
365,Customer 0365,Small Business,Financial Services,4,Saudi West,Saudi Arabia,Jeddah,2022-06-16,Active
366,Customer 0366,Enterprise,Healthcare,7,Bahrain,Bahrain,Manama,2023-07-17,Active
367,Customer 0367,Mid-Market,Government,4,Saudi West,Saudi Arabia,Jeddah,2024-08-18,Active
368,Customer 0368,Consumer,Healthcare,6,Kuwait,Kuwait,Kuwait City,2017-09-19,Active
369,Customer 0369,Mid-Market,Healthcare,8,Oman,Oman,Muscat,2018-10-20,Active
370,Customer 0370,Enterprise,Technology,1,UAE North,UAE,Dubai,2019-11-21,Active
371,Customer 0371,Small Business,Healthcare,3,Saudi Central,Saudi Arabia,Riyadh,2020-12-22,Dormant
372,Customer 0372,Mid-Market,Financial Services,2,UAE South,UAE,Abu Dhabi,2021-01-23,Dormant
373,Customer 0373,Small Business,Government,7,Bahrain,Bahrain,Manama,2022-02-24,Dormant
374,Customer 0374,Enterprise,Education,1,UAE North,UAE,Dubai,2023-03-25,Active
375,Customer 0375,Consumer,Education,1,UAE North,UAE,Dubai,2024-04-01,Active
376,Customer 0376,Small Business,Education,1,UAE North,UAE,Dubai,2017-05-02,Active
377,Customer 0377,Mid-Market,Hospitality,6,Kuwait,Kuwait,Kuwait City,2018-06-03,Dormant
378,Customer 0378,Small Business,Healthcare,9,India West,India,Mumbai,2019-07-04,Active
379,Customer 0379,Mid-Market,Technology,1,UAE North,UAE,Dubai,2020-08-05,Dormant
380,Customer 0380,Small Business,Construction,9,India West,India,Mumbai,2021-09-06,Dormant
381,Customer 0381,Mid-Market,Government,3,Saudi Central,Saudi Arabia,Riyadh,2022-10-07,Active
382,Customer 0382,Mid-Market,Financial Services,4,Saudi West,Saudi Arabia,Jeddah,2023-11-08,Active
383,Customer 0383,Mid-Market,Healthcare,4,Saudi West,Saudi Arabia,Jeddah,2024-12-09,Active
384,Customer 0384,Small Business,Healthcare,1,UAE North,UAE,Dubai,2017-01-10,Active
385,Customer 0385,Consumer,Retail,6,Kuwait,Kuwait,Kuwait City,2018-02-11,Dormant
386,Customer 0386,Consumer,Retail,5,Qatar,Qatar,Doha,2019-03-12,Active
387,Customer 0387,Small Business,Retail,2,UAE South,UAE,Abu Dhabi,2020-04-13,Active
388,Customer 0388,Small Business,Financial Services,2,UAE South,UAE,Abu Dhabi,2021-05-14,Active
389,Customer 0389,Mid-Market,Healthcare,9,India West,India,Mumbai,2022-06-15,Active
390,Customer 0390,Mid-Market,Hospitality,1,UAE North,UAE,Dubai,2023-07-16,Active
391,Customer 0391,Small Business,Healthcare,10,India South,India,Bengaluru,2024-08-17,Dormant
392,Customer 0392,Small Business,Hospitality,2,UAE South,UAE,Abu Dhabi,2017-09-18,Active
393,Customer 0393,Consumer,Government,2,UAE South,UAE,Abu Dhabi,2018-10-19,Active
394,Customer 0394,Mid-Market,Technology,10,India South,India,Bengaluru,2019-11-20,Active
395,Customer 0395,Consumer,Technology,6,Kuwait,Kuwait,Kuwait City,2020-12-21,Active
396,Customer 0396,Small Business,Education,1,UAE North,UAE,Dubai,2021-01-22,Dormant
397,Customer 0397,Mid-Market,Retail,6,Kuwait,Kuwait,Kuwait City,2022-02-23,Active
398,Customer 0398,Consumer,Government,2,UAE South,UAE,Abu Dhabi,2023-03-24,Active
399,Customer 0399,Consumer,Hospitality,2,UAE South,UAE,Abu Dhabi,2024-04-25,Active
400,Customer 0400,Small Business,Government,5,Qatar,Qatar,Doha,2017-05-01,Active
401,Customer 0401,Small Business,Hospitality,5,Qatar,Qatar,Doha,2018-06-02,Active
402,Customer 0402,Consumer,Construction,1,UAE North,UAE,Dubai,2019-07-03,Active
403,Customer 0403,Consumer,Hospitality,7,Bahrain,Bahrain,Manama,2020-08-04,Active
404,Customer 0404,Consumer,Healthcare,1,UAE North,UAE,Dubai,2021-09-05,Active
405,Customer 0405,Consumer,Technology,6,Kuwait,Kuwait,Kuwait City,2022-10-06,Active
406,Customer 0406,Consumer,Healthcare,6,Kuwait,Kuwait,Kuwait City,2023-11-07,Active
407,Customer 0407,Small Business,Government,7,Bahrain,Bahrain,Manama,2024-12-08,Active
408,Customer 0408,Small Business,Government,7,Bahrain,Bahrain,Manama,2017-01-09,Dormant
409,Customer 0409,Enterprise,Retail,3,Saudi Central,Saudi Arabia,Riyadh,2018-02-10,Active
410,Customer 0410,Small Business,Government,2,UAE South,UAE,Abu Dhabi,2019-03-11,Dormant
411,Customer 0411,Small Business,Construction,3,Saudi Central,Saudi Arabia,Riyadh,2020-04-12,Active
412,Customer 0412,Small Business,Government,3,Saudi Central,Saudi Arabia,Riyadh,2021-05-13,Active
413,Customer 0413,Small Business,Hospitality,7,Bahrain,Bahrain,Manama,2022-06-14,Active
414,Customer 0414,Enterprise,Education,6,Kuwait,Kuwait,Kuwait City,2023-07-15,Active
415,Customer 0415,Small Business,Hospitality,9,India West,India,Mumbai,2024-08-16,Dormant
416,Customer 0416,Small Business,Financial Services,4,Saudi West,Saudi Arabia,Jeddah,2017-09-17,Active
417,Customer 0417,Consumer,Retail,9,India West,India,Mumbai,2018-10-18,Active
418,Customer 0418,Small Business,Government,3,Saudi Central,Saudi Arabia,Riyadh,2019-11-19,Dormant
419,Customer 0419,Enterprise,Government,3,Saudi Central,Saudi Arabia,Riyadh,2020-12-20,Active
420,Customer 0420,Mid-Market,Technology,4,Saudi West,Saudi Arabia,Jeddah,2021-01-21,Active
421,Customer 0421,Mid-Market,Financial Services,9,India West,India,Mumbai,2022-02-22,Dormant
422,Customer 0422,Enterprise,Government,4,Saudi West,Saudi Arabia,Jeddah,2023-03-23,Dormant
423,Customer 0423,Consumer,Government,2,UAE South,UAE,Abu Dhabi,2024-04-24,Active
424,Customer 0424,Consumer,Retail,2,UAE South,UAE,Abu Dhabi,2017-05-25,Active
425,Customer 0425,Small Business,Retail,7,Bahrain,Bahrain,Manama,2018-06-01,Active
426,Customer 0426,Consumer,Technology,10,India South,India,Bengaluru,2019-07-02,Active
427,Customer 0427,Consumer,Construction,8,Oman,Oman,Muscat,2020-08-03,Active
428,Customer 0428,Consumer,Construction,4,Saudi West,Saudi Arabia,Jeddah,2021-09-04,Dormant
429,Customer 0429,Consumer,Hospitality,6,Kuwait,Kuwait,Kuwait City,2022-10-05,Active
430,Customer 0430,Enterprise,Construction,4,Saudi West,Saudi Arabia,Jeddah,2023-11-06,Active
431,Customer 0431,Small Business,Hospitality,9,India West,India,Mumbai,2024-12-07,Active
432,Customer 0432,Small Business,Financial Services,3,Saudi Central,Saudi Arabia,Riyadh,2017-01-08,Active
433,Customer 0433,Small Business,Education,5,Qatar,Qatar,Doha,2018-02-09,Active
434,Customer 0434,Mid-Market,Education,7,Bahrain,Bahrain,Manama,2019-03-10,Active
435,Customer 0435,Consumer,Retail,2,UAE South,UAE,Abu Dhabi,2020-04-11,Active
436,Customer 0436,Small Business,Healthcare,8,Oman,Oman,Muscat,2021-05-12,Dormant
437,Customer 0437,Small Business,Retail,1,UAE North,UAE,Dubai,2022-06-13,Dormant
438,Customer 0438,Small Business,Healthcare,10,India South,India,Bengaluru,2023-07-14,Active
439,Customer 0439,Enterprise,Construction,3,Saudi Central,Saudi Arabia,Riyadh,2024-08-15,Dormant
440,Customer 0440,Consumer,Education,7,Bahrain,Bahrain,Manama,2017-09-16,Active
441,Customer 0441,Consumer,Technology,7,Bahrain,Bahrain,Manama,2018-10-17,Dormant
442,Customer 0442,Mid-Market,Technology,3,Saudi Central,Saudi Arabia,Riyadh,2019-11-18,Active
443,Customer 0443,Small Business,Education,9,India West,India,Mumbai,2020-12-19,Active
444,Customer 0444,Consumer,Construction,10,India South,India,Bengaluru,2021-01-20,Active
445,Customer 0445,Small Business,Construction,3,Saudi Central,Saudi Arabia,Riyadh,2022-02-21,Active
446,Customer 0446,Small Business,Financial Services,6,Kuwait,Kuwait,Kuwait City,2023-03-22,Active
447,Customer 0447,Consumer,Hospitality,7,Bahrain,Bahrain,Manama,2024-04-23,Active
448,Customer 0448,Mid-Market,Retail,7,Bahrain,Bahrain,Manama,2017-05-24,Active
449,Customer 0449,Consumer,Healthcare,5,Qatar,Qatar,Doha,2018-06-25,Active
450,Customer 0450,Mid-Market,Retail,5,Qatar,Qatar,Doha,2019-07-01,Active
451,Customer 0451,Consumer,Retail,4,Saudi West,Saudi Arabia,Jeddah,2020-08-02,Active
452,Customer 0452,Enterprise,Education,8,Oman,Oman,Muscat,2021-09-03,Dormant
453,Customer 0453,Small Business,Technology,4,Saudi West,Saudi Arabia,Jeddah,2022-10-04,Active
454,Customer 0454,Small Business,Construction,7,Bahrain,Bahrain,Manama,2023-11-05,Active
455,Customer 0455,Consumer,Education,1,UAE North,UAE,Dubai,2024-12-06,Dormant
456,Customer 0456,Consumer,Construction,4,Saudi West,Saudi Arabia,Jeddah,2017-01-07,Active
457,Customer 0457,Mid-Market,Healthcare,4,Saudi West,Saudi Arabia,Jeddah,2018-02-08,Active
458,Customer 0458,Consumer,Hospitality,3,Saudi Central,Saudi Arabia,Riyadh,2019-03-09,Dormant
459,Customer 0459,Small Business,Technology,1,UAE North,UAE,Dubai,2020-04-10,Active
460,Customer 0460,Small Business,Technology,3,Saudi Central,Saudi Arabia,Riyadh,2021-05-11,Active
461,Customer 0461,Small Business,Healthcare,6,Kuwait,Kuwait,Kuwait City,2022-06-12,Active
462,Customer 0462,Consumer,Retail,3,Saudi Central,Saudi Arabia,Riyadh,2023-07-13,Active
463,Customer 0463,Consumer,Construction,8,Oman,Oman,Muscat,2024-08-14,Active
464,Customer 0464,Small Business,Healthcare,6,Kuwait,Kuwait,Kuwait City,2017-09-15,Active
465,Customer 0465,Mid-Market,Financial Services,9,India West,India,Mumbai,2018-10-16,Active
466,Customer 0466,Mid-Market,Education,6,Kuwait,Kuwait,Kuwait City,2019-11-17,Active
467,Customer 0467,Mid-Market,Education,6,Kuwait,Kuwait,Kuwait City,2020-12-18,Dormant
468,Customer 0468,Consumer,Retail,9,India West,India,Mumbai,2021-01-19,Active
469,Customer 0469,Small Business,Education,6,Kuwait,Kuwait,Kuwait City,2022-02-20,Active
470,Customer 0470,Small Business,Hospitality,6,Kuwait,Kuwait,Kuwait City,2023-03-21,Dormant
471,Customer 0471,Small Business,Technology,5,Qatar,Qatar,Doha,2024-04-22,Active
472,Customer 0472,Consumer,Construction,9,India West,India,Mumbai,2017-05-23,Dormant
473,Customer 0473,Enterprise,Education,8,Oman,Oman,Muscat,2018-06-24,Active
474,Customer 0474,Enterprise,Hospitality,9,India West,India,Mumbai,2019-07-25,Active
475,Customer 0475,Small Business,Hospitality,9,India West,India,Mumbai,2020-08-01,Active
476,Customer 0476,Consumer,Financial Services,4,Saudi West,Saudi Arabia,Jeddah,2021-09-02,Active
477,Customer 0477,Small Business,Financial Services,4,Saudi West,Saudi Arabia,Jeddah,2022-10-03,Active
478,Customer 0478,Enterprise,Construction,3,Saudi Central,Saudi Arabia,Riyadh,2023-11-04,Active
479,Customer 0479,Enterprise,Healthcare,2,UAE South,UAE,Abu Dhabi,2024-12-05,Active
480,Customer 0480,Enterprise,Education,9,India West,India,Mumbai,2017-01-06,Active
481,Customer 0481,Small Business,Financial Services,7,Bahrain,Bahrain,Manama,2018-02-07,Dormant
482,Customer 0482,Enterprise,Hospitality,6,Kuwait,Kuwait,Kuwait City,2019-03-08,Active
483,Customer 0483,Enterprise,Retail,10,India South,India,Bengaluru,2020-04-09,Active
484,Customer 0484,Consumer,Hospitality,6,Kuwait,Kuwait,Kuwait City,2021-05-10,Active
485,Customer 0485,Small Business,Technology,5,Qatar,Qatar,Doha,2022-06-11,Dormant
486,Customer 0486,Small Business,Retail,7,Bahrain,Bahrain,Manama,2023-07-12,Dormant
487,Customer 0487,Small Business,Healthcare,3,Saudi Central,Saudi Arabia,Riyadh,2024-08-13,Dormant
488,Customer 0488,Mid-Market,Healthcare,9,India West,India,Mumbai,2017-09-14,Active
489,Customer 0489,Consumer,Retail,6,Kuwait,Kuwait,Kuwait City,2018-10-15,Active
490,Customer 0490,Enterprise,Financial Services,2,UAE South,UAE,Abu Dhabi,2019-11-16,Active
491,Customer 0491,Mid-Market,Construction,5,Qatar,Qatar,Doha,2020-12-17,Active
492,Customer 0492,Consumer,Healthcare,7,Bahrain,Bahrain,Manama,2021-01-18,Active
493,Customer 0493,Mid-Market,Technology,3,Saudi Central,Saudi Arabia,Riyadh,2022-02-19,Active
494,Customer 0494,Mid-Market,Retail,2,UAE South,UAE,Abu Dhabi,2023-03-20,Dormant
495,Customer 0495,Enterprise,Hospitality,9,India West,India,Mumbai,2024-04-21,Active
496,Customer 0496,Mid-Market,Government,2,UAE South,UAE,Abu Dhabi,2017-05-22,Active
497,Customer 0497,Mid-Market,Education,6,Kuwait,Kuwait,Kuwait City,2018-06-23,Active
498,Customer 0498,Small Business,Education,5,Qatar,Qatar,Doha,2019-07-24,Active
499,Customer 0499,Small Business,Technology,8,Oman,Oman,Muscat,2020-08-25,Active
500,Customer 0500,Small Business,Construction,10,India South,India,Bengaluru,2021-09-01,Dormant
501,Customer 0501,Enterprise,Education,3,Saudi Central,Saudi Arabia,Riyadh,2022-10-02,Active
502,Customer 0502,Mid-Market,Construction,7,Bahrain,Bahrain,Manama,2023-11-03,Active
503,Customer 0503,Consumer,Government,6,Kuwait,Kuwait,Kuwait City,2024-12-04,Dormant
504,Customer 0504,Consumer,Government,6,Kuwait,Kuwait,Kuwait City,2017-01-05,Active
505,Customer 0505,Small Business,Hospitality,3,Saudi Central,Saudi Arabia,Riyadh,2018-02-06,Active
506,Customer 0506,Consumer,Education,3,Saudi Central,Saudi Arabia,Riyadh,2019-03-07,Active
507,Customer 0507,Consumer,Retail,2,UAE South,UAE,Abu Dhabi,2020-04-08,Active
508,Customer 0508,Small Business,Education,10,India South,India,Bengaluru,2021-05-09,Active
509,Customer 0509,Mid-Market,Government,9,India West,India,Mumbai,2022-06-10,Active
510,Customer 0510,Small Business,Technology,6,Kuwait,Kuwait,Kuwait City,2023-07-11,Active
511,Customer 0511,Small Business,Hospitality,8,Oman,Oman,Muscat,2024-08-12,Dormant
512,Customer 0512,Small Business,Education,6,Kuwait,Kuwait,Kuwait City,2017-09-13,Active
513,Customer 0513,Mid-Market,Healthcare,9,India West,India,Mumbai,2018-10-14,Active
514,Customer 0514,Consumer,Healthcare,10,India South,India,Bengaluru,2019-11-15,Dormant
515,Customer 0515,Enterprise,Government,6,Kuwait,Kuwait,Kuwait City,2020-12-16,Active
516,Customer 0516,Mid-Market,Education,2,UAE South,UAE,Abu Dhabi,2021-01-17,Active
517,Customer 0517,Small Business,Construction,4,Saudi West,Saudi Arabia,Jeddah,2022-02-18,Dormant
518,Customer 0518,Consumer,Retail,8,Oman,Oman,Muscat,2023-03-19,Active
519,Customer 0519,Enterprise,Technology,6,Kuwait,Kuwait,Kuwait City,2024-04-20,Active
520,Customer 0520,Small Business,Healthcare,10,India South,India,Bengaluru,2017-05-21,Dormant
521,Customer 0521,Mid-Market,Hospitality,7,Bahrain,Bahrain,Manama,2018-06-22,Active
522,Customer 0522,Consumer,Education,7,Bahrain,Bahrain,Manama,2019-07-23,Dormant
523,Customer 0523,Consumer,Construction,6,Kuwait,Kuwait,Kuwait City,2020-08-24,Dormant
524,Customer 0524,Consumer,Retail,8,Oman,Oman,Muscat,2021-09-25,Active
525,Customer 0525,Mid-Market,Hospitality,8,Oman,Oman,Muscat,2022-10-01,Active
526,Customer 0526,Mid-Market,Healthcare,4,Saudi West,Saudi Arabia,Jeddah,2023-11-02,Active
527,Customer 0527,Consumer,Hospitality,10,India South,India,Bengaluru,2024-12-03,Active
528,Customer 0528,Consumer,Hospitality,7,Bahrain,Bahrain,Manama,2017-01-04,Dormant
529,Customer 0529,Small Business,Healthcare,8,Oman,Oman,Muscat,2018-02-05,Dormant
530,Customer 0530,Mid-Market,Healthcare,1,UAE North,UAE,Dubai,2019-03-06,Active
531,Customer 0531,Small Business,Retail,3,Saudi Central,Saudi Arabia,Riyadh,2020-04-07,Active
532,Customer 0532,Mid-Market,Healthcare,1,UAE North,UAE,Dubai,2021-05-08,Dormant
533,Customer 0533,Consumer,Retail,10,India South,India,Bengaluru,2022-06-09,Active
534,Customer 0534,Mid-Market,Government,2,UAE South,UAE,Abu Dhabi,2023-07-10,Dormant
535,Customer 0535,Mid-Market,Financial Services,3,Saudi Central,Saudi Arabia,Riyadh,2024-08-11,Active
536,Customer 0536,Consumer,Healthcare,10,India South,India,Bengaluru,2017-09-12,Active
537,Customer 0537,Consumer,Construction,3,Saudi Central,Saudi Arabia,Riyadh,2018-10-13,Dormant
538,Customer 0538,Small Business,Education,10,India South,India,Bengaluru,2019-11-14,Dormant
539,Customer 0539,Mid-Market,Retail,7,Bahrain,Bahrain,Manama,2020-12-15,Active
540,Customer 0540,Consumer,Financial Services,9,India West,India,Mumbai,2021-01-16,Active
541,Customer 0541,Enterprise,Government,10,India South,India,Bengaluru,2022-02-17,Active
542,Customer 0542,Small Business,Hospitality,9,India West,India,Mumbai,2023-03-18,Active
543,Customer 0543,Small Business,Retail,8,Oman,Oman,Muscat,2024-04-19,Dormant
544,Customer 0544,Small Business,Retail,9,India West,India,Mumbai,2017-05-20,Dormant
545,Customer 0545,Consumer,Government,4,Saudi West,Saudi Arabia,Jeddah,2018-06-21,Dormant
546,Customer 0546,Small Business,Hospitality,6,Kuwait,Kuwait,Kuwait City,2019-07-22,Dormant
547,Customer 0547,Mid-Market,Education,3,Saudi Central,Saudi Arabia,Riyadh,2020-08-23,Active
548,Customer 0548,Small Business,Financial Services,5,Qatar,Qatar,Doha,2021-09-24,Active
549,Customer 0549,Enterprise,Retail,4,Saudi West,Saudi Arabia,Jeddah,2022-10-25,Active
550,Customer 0550,Enterprise,Education,9,India West,India,Mumbai,2023-11-01,Active
551,Customer 0551,Mid-Market,Healthcare,7,Bahrain,Bahrain,Manama,2024-12-02,Dormant
552,Customer 0552,Mid-Market,Financial Services,10,India South,India,Bengaluru,2017-01-03,Active
553,Customer 0553,Mid-Market,Financial Services,10,India South,India,Bengaluru,2018-02-04,Active
554,Customer 0554,Small Business,Government,7,Bahrain,Bahrain,Manama,2019-03-05,Active
555,Customer 0555,Small Business,Government,6,Kuwait,Kuwait,Kuwait City,2020-04-06,Active
556,Customer 0556,Small Business,Financial Services,5,Qatar,Qatar,Doha,2021-05-07,Active
557,Customer 0557,Consumer,Government,2,UAE South,UAE,Abu Dhabi,2022-06-08,Active
558,Customer 0558,Mid-Market,Financial Services,2,UAE South,UAE,Abu Dhabi,2023-07-09,Active
559,Customer 0559,Small Business,Retail,9,India West,India,Mumbai,2024-08-10,Active
560,Customer 0560,Consumer,Retail,7,Bahrain,Bahrain,Manama,2017-09-11,Active
561,Customer 0561,Small Business,Financial Services,3,Saudi Central,Saudi Arabia,Riyadh,2018-10-12,Active
562,Customer 0562,Mid-Market,Construction,2,UAE South,UAE,Abu Dhabi,2019-11-13,Active
563,Customer 0563,Enterprise,Financial Services,10,India South,India,Bengaluru,2020-12-14,Dormant
564,Customer 0564,Small Business,Technology,10,India South,India,Bengaluru,2021-01-15,Active
565,Customer 0565,Small Business,Government,3,Saudi Central,Saudi Arabia,Riyadh,2022-02-16,Active
566,Customer 0566,Consumer,Technology,4,Saudi West,Saudi Arabia,Jeddah,2023-03-17,Active
567,Customer 0567,Consumer,Education,1,UAE North,UAE,Dubai,2024-04-18,Active
568,Customer 0568,Mid-Market,Retail,1,UAE North,UAE,Dubai,2017-05-19,Active
569,Customer 0569,Consumer,Financial Services,2,UAE South,UAE,Abu Dhabi,2018-06-20,Active
570,Customer 0570,Small Business,Education,7,Bahrain,Bahrain,Manama,2019-07-21,Active
571,Customer 0571,Consumer,Technology,2,UAE South,UAE,Abu Dhabi,2020-08-22,Active
572,Customer 0572,Consumer,Technology,6,Kuwait,Kuwait,Kuwait City,2021-09-23,Active
573,Customer 0573,Consumer,Government,10,India South,India,Bengaluru,2022-10-24,Dormant
574,Customer 0574,Enterprise,Healthcare,10,India South,India,Bengaluru,2023-11-25,Dormant
575,Customer 0575,Enterprise,Hospitality,9,India West,India,Mumbai,2024-12-01,Active
576,Customer 0576,Consumer,Technology,6,Kuwait,Kuwait,Kuwait City,2017-01-02,Active
577,Customer 0577,Consumer,Government,8,Oman,Oman,Muscat,2018-02-03,Active
578,Customer 0578,Consumer,Government,6,Kuwait,Kuwait,Kuwait City,2019-03-04,Dormant
579,Customer 0579,Consumer,Government,10,India South,India,Bengaluru,2020-04-05,Active
580,Customer 0580,Enterprise,Education,5,Qatar,Qatar,Doha,2021-05-06,Active
581,Customer 0581,Small Business,Construction,6,Kuwait,Kuwait,Kuwait City,2022-06-07,Active
582,Customer 0582,Mid-Market,Hospitality,5,Qatar,Qatar,Doha,2023-07-08,Dormant
583,Customer 0583,Enterprise,Healthcare,6,Kuwait,Kuwait,Kuwait City,2024-08-09,Dormant
584,Customer 0584,Mid-Market,Technology,6,Kuwait,Kuwait,Kuwait City,2017-09-10,Active
585,Customer 0585,Small Business,Education,4,Saudi West,Saudi Arabia,Jeddah,2018-10-11,Active
586,Customer 0586,Consumer,Education,4,Saudi West,Saudi Arabia,Jeddah,2019-11-12,Active
587,Customer 0587,Consumer,Construction,4,Saudi West,Saudi Arabia,Jeddah,2020-12-13,Active
588,Customer 0588,Enterprise,Hospitality,2,UAE South,UAE,Abu Dhabi,2021-01-14,Dormant
589,Customer 0589,Enterprise,Retail,10,India South,India,Bengaluru,2022-02-15,Dormant
590,Customer 0590,Small Business,Government,6,Kuwait,Kuwait,Kuwait City,2023-03-16,Active
591,Customer 0591,Mid-Market,Technology,8,Oman,Oman,Muscat,2024-04-17,Dormant
592,Customer 0592,Consumer,Healthcare,4,Saudi West,Saudi Arabia,Jeddah,2017-05-18,Active
593,Customer 0593,Consumer,Government,9,India West,India,Mumbai,2018-06-19,Active
594,Customer 0594,Mid-Market,Healthcare,9,India West,India,Mumbai,2019-07-20,Dormant
595,Customer 0595,Small Business,Government,2,UAE South,UAE,Abu Dhabi,2020-08-21,Active
596,Customer 0596,Enterprise,Education,1,UAE North,UAE,Dubai,2021-09-22,Dormant
597,Customer 0597,Enterprise,Construction,10,India South,India,Bengaluru,2022-10-23,Active
598,Customer 0598,Small Business,Education,3,Saudi Central,Saudi Arabia,Riyadh,2023-11-24,Active
599,Customer 0599,Consumer,Construction,8,Oman,Oman,Muscat,2024-12-25,Active
600,Customer 0600,Small Business,Education,3,Saudi Central,Saudi Arabia,Riyadh,2017-01-01,Dormant
601,Customer 0601,Mid-Market,Financial Services,6,Kuwait,Kuwait,Kuwait City,2018-02-02,Active
602,Customer 0602,Mid-Market,Healthcare,8,Oman,Oman,Muscat,2019-03-03,Active
603,Customer 0603,Consumer,Education,2,UAE South,UAE,Abu Dhabi,2020-04-04,Dormant
604,Customer 0604,Mid-Market,Healthcare,7,Bahrain,Bahrain,Manama,2021-05-05,Dormant
605,Customer 0605,Mid-Market,Government,1,UAE North,UAE,Dubai,2022-06-06,Active
606,Customer 0606,Small Business,Construction,9,India West,India,Mumbai,2023-07-07,Dormant
607,Customer 0607,Mid-Market,Retail,5,Qatar,Qatar,Doha,2024-08-08,Dormant
608,Customer 0608,Small Business,Retail,2,UAE South,UAE,Abu Dhabi,2017-09-09,Active
609,Customer 0609,Small Business,Hospitality,5,Qatar,Qatar,Doha,2018-10-10,Dormant
610,Customer 0610,Mid-Market,Construction,6,Kuwait,Kuwait,Kuwait City,2019-11-11,Active
611,Customer 0611,Enterprise,Hospitality,6,Kuwait,Kuwait,Kuwait City,2020-12-12,Active
612,Customer 0612,Mid-Market,Healthcare,10,India South,India,Bengaluru,2021-01-13,Active
613,Customer 0613,Mid-Market,Government,6,Kuwait,Kuwait,Kuwait City,2022-02-14,Dormant
614,Customer 0614,Small Business,Technology,2,UAE South,UAE,Abu Dhabi,2023-03-15,Dormant
615,Customer 0615,Consumer,Construction,3,Saudi Central,Saudi Arabia,Riyadh,2024-04-16,Dormant
616,Customer 0616,Small Business,Hospitality,10,India South,India,Bengaluru,2017-05-17,Active
617,Customer 0617,Mid-Market,Construction,3,Saudi Central,Saudi Arabia,Riyadh,2018-06-18,Active
618,Customer 0618,Consumer,Financial Services,5,Qatar,Qatar,Doha,2019-07-19,Active
619,Customer 0619,Consumer,Construction,8,Oman,Oman,Muscat,2020-08-20,Dormant
620,Customer 0620,Mid-Market,Retail,7,Bahrain,Bahrain,Manama,2021-09-21,Active
621,Customer 0621,Small Business,Hospitality,4,Saudi West,Saudi Arabia,Jeddah,2022-10-22,Active
622,Customer 0622,Small Business,Hospitality,3,Saudi Central,Saudi Arabia,Riyadh,2023-11-23,Active
623,Customer 0623,Small Business,Retail,8,Oman,Oman,Muscat,2024-12-24,Dormant
624,Customer 0624,Consumer,Hospitality,9,India West,India,Mumbai,2017-01-25,Active
625,Customer 0625,Small Business,Hospitality,5,Qatar,Qatar,Doha,2018-02-01,Dormant
626,Customer 0626,Mid-Market,Technology,5,Qatar,Qatar,Doha,2019-03-02,Dormant
627,Customer 0627,Mid-Market,Healthcare,3,Saudi Central,Saudi Arabia,Riyadh,2020-04-03,Active
628,Customer 0628,Small Business,Construction,1,UAE North,UAE,Dubai,2021-05-04,Dormant
629,Customer 0629,Consumer,Technology,8,Oman,Oman,Muscat,2022-06-05,Dormant
630,Customer 0630,Consumer,Healthcare,3,Saudi Central,Saudi Arabia,Riyadh,2023-07-06,Dormant
631,Customer 0631,Small Business,Technology,10,India South,India,Bengaluru,2024-08-07,Active
632,Customer 0632,Small Business,Hospitality,8,Oman,Oman,Muscat,2017-09-08,Dormant
633,Customer 0633,Mid-Market,Technology,5,Qatar,Qatar,Doha,2018-10-09,Active
634,Customer 0634,Enterprise,Healthcare,5,Qatar,Qatar,Doha,2019-11-10,Active
635,Customer 0635,Small Business,Retail,5,Qatar,Qatar,Doha,2020-12-11,Dormant
636,Customer 0636,Mid-Market,Financial Services,8,Oman,Oman,Muscat,2021-01-12,Active
637,Customer 0637,Mid-Market,Retail,10,India South,India,Bengaluru,2022-02-13,Active
638,Customer 0638,Small Business,Financial Services,4,Saudi West,Saudi Arabia,Jeddah,2023-03-14,Dormant
639,Customer 0639,Mid-Market,Financial Services,4,Saudi West,Saudi Arabia,Jeddah,2024-04-15,Dormant
640,Customer 0640,Mid-Market,Financial Services,4,Saudi West,Saudi Arabia,Jeddah,2017-05-16,Active
641,Customer 0641,Consumer,Technology,9,India West,India,Mumbai,2018-06-17,Active
642,Customer 0642,Consumer,Financial Services,9,India West,India,Mumbai,2019-07-18,Active
643,Customer 0643,Mid-Market,Technology,2,UAE South,UAE,Abu Dhabi,2020-08-19,Active
644,Customer 0644,Small Business,Technology,8,Oman,Oman,Muscat,2021-09-20,Dormant
645,Customer 0645,Mid-Market,Healthcare,4,Saudi West,Saudi Arabia,Jeddah,2022-10-21,Active
646,Customer 0646,Enterprise,Hospitality,9,India West,India,Mumbai,2023-11-22,Active
647,Customer 0647,Mid-Market,Government,5,Qatar,Qatar,Doha,2024-12-23,Active
648,Customer 0648,Enterprise,Retail,4,Saudi West,Saudi Arabia,Jeddah,2017-01-24,Dormant
649,Customer 0649,Mid-Market,Technology,4,Saudi West,Saudi Arabia,Jeddah,2018-02-25,Dormant
650,Customer 0650,Small Business,Retail,6,Kuwait,Kuwait,Kuwait City,2019-03-01,Active
651,Customer 0651,Consumer,Healthcare,2,UAE South,UAE,Abu Dhabi,2020-04-02,Active
652,Customer 0652,Consumer,Hospitality,5,Qatar,Qatar,Doha,2021-05-03,Dormant
653,Customer 0653,Mid-Market,Technology,3,Saudi Central,Saudi Arabia,Riyadh,2022-06-04,Dormant
654,Customer 0654,Mid-Market,Education,1,UAE North,UAE,Dubai,2023-07-05,Dormant
655,Customer 0655,Mid-Market,Retail,8,Oman,Oman,Muscat,2024-08-06,Active
656,Customer 0656,Consumer,Hospitality,8,Oman,Oman,Muscat,2017-09-07,Active
657,Customer 0657,Small Business,Technology,8,Oman,Oman,Muscat,2018-10-08,Active
658,Customer 0658,Small Business,Retail,3,Saudi Central,Saudi Arabia,Riyadh,2019-11-09,Active
659,Customer 0659,Small Business,Technology,5,Qatar,Qatar,Doha,2020-12-10,Active
660,Customer 0660,Consumer,Education,6,Kuwait,Kuwait,Kuwait City,2021-01-11,Active
661,Customer 0661,Small Business,Construction,4,Saudi West,Saudi Arabia,Jeddah,2022-02-12,Active
662,Customer 0662,Consumer,Hospitality,3,Saudi Central,Saudi Arabia,Riyadh,2023-03-13,Dormant
663,Customer 0663,Enterprise,Retail,4,Saudi West,Saudi Arabia,Jeddah,2024-04-14,Dormant
664,Customer 0664,Mid-Market,Hospitality,10,India South,India,Bengaluru,2017-05-15,Active
665,Customer 0665,Small Business,Construction,3,Saudi Central,Saudi Arabia,Riyadh,2018-06-16,Active
666,Customer 0666,Mid-Market,Healthcare,1,UAE North,UAE,Dubai,2019-07-17,Active
667,Customer 0667,Small Business,Construction,3,Saudi Central,Saudi Arabia,Riyadh,2020-08-18,Active
668,Customer 0668,Consumer,Retail,8,Oman,Oman,Muscat,2021-09-19,Dormant
669,Customer 0669,Consumer,Technology,6,Kuwait,Kuwait,Kuwait City,2022-10-20,Active
670,Customer 0670,Consumer,Technology,8,Oman,Oman,Muscat,2023-11-21,Dormant
671,Customer 0671,Small Business,Construction,4,Saudi West,Saudi Arabia,Jeddah,2024-12-22,Active
672,Customer 0672,Mid-Market,Healthcare,8,Oman,Oman,Muscat,2017-01-23,Active
673,Customer 0673,Mid-Market,Technology,9,India West,India,Mumbai,2018-02-24,Active
674,Customer 0674,Mid-Market,Retail,9,India West,India,Mumbai,2019-03-25,Dormant
675,Customer 0675,Consumer,Construction,3,Saudi Central,Saudi Arabia,Riyadh,2020-04-01,Active
676,Customer 0676,Consumer,Financial Services,6,Kuwait,Kuwait,Kuwait City,2021-05-02,Active
677,Customer 0677,Small Business,Healthcare,9,India West,India,Mumbai,2022-06-03,Active
678,Customer 0678,Small Business,Construction,6,Kuwait,Kuwait,Kuwait City,2023-07-04,Active
679,Customer 0679,Small Business,Hospitality,2,UAE South,UAE,Abu Dhabi,2024-08-05,Active
680,Customer 0680,Mid-Market,Retail,3,Saudi Central,Saudi Arabia,Riyadh,2017-09-06,Active
681,Customer 0681,Small Business,Hospitality,2,UAE South,UAE,Abu Dhabi,2018-10-07,Active
682,Customer 0682,Small Business,Financial Services,10,India South,India,Bengaluru,2019-11-08,Dormant
683,Customer 0683,Small Business,Technology,9,India West,India,Mumbai,2020-12-09,Active
684,Customer 0684,Mid-Market,Hospitality,6,Kuwait,Kuwait,Kuwait City,2021-01-10,Active
685,Customer 0685,Small Business,Hospitality,4,Saudi West,Saudi Arabia,Jeddah,2022-02-11,Dormant
686,Customer 0686,Mid-Market,Financial Services,1,UAE North,UAE,Dubai,2023-03-12,Active
687,Customer 0687,Consumer,Technology,1,UAE North,UAE,Dubai,2024-04-13,Active
688,Customer 0688,Consumer,Hospitality,2,UAE South,UAE,Abu Dhabi,2017-05-14,Active
689,Customer 0689,Enterprise,Education,9,India West,India,Mumbai,2018-06-15,Dormant
690,Customer 0690,Mid-Market,Education,4,Saudi West,Saudi Arabia,Jeddah,2019-07-16,Active
691,Customer 0691,Consumer,Financial Services,9,India West,India,Mumbai,2020-08-17,Active
692,Customer 0692,Mid-Market,Government,10,India South,India,Bengaluru,2021-09-18,Dormant
693,Customer 0693,Mid-Market,Healthcare,2,UAE South,UAE,Abu Dhabi,2022-10-19,Dormant
694,Customer 0694,Mid-Market,Healthcare,9,India West,India,Mumbai,2023-11-20,Dormant
695,Customer 0695,Consumer,Construction,6,Kuwait,Kuwait,Kuwait City,2024-12-21,Active
696,Customer 0696,Consumer,Financial Services,7,Bahrain,Bahrain,Manama,2017-01-22,Active
697,Customer 0697,Mid-Market,Education,10,India South,India,Bengaluru,2018-02-23,Dormant
698,Customer 0698,Consumer,Technology,9,India West,India,Mumbai,2019-03-24,Active
699,Customer 0699,Small Business,Financial Services,8,Oman,Oman,Muscat,2020-04-25,Active
700,Customer 0700,Consumer,Retail,1,UAE North,UAE,Dubai,2021-05-01,Active
701,Customer 0701,Enterprise,Education,5,Qatar,Qatar,Doha,2022-06-02,Active
702,Customer 0702,Enterprise,Technology,6,Kuwait,Kuwait,Kuwait City,2023-07-03,Active
703,Customer 0703,Enterprise,Construction,2,UAE South,UAE,Abu Dhabi,2024-08-04,Active
704,Customer 0704,Mid-Market,Education,3,Saudi Central,Saudi Arabia,Riyadh,2017-09-05,Active
705,Customer 0705,Consumer,Hospitality,5,Qatar,Qatar,Doha,2018-10-06,Dormant
706,Customer 0706,Consumer,Hospitality,10,India South,India,Bengaluru,2019-11-07,Active
707,Customer 0707,Mid-Market,Hospitality,8,Oman,Oman,Muscat,2020-12-08,Active
708,Customer 0708,Consumer,Financial Services,1,UAE North,UAE,Dubai,2021-01-09,Active
709,Customer 0709,Consumer,Construction,1,UAE North,UAE,Dubai,2022-02-10,Active
710,Customer 0710,Small Business,Hospitality,7,Bahrain,Bahrain,Manama,2023-03-11,Active
711,Customer 0711,Consumer,Financial Services,10,India South,India,Bengaluru,2024-04-12,Active
712,Customer 0712,Small Business,Construction,5,Qatar,Qatar,Doha,2017-05-13,Active
713,Customer 0713,Small Business,Education,6,Kuwait,Kuwait,Kuwait City,2018-06-14,Active
714,Customer 0714,Small Business,Financial Services,1,UAE North,UAE,Dubai,2019-07-15,Dormant
715,Customer 0715,Small Business,Hospitality,10,India South,India,Bengaluru,2020-08-16,Active
716,Customer 0716,Mid-Market,Financial Services,7,Bahrain,Bahrain,Manama,2021-09-17,Active
717,Customer 0717,Mid-Market,Government,3,Saudi Central,Saudi Arabia,Riyadh,2022-10-18,Active
718,Customer 0718,Small Business,Hospitality,9,India West,India,Mumbai,2023-11-19,Dormant
719,Customer 0719,Small Business,Healthcare,9,India West,India,Mumbai,2024-12-20,Active
720,Customer 0720,Small Business,Government,8,Oman,Oman,Muscat,2017-01-21,Dormant
721,Customer 0721,Mid-Market,Education,10,India South,India,Bengaluru,2018-02-22,Active
722,Customer 0722,Mid-Market,Financial Services,2,UAE South,UAE,Abu Dhabi,2019-03-23,Active
723,Customer 0723,Enterprise,Financial Services,10,India South,India,Bengaluru,2020-04-24,Dormant
724,Customer 0724,Mid-Market,Construction,6,Kuwait,Kuwait,Kuwait City,2021-05-25,Active
725,Customer 0725,Small Business,Technology,10,India South,India,Bengaluru,2022-06-01,Active
726,Customer 0726,Small Business,Government,6,Kuwait,Kuwait,Kuwait City,2023-07-02,Active
727,Customer 0727,Enterprise,Education,8,Oman,Oman,Muscat,2024-08-03,Active
728,Customer 0728,Mid-Market,Hospitality,6,Kuwait,Kuwait,Kuwait City,2017-09-04,Active
729,Customer 0729,Mid-Market,Healthcare,1,UAE North,UAE,Dubai,2018-10-05,Active
730,Customer 0730,Mid-Market,Hospitality,1,UAE North,UAE,Dubai,2019-11-06,Active
731,Customer 0731,Small Business,Construction,8,Oman,Oman,Muscat,2020-12-07,Active
732,Customer 0732,Mid-Market,Technology,9,India West,India,Mumbai,2021-01-08,Dormant
733,Customer 0733,Consumer,Healthcare,10,India South,India,Bengaluru,2022-02-09,Active
734,Customer 0734,Small Business,Retail,7,Bahrain,Bahrain,Manama,2023-03-10,Active
735,Customer 0735,Enterprise,Education,3,Saudi Central,Saudi Arabia,Riyadh,2024-04-11,Active
736,Customer 0736,Small Business,Retail,1,UAE North,UAE,Dubai,2017-05-12,Active
737,Customer 0737,Small Business,Construction,7,Bahrain,Bahrain,Manama,2018-06-13,Active
738,Customer 0738,Mid-Market,Financial Services,1,UAE North,UAE,Dubai,2019-07-14,Active
739,Customer 0739,Small Business,Hospitality,7,Bahrain,Bahrain,Manama,2020-08-15,Active
740,Customer 0740,Consumer,Hospitality,8,Oman,Oman,Muscat,2021-09-16,Active
741,Customer 0741,Small Business,Government,4,Saudi West,Saudi Arabia,Jeddah,2022-10-17,Active
742,Customer 0742,Mid-Market,Technology,1,UAE North,UAE,Dubai,2023-11-18,Active
743,Customer 0743,Small Business,Healthcare,8,Oman,Oman,Muscat,2024-12-19,Active
744,Customer 0744,Small Business,Construction,6,Kuwait,Kuwait,Kuwait City,2017-01-20,Active
745,Customer 0745,Consumer,Technology,4,Saudi West,Saudi Arabia,Jeddah,2018-02-21,Active
746,Customer 0746,Consumer,Retail,5,Qatar,Qatar,Doha,2019-03-22,Active
747,Customer 0747,Mid-Market,Financial Services,4,Saudi West,Saudi Arabia,Jeddah,2020-04-23,Active
748,Customer 0748,Consumer,Education,2,UAE South,UAE,Abu Dhabi,2021-05-24,Dormant
749,Customer 0749,Small Business,Financial Services,4,Saudi West,Saudi Arabia,Jeddah,2022-06-25,Active
750,Customer 0750,Mid-Market,Healthcare,10,India South,India,Bengaluru,2023-07-01,Active
751,Customer 0751,Small Business,Education,3,Saudi Central,Saudi Arabia,Riyadh,2024-08-02,Active
752,Customer 0752,Small Business,Healthcare,5,Qatar,Qatar,Doha,2017-09-03,Dormant
753,Customer 0753,Small Business,Healthcare,3,Saudi Central,Saudi Arabia,Riyadh,2018-10-04,Active
754,Customer 0754,Small Business,Hospitality,2,UAE South,UAE,Abu Dhabi,2019-11-05,Active
755,Customer 0755,Consumer,Healthcare,6,Kuwait,Kuwait,Kuwait City,2020-12-06,Active
756,Customer 0756,Consumer,Financial Services,6,Kuwait,Kuwait,Kuwait City,2021-01-07,Dormant
757,Customer 0757,Small Business,Technology,5,Qatar,Qatar,Doha,2022-02-08,Active
758,Customer 0758,Enterprise,Healthcare,4,Saudi West,Saudi Arabia,Jeddah,2023-03-09,Active
759,Customer 0759,Small Business,Education,10,India South,India,Bengaluru,2024-04-10,Active
760,Customer 0760,Small Business,Construction,4,Saudi West,Saudi Arabia,Jeddah,2017-05-11,Active
761,Customer 0761,Mid-Market,Government,8,Oman,Oman,Muscat,2018-06-12,Active
762,Customer 0762,Consumer,Government,3,Saudi Central,Saudi Arabia,Riyadh,2019-07-13,Dormant
763,Customer 0763,Mid-Market,Education,3,Saudi Central,Saudi Arabia,Riyadh,2020-08-14,Active
764,Customer 0764,Consumer,Retail,7,Bahrain,Bahrain,Manama,2021-09-15,Active
765,Customer 0765,Mid-Market,Education,7,Bahrain,Bahrain,Manama,2022-10-16,Active
766,Customer 0766,Mid-Market,Government,2,UAE South,UAE,Abu Dhabi,2023-11-17,Dormant
767,Customer 0767,Consumer,Education,6,Kuwait,Kuwait,Kuwait City,2024-12-18,Dormant
768,Customer 0768,Consumer,Financial Services,7,Bahrain,Bahrain,Manama,2017-01-19,Active
769,Customer 0769,Small Business,Retail,7,Bahrain,Bahrain,Manama,2018-02-20,Active
770,Customer 0770,Small Business,Retail,8,Oman,Oman,Muscat,2019-03-21,Active
771,Customer 0771,Small Business,Retail,9,India West,India,Mumbai,2020-04-22,Dormant
772,Customer 0772,Consumer,Retail,9,India West,India,Mumbai,2021-05-23,Active
773,Customer 0773,Small Business,Technology,5,Qatar,Qatar,Doha,2022-06-24,Active
774,Customer 0774,Mid-Market,Technology,8,Oman,Oman,Muscat,2023-07-25,Active
775,Customer 0775,Consumer,Government,9,India West,India,Mumbai,2024-08-01,Dormant
776,Customer 0776,Consumer,Hospitality,2,UAE South,UAE,Abu Dhabi,2017-09-02,Active
777,Customer 0777,Consumer,Healthcare,10,India South,India,Bengaluru,2018-10-03,Dormant
778,Customer 0778,Mid-Market,Retail,7,Bahrain,Bahrain,Manama,2019-11-04,Active
779,Customer 0779,Small Business,Education,8,Oman,Oman,Muscat,2020-12-05,Dormant
780,Customer 0780,Mid-Market,Healthcare,2,UAE South,UAE,Abu Dhabi,2021-01-06,Active
781,Customer 0781,Enterprise,Government,2,UAE South,UAE,Abu Dhabi,2022-02-07,Active
782,Customer 0782,Small Business,Financial Services,2,UAE South,UAE,Abu Dhabi,2023-03-08,Active
783,Customer 0783,Small Business,Retail,7,Bahrain,Bahrain,Manama,2024-04-09,Active
784,Customer 0784,Small Business,Healthcare,6,Kuwait,Kuwait,Kuwait City,2017-05-10,Active
785,Customer 0785,Mid-Market,Retail,3,Saudi Central,Saudi Arabia,Riyadh,2018-06-11,Dormant
786,Customer 0786,Mid-Market,Government,5,Qatar,Qatar,Doha,2019-07-12,Active
787,Customer 0787,Enterprise,Healthcare,3,Saudi Central,Saudi Arabia,Riyadh,2020-08-13,Active
788,Customer 0788,Small Business,Technology,1,UAE North,UAE,Dubai,2021-09-14,Active
789,Customer 0789,Small Business,Government,8,Oman,Oman,Muscat,2022-10-15,Active
790,Customer 0790,Consumer,Education,10,India South,India,Bengaluru,2023-11-16,Active
791,Customer 0791,Small Business,Government,10,India South,India,Bengaluru,2024-12-17,Dormant
792,Customer 0792,Enterprise,Retail,8,Oman,Oman,Muscat,2017-01-18,Active
793,Customer 0793,Mid-Market,Education,9,India West,India,Mumbai,2018-02-19,Active
794,Customer 0794,Mid-Market,Construction,3,Saudi Central,Saudi Arabia,Riyadh,2019-03-20,Active
795,Customer 0795,Consumer,Technology,3,Saudi Central,Saudi Arabia,Riyadh,2020-04-21,Active
796,Customer 0796,Enterprise,Financial Services,2,UAE South,UAE,Abu Dhabi,2021-05-22,Active
797,Customer 0797,Small Business,Healthcare,3,Saudi Central,Saudi Arabia,Riyadh,2022-06-23,Dormant
798,Customer 0798,Mid-Market,Retail,10,India South,India,Bengaluru,2023-07-24,Active
799,Customer 0799,Mid-Market,Financial Services,5,Qatar,Qatar,Doha,2024-08-25,Active
800,Customer 0800,Consumer,Hospitality,7,Bahrain,Bahrain,Manama,2017-09-01,Active
801,Customer 0801,Mid-Market,Technology,8,Oman,Oman,Muscat,2018-10-02,Active
802,Customer 0802,Small Business,Education,9,India West,India,Mumbai,2019-11-03,Active
803,Customer 0803,Enterprise,Hospitality,10,India South,India,Bengaluru,2020-12-04,Dormant
804,Customer 0804,Consumer,Technology,10,India South,India,Bengaluru,2021-01-05,Dormant
805,Customer 0805,Consumer,Technology,10,India South,India,Bengaluru,2022-02-06,Active
806,Customer 0806,Small Business,Government,3,Saudi Central,Saudi Arabia,Riyadh,2023-03-07,Dormant
807,Customer 0807,Consumer,Education,8,Oman,Oman,Muscat,2024-04-08,Active
808,Customer 0808,Enterprise,Retail,4,Saudi West,Saudi Arabia,Jeddah,2017-05-09,Dormant
809,Customer 0809,Consumer,Education,2,UAE South,UAE,Abu Dhabi,2018-06-10,Dormant
810,Customer 0810,Enterprise,Construction,7,Bahrain,Bahrain,Manama,2019-07-11,Active
811,Customer 0811,Small Business,Technology,1,UAE North,UAE,Dubai,2020-08-12,Active
812,Customer 0812,Mid-Market,Construction,2,UAE South,UAE,Abu Dhabi,2021-09-13,Active
813,Customer 0813,Small Business,Construction,2,UAE South,UAE,Abu Dhabi,2022-10-14,Dormant
814,Customer 0814,Small Business,Retail,10,India South,India,Bengaluru,2023-11-15,Active
815,Customer 0815,Mid-Market,Construction,4,Saudi West,Saudi Arabia,Jeddah,2024-12-16,Dormant
816,Customer 0816,Consumer,Healthcare,8,Oman,Oman,Muscat,2017-01-17,Dormant
817,Customer 0817,Small Business,Construction,3,Saudi Central,Saudi Arabia,Riyadh,2018-02-18,Dormant
818,Customer 0818,Consumer,Retail,7,Bahrain,Bahrain,Manama,2019-03-19,Active
819,Customer 0819,Consumer,Construction,10,India South,India,Bengaluru,2020-04-20,Active
820,Customer 0820,Small Business,Construction,4,Saudi West,Saudi Arabia,Jeddah,2021-05-21,Active
821,Customer 0821,Consumer,Technology,2,UAE South,UAE,Abu Dhabi,2022-06-22,Active
822,Customer 0822,Consumer,Healthcare,6,Kuwait,Kuwait,Kuwait City,2023-07-23,Dormant
823,Customer 0823,Small Business,Technology,3,Saudi Central,Saudi Arabia,Riyadh,2024-08-24,Active
824,Customer 0824,Mid-Market,Hospitality,1,UAE North,UAE,Dubai,2017-09-25,Dormant
825,Customer 0825,Small Business,Technology,4,Saudi West,Saudi Arabia,Jeddah,2018-10-01,Active
826,Customer 0826,Mid-Market,Hospitality,9,India West,India,Mumbai,2019-11-02,Active
827,Customer 0827,Consumer,Hospitality,1,UAE North,UAE,Dubai,2020-12-03,Dormant
828,Customer 0828,Enterprise,Government,9,India West,India,Mumbai,2021-01-04,Active
829,Customer 0829,Mid-Market,Government,4,Saudi West,Saudi Arabia,Jeddah,2022-02-05,Active
830,Customer 0830,Mid-Market,Hospitality,6,Kuwait,Kuwait,Kuwait City,2023-03-06,Active
831,Customer 0831,Consumer,Government,4,Saudi West,Saudi Arabia,Jeddah,2024-04-07,Dormant
832,Customer 0832,Enterprise,Technology,9,India West,India,Mumbai,2017-05-08,Active
833,Customer 0833,Consumer,Construction,10,India South,India,Bengaluru,2018-06-09,Dormant
834,Customer 0834,Enterprise,Technology,1,UAE North,UAE,Dubai,2019-07-10,Active
835,Customer 0835,Consumer,Education,10,India South,India,Bengaluru,2020-08-11,Active
836,Customer 0836,Mid-Market,Technology,4,Saudi West,Saudi Arabia,Jeddah,2021-09-12,Active
837,Customer 0837,Small Business,Technology,8,Oman,Oman,Muscat,2022-10-13,Active
838,Customer 0838,Mid-Market,Retail,3,Saudi Central,Saudi Arabia,Riyadh,2023-11-14,Active
839,Customer 0839,Small Business,Construction,4,Saudi West,Saudi Arabia,Jeddah,2024-12-15,Active
840,Customer 0840,Consumer,Technology,3,Saudi Central,Saudi Arabia,Riyadh,2017-01-16,Active
841,Customer 0841,Enterprise,Construction,3,Saudi Central,Saudi Arabia,Riyadh,2018-02-17,Dormant
842,Customer 0842,Mid-Market,Government,1,UAE North,UAE,Dubai,2019-03-18,Active
843,Customer 0843,Small Business,Hospitality,2,UAE South,UAE,Abu Dhabi,2020-04-19,Dormant
844,Customer 0844,Mid-Market,Government,7,Bahrain,Bahrain,Manama,2021-05-20,Active
845,Customer 0845,Mid-Market,Education,5,Qatar,Qatar,Doha,2022-06-21,Active
846,Customer 0846,Small Business,Hospitality,8,Oman,Oman,Muscat,2023-07-22,Dormant
847,Customer 0847,Small Business,Government,2,UAE South,UAE,Abu Dhabi,2024-08-23,Dormant
848,Customer 0848,Consumer,Healthcare,4,Saudi West,Saudi Arabia,Jeddah,2017-09-24,Active
849,Customer 0849,Small Business,Construction,6,Kuwait,Kuwait,Kuwait City,2018-10-25,Active
850,Customer 0850,Small Business,Hospitality,8,Oman,Oman,Muscat,2019-11-01,Dormant
851,Customer 0851,Mid-Market,Government,2,UAE South,UAE,Abu Dhabi,2020-12-02,Active
852,Customer 0852,Consumer,Healthcare,5,Qatar,Qatar,Doha,2021-01-03,Active
853,Customer 0853,Consumer,Hospitality,7,Bahrain,Bahrain,Manama,2022-02-04,Active
854,Customer 0854,Small Business,Technology,9,India West,India,Mumbai,2023-03-05,Dormant
855,Customer 0855,Small Business,Education,7,Bahrain,Bahrain,Manama,2024-04-06,Active
856,Customer 0856,Mid-Market,Government,9,India West,India,Mumbai,2017-05-07,Dormant
857,Customer 0857,Mid-Market,Financial Services,2,UAE South,UAE,Abu Dhabi,2018-06-08,Dormant
858,Customer 0858,Consumer,Education,10,India South,India,Bengaluru,2019-07-09,Active
859,Customer 0859,Consumer,Government,2,UAE South,UAE,Abu Dhabi,2020-08-10,Active
860,Customer 0860,Small Business,Construction,10,India South,India,Bengaluru,2021-09-11,Active
861,Customer 0861,Mid-Market,Financial Services,8,Oman,Oman,Muscat,2022-10-12,Active
862,Customer 0862,Enterprise,Financial Services,10,India South,India,Bengaluru,2023-11-13,Active
863,Customer 0863,Small Business,Retail,8,Oman,Oman,Muscat,2024-12-14,Active
864,Customer 0864,Consumer,Retail,4,Saudi West,Saudi Arabia,Jeddah,2017-01-15,Active
865,Customer 0865,Small Business,Technology,3,Saudi Central,Saudi Arabia,Riyadh,2018-02-16,Dormant
866,Customer 0866,Small Business,Education,10,India South,India,Bengaluru,2019-03-17,Active
867,Customer 0867,Mid-Market,Technology,6,Kuwait,Kuwait,Kuwait City,2020-04-18,Dormant
868,Customer 0868,Consumer,Retail,6,Kuwait,Kuwait,Kuwait City,2021-05-19,Dormant
869,Customer 0869,Consumer,Retail,3,Saudi Central,Saudi Arabia,Riyadh,2022-06-20,Active
870,Customer 0870,Consumer,Retail,9,India West,India,Mumbai,2023-07-21,Active
871,Customer 0871,Consumer,Retail,2,UAE South,UAE,Abu Dhabi,2024-08-22,Active
872,Customer 0872,Consumer,Financial Services,7,Bahrain,Bahrain,Manama,2017-09-23,Active
873,Customer 0873,Small Business,Financial Services,7,Bahrain,Bahrain,Manama,2018-10-24,Active
874,Customer 0874,Small Business,Education,3,Saudi Central,Saudi Arabia,Riyadh,2019-11-25,Dormant
875,Customer 0875,Consumer,Healthcare,6,Kuwait,Kuwait,Kuwait City,2020-12-01,Active
876,Customer 0876,Mid-Market,Hospitality,3,Saudi Central,Saudi Arabia,Riyadh,2021-01-02,Active
877,Customer 0877,Consumer,Government,3,Saudi Central,Saudi Arabia,Riyadh,2022-02-03,Dormant
878,Customer 0878,Enterprise,Financial Services,3,Saudi Central,Saudi Arabia,Riyadh,2023-03-04,Dormant
879,Customer 0879,Consumer,Healthcare,10,India South,India,Bengaluru,2024-04-05,Dormant
880,Customer 0880,Small Business,Government,9,India West,India,Mumbai,2017-05-06,Dormant
881,Customer 0881,Mid-Market,Financial Services,6,Kuwait,Kuwait,Kuwait City,2018-06-07,Active
882,Customer 0882,Small Business,Education,10,India South,India,Bengaluru,2019-07-08,Active
883,Customer 0883,Consumer,Construction,7,Bahrain,Bahrain,Manama,2020-08-09,Active
884,Customer 0884,Small Business,Construction,1,UAE North,UAE,Dubai,2021-09-10,Active
885,Customer 0885,Small Business,Hospitality,10,India South,India,Bengaluru,2022-10-11,Active
886,Customer 0886,Consumer,Technology,9,India West,India,Mumbai,2023-11-12,Dormant
887,Customer 0887,Enterprise,Hospitality,9,India West,India,Mumbai,2024-12-13,Active
888,Customer 0888,Small Business,Hospitality,8,Oman,Oman,Muscat,2017-01-14,Active
889,Customer 0889,Enterprise,Construction,10,India South,India,Bengaluru,2018-02-15,Active
890,Customer 0890,Small Business,Government,8,Oman,Oman,Muscat,2019-03-16,Active
891,Customer 0891,Mid-Market,Technology,7,Bahrain,Bahrain,Manama,2020-04-17,Active
892,Customer 0892,Enterprise,Technology,3,Saudi Central,Saudi Arabia,Riyadh,2021-05-18,Active
893,Customer 0893,Small Business,Healthcare,1,UAE North,UAE,Dubai,2022-06-19,Active
894,Customer 0894,Consumer,Retail,5,Qatar,Qatar,Doha,2023-07-20,Active
895,Customer 0895,Enterprise,Hospitality,8,Oman,Oman,Muscat,2024-08-21,Active
896,Customer 0896,Mid-Market,Technology,5,Qatar,Qatar,Doha,2017-09-22,Active
897,Customer 0897,Enterprise,Hospitality,5,Qatar,Qatar,Doha,2018-10-23,Active
898,Customer 0898,Consumer,Government,10,India South,India,Bengaluru,2019-11-24,Active
899,Customer 0899,Mid-Market,Education,3,Saudi Central,Saudi Arabia,Riyadh,2020-12-25,Dormant
900,Customer 0900,Consumer,Retail,3,Saudi Central,Saudi Arabia,Riyadh,2021-01-01,Active
901,Customer 0901,Consumer,Healthcare,2,UAE South,UAE,Abu Dhabi,2022-02-02,Dormant
902,Customer 0902,Consumer,Education,7,Bahrain,Bahrain,Manama,2023-03-03,Dormant
903,Customer 0903,Mid-Market,Construction,3,Saudi Central,Saudi Arabia,Riyadh,2024-04-04,Active
904,Customer 0904,Consumer,Hospitality,5,Qatar,Qatar,Doha,2017-05-05,Active
905,Customer 0905,Small Business,Government,3,Saudi Central,Saudi Arabia,Riyadh,2018-06-06,Active
906,Customer 0906,Consumer,Education,8,Oman,Oman,Muscat,2019-07-07,Dormant
907,Customer 0907,Small Business,Healthcare,7,Bahrain,Bahrain,Manama,2020-08-08,Dormant
908,Customer 0908,Mid-Market,Government,1,UAE North,UAE,Dubai,2021-09-09,Dormant
909,Customer 0909,Consumer,Retail,6,Kuwait,Kuwait,Kuwait City,2022-10-10,Active
910,Customer 0910,Small Business,Financial Services,9,India West,India,Mumbai,2023-11-11,Active
911,Customer 0911,Mid-Market,Hospitality,6,Kuwait,Kuwait,Kuwait City,2024-12-12,Active
912,Customer 0912,Small Business,Education,10,India South,India,Bengaluru,2017-01-13,Active
913,Customer 0913,Mid-Market,Healthcare,9,India West,India,Mumbai,2018-02-14,Active
914,Customer 0914,Enterprise,Retail,9,India West,India,Mumbai,2019-03-15,Active
915,Customer 0915,Small Business,Hospitality,1,UAE North,UAE,Dubai,2020-04-16,Dormant
916,Customer 0916,Mid-Market,Technology,6,Kuwait,Kuwait,Kuwait City,2021-05-17,Active
917,Customer 0917,Enterprise,Hospitality,4,Saudi West,Saudi Arabia,Jeddah,2022-06-18,Active
918,Customer 0918,Small Business,Education,10,India South,India,Bengaluru,2023-07-19,Active
919,Customer 0919,Enterprise,Healthcare,2,UAE South,UAE,Abu Dhabi,2024-08-20,Dormant
920,Customer 0920,Consumer,Healthcare,10,India South,India,Bengaluru,2017-09-21,Active
921,Customer 0921,Mid-Market,Government,3,Saudi Central,Saudi Arabia,Riyadh,2018-10-22,Active
922,Customer 0922,Consumer,Technology,8,Oman,Oman,Muscat,2019-11-23,Dormant
923,Customer 0923,Mid-Market,Hospitality,6,Kuwait,Kuwait,Kuwait City,2020-12-24,Active
924,Customer 0924,Small Business,Construction,1,UAE North,UAE,Dubai,2021-01-25,Active
925,Customer 0925,Consumer,Technology,5,Qatar,Qatar,Doha,2022-02-01,Active
926,Customer 0926,Enterprise,Education,8,Oman,Oman,Muscat,2023-03-02,Dormant
927,Customer 0927,Small Business,Hospitality,3,Saudi Central,Saudi Arabia,Riyadh,2024-04-03,Active
928,Customer 0928,Consumer,Education,9,India West,India,Mumbai,2017-05-04,Active
929,Customer 0929,Consumer,Hospitality,8,Oman,Oman,Muscat,2018-06-05,Active
930,Customer 0930,Enterprise,Technology,2,UAE South,UAE,Abu Dhabi,2019-07-06,Dormant
931,Customer 0931,Consumer,Healthcare,1,UAE North,UAE,Dubai,2020-08-07,Active
932,Customer 0932,Small Business,Technology,1,UAE North,UAE,Dubai,2021-09-08,Active
933,Customer 0933,Consumer,Retail,6,Kuwait,Kuwait,Kuwait City,2022-10-09,Dormant
934,Customer 0934,Small Business,Hospitality,8,Oman,Oman,Muscat,2023-11-10,Active
935,Customer 0935,Small Business,Government,1,UAE North,UAE,Dubai,2024-12-11,Active
936,Customer 0936,Small Business,Construction,10,India South,India,Bengaluru,2017-01-12,Active
937,Customer 0937,Small Business,Hospitality,5,Qatar,Qatar,Doha,2018-02-13,Active
938,Customer 0938,Consumer,Construction,9,India West,India,Mumbai,2019-03-14,Active
939,Customer 0939,Consumer,Technology,8,Oman,Oman,Muscat,2020-04-15,Active
940,Customer 0940,Small Business,Financial Services,3,Saudi Central,Saudi Arabia,Riyadh,2021-05-16,Active
941,Customer 0941,Small Business,Hospitality,5,Qatar,Qatar,Doha,2022-06-17,Active
942,Customer 0942,Enterprise,Government,8,Oman,Oman,Muscat,2023-07-18,Active
943,Customer 0943,Enterprise,Retail,3,Saudi Central,Saudi Arabia,Riyadh,2024-08-19,Active
944,Customer 0944,Small Business,Technology,8,Oman,Oman,Muscat,2017-09-20,Dormant
945,Customer 0945,Consumer,Government,9,India West,India,Mumbai,2018-10-21,Active
946,Customer 0946,Mid-Market,Construction,1,UAE North,UAE,Dubai,2019-11-22,Active
947,Customer 0947,Enterprise,Government,7,Bahrain,Bahrain,Manama,2020-12-23,Active
948,Customer 0948,Mid-Market,Hospitality,10,India South,India,Bengaluru,2021-01-24,Active
949,Customer 0949,Small Business,Retail,3,Saudi Central,Saudi Arabia,Riyadh,2022-02-25,Dormant
950,Customer 0950,Enterprise,Healthcare,10,India South,India,Bengaluru,2023-03-01,Active
951,Customer 0951,Small Business,Technology,3,Saudi Central,Saudi Arabia,Riyadh,2024-04-02,Active
952,Customer 0952,Small Business,Hospitality,8,Oman,Oman,Muscat,2017-05-03,Active
953,Customer 0953,Small Business,Education,2,UAE South,UAE,Abu Dhabi,2018-06-04,Active
954,Customer 0954,Small Business,Financial Services,4,Saudi West,Saudi Arabia,Jeddah,2019-07-05,Active
955,Customer 0955,Consumer,Healthcare,2,UAE South,UAE,Abu Dhabi,2020-08-06,Active
956,Customer 0956,Consumer,Healthcare,4,Saudi West,Saudi Arabia,Jeddah,2021-09-07,Active
957,Customer 0957,Mid-Market,Healthcare,2,UAE South,UAE,Abu Dhabi,2022-10-08,Dormant
958,Customer 0958,Small Business,Healthcare,3,Saudi Central,Saudi Arabia,Riyadh,2023-11-09,Dormant
959,Customer 0959,Consumer,Retail,4,Saudi West,Saudi Arabia,Jeddah,2024-12-10,Active
960,Customer 0960,Consumer,Financial Services,2,UAE South,UAE,Abu Dhabi,2017-01-11,Active
961,Customer 0961,Consumer,Hospitality,1,UAE North,UAE,Dubai,2018-02-12,Active
962,Customer 0962,Mid-Market,Hospitality,1,UAE North,UAE,Dubai,2019-03-13,Active
963,Customer 0963,Small Business,Government,7,Bahrain,Bahrain,Manama,2020-04-14,Active
964,Customer 0964,Mid-Market,Technology,4,Saudi West,Saudi Arabia,Jeddah,2021-05-15,Dormant
965,Customer 0965,Mid-Market,Healthcare,7,Bahrain,Bahrain,Manama,2022-06-16,Active
966,Customer 0966,Mid-Market,Government,10,India South,India,Bengaluru,2023-07-17,Active
967,Customer 0967,Mid-Market,Retail,5,Qatar,Qatar,Doha,2024-08-18,Active
968,Customer 0968,Enterprise,Hospitality,4,Saudi West,Saudi Arabia,Jeddah,2017-09-19,Active
969,Customer 0969,Small Business,Government,9,India West,India,Mumbai,2018-10-20,Active
970,Customer 0970,Enterprise,Hospitality,5,Qatar,Qatar,Doha,2019-11-21,Active
971,Customer 0971,Small Business,Healthcare,8,Oman,Oman,Muscat,2020-12-22,Active
972,Customer 0972,Small Business,Technology,1,UAE North,UAE,Dubai,2021-01-23,Active
973,Customer 0973,Mid-Market,Government,7,Bahrain,Bahrain,Manama,2022-02-24,Active
974,Customer 0974,Consumer,Healthcare,2,UAE South,UAE,Abu Dhabi,2023-03-25,Active
975,Customer 0975,Small Business,Hospitality,1,UAE North,UAE,Dubai,2024-04-01,Active
976,Customer 0976,Consumer,Construction,4,Saudi West,Saudi Arabia,Jeddah,2017-05-02,Dormant
977,Customer 0977,Consumer,Construction,4,Saudi West,Saudi Arabia,Jeddah,2018-06-03,Active
978,Customer 0978,Mid-Market,Hospitality,2,UAE South,UAE,Abu Dhabi,2019-07-04,Active
979,Customer 0979,Consumer,Financial Services,7,Bahrain,Bahrain,Manama,2020-08-05,Active
980,Customer 0980,Small Business,Government,2,UAE South,UAE,Abu Dhabi,2021-09-06,Active
981,Customer 0981,Mid-Market,Government,7,Bahrain,Bahrain,Manama,2022-10-07,Active
982,Customer 0982,Small Business,Government,7,Bahrain,Bahrain,Manama,2023-11-08,Active
983,Customer 0983,Consumer,Education,6,Kuwait,Kuwait,Kuwait City,2024-12-09,Active
984,Customer 0984,Enterprise,Retail,3,Saudi Central,Saudi Arabia,Riyadh,2017-01-10,Active
985,Customer 0985,Enterprise,Government,3,Saudi Central,Saudi Arabia,Riyadh,2018-02-11,Dormant
986,Customer 0986,Mid-Market,Construction,7,Bahrain,Bahrain,Manama,2019-03-12,Active
987,Customer 0987,Small Business,Healthcare,5,Qatar,Qatar,Doha,2020-04-13,Active
988,Customer 0988,Small Business,Government,2,UAE South,UAE,Abu Dhabi,2021-05-14,Active
989,Customer 0989,Small Business,Government,10,India South,India,Bengaluru,2022-06-15,Active
990,Customer 0990,Consumer,Education,1,UAE North,UAE,Dubai,2023-07-16,Active
991,Customer 0991,Small Business,Education,6,Kuwait,Kuwait,Kuwait City,2024-08-17,Active
992,Customer 0992,Consumer,Financial Services,10,India South,India,Bengaluru,2017-09-18,Active
993,Customer 0993,Consumer,Retail,1,UAE North,UAE,Dubai,2018-10-19,Dormant
994,Customer 0994,Small Business,Hospitality,9,India West,India,Mumbai,2019-11-20,Dormant
995,Customer 0995,Mid-Market,Retail,8,Oman,Oman,Muscat,2020-12-21,Dormant
996,Customer 0996,Mid-Market,Technology,4,Saudi West,Saudi Arabia,Jeddah,2021-01-22,Active
997,Customer 0997,Enterprise,Technology,2,UAE South,UAE,Abu Dhabi,2022-02-23,Active
998,Customer 0998,Consumer,Retail,8,Oman,Oman,Muscat,2023-03-24,Dormant
999,Customer 0999,Consumer,Financial Services,8,Oman,Oman,Muscat,2024-04-25,Active
1000,Customer 1000,Small Business,Retail,6,Kuwait,Kuwait,Kuwait City,2017-05-01,Active
1001,Customer 1001,Consumer,Construction,7,Bahrain,Bahrain,Manama,2018-06-02,Active
1002,Customer 1002,Small Business,Technology,5,Qatar,Qatar,Doha,2019-07-03,Active
1003,Customer 1003,Small Business,Construction,2,UAE South,UAE,Abu Dhabi,2020-08-04,Active
1004,Customer 1004,Consumer,Construction,9,India West,India,Mumbai,2021-09-05,Active
1005,Customer 1005,Small Business,Government,2,UAE South,UAE,Abu Dhabi,2022-10-06,Active
1006,Customer 1006,Mid-Market,Hospitality,6,Kuwait,Kuwait,Kuwait City,2023-11-07,Active
1007,Customer 1007,Consumer,Education,3,Saudi Central,Saudi Arabia,Riyadh,2024-12-08,Active
1008,Customer 1008,Consumer,Education,8,Oman,Oman,Muscat,2017-01-09,Active
1009,Customer 1009,Mid-Market,Technology,6,Kuwait,Kuwait,Kuwait City,2018-02-10,Dormant
1010,Customer 1010,Enterprise,Construction,5,Qatar,Qatar,Doha,2019-03-11,Active
1011,Customer 1011,Small Business,Hospitality,8,Oman,Oman,Muscat,2020-04-12,Dormant
1012,Customer 1012,Small Business,Technology,9,India West,India,Mumbai,2021-05-13,Dormant
1013,Customer 1013,Mid-Market,Hospitality,10,India South,India,Bengaluru,2022-06-14,Active
1014,Customer 1014,Enterprise,Financial Services,8,Oman,Oman,Muscat,2023-07-15,Active
1015,Customer 1015,Consumer,Hospitality,5,Qatar,Qatar,Doha,2024-08-16,Active
1016,Customer 1016,Mid-Market,Healthcare,3,Saudi Central,Saudi Arabia,Riyadh,2017-09-17,Dormant
1017,Customer 1017,Consumer,Retail,3,Saudi Central,Saudi Arabia,Riyadh,2018-10-18,Active
1018,Customer 1018,Consumer,Healthcare,7,Bahrain,Bahrain,Manama,2019-11-19,Dormant
1019,Customer 1019,Small Business,Retail,6,Kuwait,Kuwait,Kuwait City,2020-12-20,Active
1020,Customer 1020,Enterprise,Education,4,Saudi West,Saudi Arabia,Jeddah,2021-01-21,Active
1021,Customer 1021,Small Business,Construction,7,Bahrain,Bahrain,Manama,2022-02-22,Dormant
1022,Customer 1022,Small Business,Government,10,India South,India,Bengaluru,2023-03-23,Dormant
1023,Customer 1023,Small Business,Technology,5,Qatar,Qatar,Doha,2024-04-24,Active
1024,Customer 1024,Mid-Market,Construction,5,Qatar,Qatar,Doha,2017-05-25,Active
1025,Customer 1025,Mid-Market,Technology,1,UAE North,UAE,Dubai,2018-06-01,Dormant
1026,Customer 1026,Small Business,Healthcare,3,Saudi Central,Saudi Arabia,Riyadh,2019-07-02,Active
1027,Customer 1027,Consumer,Healthcare,3,Saudi Central,Saudi Arabia,Riyadh,2020-08-03,Active
1028,Customer 1028,Enterprise,Construction,4,Saudi West,Saudi Arabia,Jeddah,2021-09-04,Active
1029,Customer 1029,Mid-Market,Healthcare,8,Oman,Oman,Muscat,2022-10-05,Active
1030,Customer 1030,Consumer,Construction,9,India West,India,Mumbai,2023-11-06,Active
1031,Customer 1031,Small Business,Healthcare,3,Saudi Central,Saudi Arabia,Riyadh,2024-12-07,Active
1032,Customer 1032,Consumer,Financial Services,2,UAE South,UAE,Abu Dhabi,2017-01-08,Dormant
1033,Customer 1033,Consumer,Construction,3,Saudi Central,Saudi Arabia,Riyadh,2018-02-09,Active
1034,Customer 1034,Consumer,Construction,1,UAE North,UAE,Dubai,2019-03-10,Active
1035,Customer 1035,Consumer,Healthcare,8,Oman,Oman,Muscat,2020-04-11,Dormant
1036,Customer 1036,Small Business,Government,6,Kuwait,Kuwait,Kuwait City,2021-05-12,Active
1037,Customer 1037,Small Business,Hospitality,3,Saudi Central,Saudi Arabia,Riyadh,2022-06-13,Active
1038,Customer 1038,Small Business,Education,1,UAE North,UAE,Dubai,2023-07-14,Dormant
1039,Customer 1039,Enterprise,Retail,6,Kuwait,Kuwait,Kuwait City,2024-08-15,Active
1040,Customer 1040,Small Business,Technology,10,India South,India,Bengaluru,2017-09-16,Active
1041,Customer 1041,Enterprise,Government,1,UAE North,UAE,Dubai,2018-10-17,Active
1042,Customer 1042,Small Business,Government,9,India West,India,Mumbai,2019-11-18,Active
1043,Customer 1043,Small Business,Retail,10,India South,India,Bengaluru,2020-12-19,Active
1044,Customer 1044,Mid-Market,Financial Services,7,Bahrain,Bahrain,Manama,2021-01-20,Active
1045,Customer 1045,Small Business,Technology,7,Bahrain,Bahrain,Manama,2022-02-21,Active
1046,Customer 1046,Mid-Market,Government,6,Kuwait,Kuwait,Kuwait City,2023-03-22,Active
1047,Customer 1047,Consumer,Government,4,Saudi West,Saudi Arabia,Jeddah,2024-04-23,Dormant
1048,Customer 1048,Mid-Market,Financial Services,8,Oman,Oman,Muscat,2017-05-24,Dormant
1049,Customer 1049,Consumer,Hospitality,3,Saudi Central,Saudi Arabia,Riyadh,2018-06-25,Active
1050,Customer 1050,Mid-Market,Construction,4,Saudi West,Saudi Arabia,Jeddah,2019-07-01,Active
1051,Customer 1051,Consumer,Hospitality,10,India South,India,Bengaluru,2020-08-02,Active
1052,Customer 1052,Small Business,Technology,7,Bahrain,Bahrain,Manama,2021-09-03,Dormant
1053,Customer 1053,Small Business,Healthcare,3,Saudi Central,Saudi Arabia,Riyadh,2022-10-04,Active
1054,Customer 1054,Consumer,Technology,3,Saudi Central,Saudi Arabia,Riyadh,2023-11-05,Dormant
1055,Customer 1055,Consumer,Technology,1,UAE North,UAE,Dubai,2024-12-06,Active
1056,Customer 1056,Small Business,Government,8,Oman,Oman,Muscat,2017-01-07,Active
1057,Customer 1057,Consumer,Healthcare,1,UAE North,UAE,Dubai,2018-02-08,Active
1058,Customer 1058,Consumer,Government,5,Qatar,Qatar,Doha,2019-03-09,Active
1059,Customer 1059,Small Business,Government,5,Qatar,Qatar,Doha,2020-04-10,Active
1060,Customer 1060,Enterprise,Technology,1,UAE North,UAE,Dubai,2021-05-11,Dormant
1061,Customer 1061,Small Business,Construction,2,UAE South,UAE,Abu Dhabi,2022-06-12,Dormant
1062,Customer 1062,Small Business,Technology,10,India South,India,Bengaluru,2023-07-13,Dormant
1063,Customer 1063,Small Business,Retail,2,UAE South,UAE,Abu Dhabi,2024-08-14,Active
1064,Customer 1064,Small Business,Healthcare,3,Saudi Central,Saudi Arabia,Riyadh,2017-09-15,Active
1065,Customer 1065,Consumer,Healthcare,8,Oman,Oman,Muscat,2018-10-16,Active
1066,Customer 1066,Enterprise,Construction,3,Saudi Central,Saudi Arabia,Riyadh,2019-11-17,Dormant
1067,Customer 1067,Enterprise,Technology,6,Kuwait,Kuwait,Kuwait City,2020-12-18,Active
1068,Customer 1068,Mid-Market,Healthcare,9,India West,India,Mumbai,2021-01-19,Active
1069,Customer 1069,Consumer,Construction,10,India South,India,Bengaluru,2022-02-20,Active
1070,Customer 1070,Mid-Market,Construction,5,Qatar,Qatar,Doha,2023-03-21,Active
1071,Customer 1071,Small Business,Healthcare,9,India West,India,Mumbai,2024-04-22,Active
1072,Customer 1072,Small Business,Construction,3,Saudi Central,Saudi Arabia,Riyadh,2017-05-23,Dormant
1073,Customer 1073,Mid-Market,Healthcare,7,Bahrain,Bahrain,Manama,2018-06-24,Active
1074,Customer 1074,Mid-Market,Education,4,Saudi West,Saudi Arabia,Jeddah,2019-07-25,Active
1075,Customer 1075,Small Business,Hospitality,9,India West,India,Mumbai,2020-08-01,Dormant
1076,Customer 1076,Consumer,Hospitality,8,Oman,Oman,Muscat,2021-09-02,Active
1077,Customer 1077,Small Business,Technology,1,UAE North,UAE,Dubai,2022-10-03,Active
1078,Customer 1078,Consumer,Construction,3,Saudi Central,Saudi Arabia,Riyadh,2023-11-04,Active
1079,Customer 1079,Enterprise,Hospitality,5,Qatar,Qatar,Doha,2024-12-05,Active
1080,Customer 1080,Consumer,Healthcare,3,Saudi Central,Saudi Arabia,Riyadh,2017-01-06,Active
1081,Customer 1081,Mid-Market,Healthcare,5,Qatar,Qatar,Doha,2018-02-07,Active
1082,Customer 1082,Small Business,Hospitality,7,Bahrain,Bahrain,Manama,2019-03-08,Active
1083,Customer 1083,Consumer,Financial Services,1,UAE North,UAE,Dubai,2020-04-09,Active
1084,Customer 1084,Enterprise,Retail,4,Saudi West,Saudi Arabia,Jeddah,2021-05-10,Dormant
1085,Customer 1085,Consumer,Retail,2,UAE South,UAE,Abu Dhabi,2022-06-11,Active
1086,Customer 1086,Small Business,Hospitality,5,Qatar,Qatar,Doha,2023-07-12,Active
1087,Customer 1087,Mid-Market,Education,10,India South,India,Bengaluru,2024-08-13,Active
1088,Customer 1088,Enterprise,Healthcare,6,Kuwait,Kuwait,Kuwait City,2017-09-14,Active
1089,Customer 1089,Mid-Market,Healthcare,10,India South,India,Bengaluru,2018-10-15,Active
1090,Customer 1090,Small Business,Hospitality,9,India West,India,Mumbai,2019-11-16,Active
1091,Customer 1091,Mid-Market,Education,9,India West,India,Mumbai,2020-12-17,Active
1092,Customer 1092,Consumer,Retail,3,Saudi Central,Saudi Arabia,Riyadh,2021-01-18,Active
1093,Customer 1093,Consumer,Government,4,Saudi West,Saudi Arabia,Jeddah,2022-02-19,Active
1094,Customer 1094,Mid-Market,Hospitality,10,India South,India,Bengaluru,2023-03-20,Active
1095,Customer 1095,Consumer,Financial Services,6,Kuwait,Kuwait,Kuwait City,2024-04-21,Active
1096,Customer 1096,Mid-Market,Hospitality,9,India West,India,Mumbai,2017-05-22,Active
1097,Customer 1097,Small Business,Healthcare,2,UAE South,UAE,Abu Dhabi,2018-06-23,Dormant
1098,Customer 1098,Consumer,Retail,6,Kuwait,Kuwait,Kuwait City,2019-07-24,Active
1099,Customer 1099,Small Business,Financial Services,6,Kuwait,Kuwait,Kuwait City,2020-08-25,Active
1100,Customer 1100,Small Business,Technology,8,Oman,Oman,Muscat,2021-09-01,Dormant
1101,Customer 1101,Small Business,Technology,4,Saudi West,Saudi Arabia,Jeddah,2022-10-02,Dormant
1102,Customer 1102,Consumer,Government,4,Saudi West,Saudi Arabia,Jeddah,2023-11-03,Active
1103,Customer 1103,Enterprise,Government,3,Saudi Central,Saudi Arabia,Riyadh,2024-12-04,Active
1104,Customer 1104,Small Business,Hospitality,7,Bahrain,Bahrain,Manama,2017-01-05,Active
1105,Customer 1105,Small Business,Hospitality,3,Saudi Central,Saudi Arabia,Riyadh,2018-02-06,Active
1106,Customer 1106,Mid-Market,Education,2,UAE South,UAE,Abu Dhabi,2019-03-07,Active
1107,Customer 1107,Small Business,Financial Services,4,Saudi West,Saudi Arabia,Jeddah,2020-04-08,Active
1108,Customer 1108,Consumer,Government,4,Saudi West,Saudi Arabia,Jeddah,2021-05-09,Active
1109,Customer 1109,Small Business,Financial Services,10,India South,India,Bengaluru,2022-06-10,Active
1110,Customer 1110,Small Business,Financial Services,8,Oman,Oman,Muscat,2023-07-11,Dormant
1111,Customer 1111,Mid-Market,Government,9,India West,India,Mumbai,2024-08-12,Active
1112,Customer 1112,Mid-Market,Government,2,UAE South,UAE,Abu Dhabi,2017-09-13,Active
1113,Customer 1113,Enterprise,Retail,3,Saudi Central,Saudi Arabia,Riyadh,2018-10-14,Active
1114,Customer 1114,Small Business,Healthcare,8,Oman,Oman,Muscat,2019-11-15,Dormant
1115,Customer 1115,Small Business,Healthcare,10,India South,India,Bengaluru,2020-12-16,Active
1116,Customer 1116,Small Business,Hospitality,10,India South,India,Bengaluru,2021-01-17,Dormant
1117,Customer 1117,Mid-Market,Government,8,Oman,Oman,Muscat,2022-02-18,Dormant
1118,Customer 1118,Mid-Market,Construction,9,India West,India,Mumbai,2023-03-19,Active
1119,Customer 1119,Consumer,Hospitality,1,UAE North,UAE,Dubai,2024-04-20,Dormant
1120,Customer 1120,Mid-Market,Financial Services,8,Oman,Oman,Muscat,2017-05-21,Dormant
1121,Customer 1121,Enterprise,Healthcare,8,Oman,Oman,Muscat,2018-06-22,Active
1122,Customer 1122,Small Business,Healthcare,3,Saudi Central,Saudi Arabia,Riyadh,2019-07-23,Active
1123,Customer 1123,Small Business,Hospitality,7,Bahrain,Bahrain,Manama,2020-08-24,Dormant
1124,Customer 1124,Small Business,Government,9,India West,India,Mumbai,2021-09-25,Dormant
1125,Customer 1125,Consumer,Retail,9,India West,India,Mumbai,2022-10-01,Dormant
1126,Customer 1126,Small Business,Financial Services,5,Qatar,Qatar,Doha,2023-11-02,Active
1127,Customer 1127,Mid-Market,Retail,5,Qatar,Qatar,Doha,2024-12-03,Active
1128,Customer 1128,Consumer,Construction,3,Saudi Central,Saudi Arabia,Riyadh,2017-01-04,Active
1129,Customer 1129,Small Business,Financial Services,6,Kuwait,Kuwait,Kuwait City,2018-02-05,Active
1130,Customer 1130,Small Business,Retail,6,Kuwait,Kuwait,Kuwait City,2019-03-06,Active
1131,Customer 1131,Mid-Market,Technology,4,Saudi West,Saudi Arabia,Jeddah,2020-04-07,Active
1132,Customer 1132,Consumer,Hospitality,2,UAE South,UAE,Abu Dhabi,2021-05-08,Active
1133,Customer 1133,Enterprise,Construction,3,Saudi Central,Saudi Arabia,Riyadh,2022-06-09,Active
1134,Customer 1134,Small Business,Financial Services,8,Oman,Oman,Muscat,2023-07-10,Dormant
1135,Customer 1135,Enterprise,Government,5,Qatar,Qatar,Doha,2024-08-11,Active
1136,Customer 1136,Small Business,Financial Services,6,Kuwait,Kuwait,Kuwait City,2017-09-12,Active
1137,Customer 1137,Enterprise,Government,10,India South,India,Bengaluru,2018-10-13,Active
1138,Customer 1138,Mid-Market,Construction,4,Saudi West,Saudi Arabia,Jeddah,2019-11-14,Active
1139,Customer 1139,Mid-Market,Financial Services,10,India South,India,Bengaluru,2020-12-15,Active
1140,Customer 1140,Small Business,Hospitality,8,Oman,Oman,Muscat,2021-01-16,Active
1141,Customer 1141,Mid-Market,Technology,5,Qatar,Qatar,Doha,2022-02-17,Dormant
1142,Customer 1142,Small Business,Hospitality,4,Saudi West,Saudi Arabia,Jeddah,2023-03-18,Active
1143,Customer 1143,Mid-Market,Hospitality,10,India South,India,Bengaluru,2024-04-19,Dormant
1144,Customer 1144,Mid-Market,Hospitality,7,Bahrain,Bahrain,Manama,2017-05-20,Active
1145,Customer 1145,Consumer,Financial Services,9,India West,India,Mumbai,2018-06-21,Active
1146,Customer 1146,Small Business,Technology,4,Saudi West,Saudi Arabia,Jeddah,2019-07-22,Dormant
1147,Customer 1147,Mid-Market,Retail,9,India West,India,Mumbai,2020-08-23,Active
1148,Customer 1148,Small Business,Government,10,India South,India,Bengaluru,2021-09-24,Active
1149,Customer 1149,Consumer,Financial Services,9,India West,India,Mumbai,2022-10-25,Active
1150,Customer 1150,Mid-Market,Government,9,India West,India,Mumbai,2023-11-01,Active
1151,Customer 1151,Mid-Market,Technology,4,Saudi West,Saudi Arabia,Jeddah,2024-12-02,Dormant
1152,Customer 1152,Mid-Market,Hospitality,7,Bahrain,Bahrain,Manama,2017-01-03,Active
1153,Customer 1153,Mid-Market,Technology,7,Bahrain,Bahrain,Manama,2018-02-04,Active
1154,Customer 1154,Small Business,Education,5,Qatar,Qatar,Doha,2019-03-05,Dormant
1155,Customer 1155,Enterprise,Education,4,Saudi West,Saudi Arabia,Jeddah,2020-04-06,Active
1156,Customer 1156,Consumer,Technology,4,Saudi West,Saudi Arabia,Jeddah,2021-05-07,Dormant
1157,Customer 1157,Small Business,Financial Services,8,Oman,Oman,Muscat,2022-06-08,Dormant
1158,Customer 1158,Mid-Market,Technology,1,UAE North,UAE,Dubai,2023-07-09,Active
1159,Customer 1159,Mid-Market,Technology,1,UAE North,UAE,Dubai,2024-08-10,Active
1160,Customer 1160,Consumer,Government,1,UAE North,UAE,Dubai,2017-09-11,Active
1161,Customer 1161,Consumer,Hospitality,1,UAE North,UAE,Dubai,2018-10-12,Active
1162,Customer 1162,Mid-Market,Hospitality,10,India South,India,Bengaluru,2019-11-13,Dormant
1163,Customer 1163,Small Business,Hospitality,6,Kuwait,Kuwait,Kuwait City,2020-12-14,Dormant
1164,Customer 1164,Mid-Market,Hospitality,3,Saudi Central,Saudi Arabia,Riyadh,2021-01-15,Active
1165,Customer 1165,Consumer,Education,8,Oman,Oman,Muscat,2022-02-16,Active
1166,Customer 1166,Mid-Market,Financial Services,6,Kuwait,Kuwait,Kuwait City,2023-03-17,Active
1167,Customer 1167,Mid-Market,Hospitality,7,Bahrain,Bahrain,Manama,2024-04-18,Active
1168,Customer 1168,Consumer,Government,4,Saudi West,Saudi Arabia,Jeddah,2017-05-19,Dormant
1169,Customer 1169,Consumer,Retail,5,Qatar,Qatar,Doha,2018-06-20,Dormant
1170,Customer 1170,Small Business,Hospitality,9,India West,India,Mumbai,2019-07-21,Active
1171,Customer 1171,Small Business,Education,9,India West,India,Mumbai,2020-08-22,Active
1172,Customer 1172,Mid-Market,Construction,3,Saudi Central,Saudi Arabia,Riyadh,2021-09-23,Active
1173,Customer 1173,Small Business,Retail,1,UAE North,UAE,Dubai,2022-10-24,Active
1174,Customer 1174,Mid-Market,Financial Services,4,Saudi West,Saudi Arabia,Jeddah,2023-11-25,Active
1175,Customer 1175,Consumer,Hospitality,6,Kuwait,Kuwait,Kuwait City,2024-12-01,Active
1176,Customer 1176,Small Business,Financial Services,8,Oman,Oman,Muscat,2017-01-02,Active
1177,Customer 1177,Enterprise,Education,5,Qatar,Qatar,Doha,2018-02-03,Active
1178,Customer 1178,Consumer,Healthcare,4,Saudi West,Saudi Arabia,Jeddah,2019-03-04,Dormant
1179,Customer 1179,Consumer,Financial Services,6,Kuwait,Kuwait,Kuwait City,2020-04-05,Active
1180,Customer 1180,Consumer,Government,5,Qatar,Qatar,Doha,2021-05-06,Dormant
1181,Customer 1181,Consumer,Construction,7,Bahrain,Bahrain,Manama,2022-06-07,Dormant
1182,Customer 1182,Consumer,Technology,2,UAE South,UAE,Abu Dhabi,2023-07-08,Active
1183,Customer 1183,Small Business,Construction,6,Kuwait,Kuwait,Kuwait City,2024-08-09,Dormant
1184,Customer 1184,Consumer,Healthcare,1,UAE North,UAE,Dubai,2017-09-10,Dormant
1185,Customer 1185,Enterprise,Education,3,Saudi Central,Saudi Arabia,Riyadh,2018-10-11,Active
1186,Customer 1186,Small Business,Hospitality,6,Kuwait,Kuwait,Kuwait City,2019-11-12,Active
1187,Customer 1187,Small Business,Healthcare,4,Saudi West,Saudi Arabia,Jeddah,2020-12-13,Dormant
1188,Customer 1188,Small Business,Healthcare,6,Kuwait,Kuwait,Kuwait City,2021-01-14,Active
1189,Customer 1189,Small Business,Construction,3,Saudi Central,Saudi Arabia,Riyadh,2022-02-15,Active
1190,Customer 1190,Enterprise,Construction,4,Saudi West,Saudi Arabia,Jeddah,2023-03-16,Active
1191,Customer 1191,Consumer,Education,7,Bahrain,Bahrain,Manama,2024-04-17,Active
1192,Customer 1192,Consumer,Education,1,UAE North,UAE,Dubai,2017-05-18,Active
1193,Customer 1193,Mid-Market,Healthcare,8,Oman,Oman,Muscat,2018-06-19,Active
1194,Customer 1194,Small Business,Technology,7,Bahrain,Bahrain,Manama,2019-07-20,Active
1195,Customer 1195,Consumer,Healthcare,2,UAE South,UAE,Abu Dhabi,2020-08-21,Active
1196,Customer 1196,Consumer,Financial Services,1,UAE North,UAE,Dubai,2021-09-22,Dormant
1197,Customer 1197,Enterprise,Education,8,Oman,Oman,Muscat,2022-10-23,Active
1198,Customer 1198,Mid-Market,Government,5,Qatar,Qatar,Doha,2023-11-24,Dormant
1199,Customer 1199,Small Business,Education,3,Saudi Central,Saudi Arabia,Riyadh,2024-12-25,Active
1200,Customer 1200,Consumer,Education,5,Qatar,Qatar,Doha,2017-01-01,Dormant
1201,Customer 1201,Small Business,Healthcare,3,Saudi Central,Saudi Arabia,Riyadh,2018-02-02,Active
1202,Customer 1202,Consumer,Education,5,Qatar,Qatar,Doha,2019-03-03,Dormant
1203,Customer 1203,Mid-Market,Government,4,Saudi West,Saudi Arabia,Jeddah,2020-04-04,Active
1204,Customer 1204,Small Business,Construction,1,UAE North,UAE,Dubai,2021-05-05,Dormant
1205,Customer 1205,Consumer,Financial Services,4,Saudi West,Saudi Arabia,Jeddah,2022-06-06,Active
1206,Customer 1206,Enterprise,Retail,2,UAE South,UAE,Abu Dhabi,2023-07-07,Active
1207,Customer 1207,Consumer,Government,6,Kuwait,Kuwait,Kuwait City,2024-08-08,Active
1208,Customer 1208,Consumer,Retail,10,India South,India,Bengaluru,2017-09-09,Active
1209,Customer 1209,Small Business,Financial Services,5,Qatar,Qatar,Doha,2018-10-10,Active
1210,Customer 1210,Small Business,Healthcare,7,Bahrain,Bahrain,Manama,2019-11-11,Active
1211,Customer 1211,Mid-Market,Healthcare,10,India South,India,Bengaluru,2020-12-12,Dormant
1212,Customer 1212,Consumer,Healthcare,6,Kuwait,Kuwait,Kuwait City,2021-01-13,Active
1213,Customer 1213,Consumer,Financial Services,6,Kuwait,Kuwait,Kuwait City,2022-02-14,Active
1214,Customer 1214,Enterprise,Retail,5,Qatar,Qatar,Doha,2023-03-15,Active
1215,Customer 1215,Consumer,Technology,8,Oman,Oman,Muscat,2024-04-16,Active
1216,Customer 1216,Mid-Market,Technology,7,Bahrain,Bahrain,Manama,2017-05-17,Active
1217,Customer 1217,Mid-Market,Healthcare,9,India West,India,Mumbai,2018-06-18,Active
1218,Customer 1218,Consumer,Healthcare,8,Oman,Oman,Muscat,2019-07-19,Dormant
1219,Customer 1219,Mid-Market,Retail,1,UAE North,UAE,Dubai,2020-08-20,Active
1220,Customer 1220,Enterprise,Technology,3,Saudi Central,Saudi Arabia,Riyadh,2021-09-21,Active
1221,Customer 1221,Small Business,Government,8,Oman,Oman,Muscat,2022-10-22,Active
1222,Customer 1222,Mid-Market,Government,8,Oman,Oman,Muscat,2023-11-23,Dormant
1223,Customer 1223,Enterprise,Healthcare,8,Oman,Oman,Muscat,2024-12-24,Active
1224,Customer 1224,Enterprise,Technology,6,Kuwait,Kuwait,Kuwait City,2017-01-25,Active
1225,Customer 1225,Consumer,Technology,3,Saudi Central,Saudi Arabia,Riyadh,2018-02-01,Active
1226,Customer 1226,Consumer,Retail,10,India South,India,Bengaluru,2019-03-02,Active
1227,Customer 1227,Consumer,Education,7,Bahrain,Bahrain,Manama,2020-04-03,Dormant
1228,Customer 1228,Consumer,Retail,2,UAE South,UAE,Abu Dhabi,2021-05-04,Active
1229,Customer 1229,Small Business,Hospitality,2,UAE South,UAE,Abu Dhabi,2022-06-05,Active
1230,Customer 1230,Enterprise,Government,3,Saudi Central,Saudi Arabia,Riyadh,2023-07-06,Dormant
1231,Customer 1231,Small Business,Technology,8,Oman,Oman,Muscat,2024-08-07,Active
1232,Customer 1232,Consumer,Government,6,Kuwait,Kuwait,Kuwait City,2017-09-08,Active
1233,Customer 1233,Mid-Market,Retail,10,India South,India,Bengaluru,2018-10-09,Active
1234,Customer 1234,Consumer,Hospitality,6,Kuwait,Kuwait,Kuwait City,2019-11-10,Dormant
1235,Customer 1235,Small Business,Healthcare,2,UAE South,UAE,Abu Dhabi,2020-12-11,Active
1236,Customer 1236,Enterprise,Education,7,Bahrain,Bahrain,Manama,2021-01-12,Active
1237,Customer 1237,Consumer,Technology,7,Bahrain,Bahrain,Manama,2022-02-13,Active
1238,Customer 1238,Mid-Market,Financial Services,2,UAE South,UAE,Abu Dhabi,2023-03-14,Active
1239,Customer 1239,Mid-Market,Hospitality,10,India South,India,Bengaluru,2024-04-15,Active
1240,Customer 1240,Mid-Market,Government,9,India West,India,Mumbai,2017-05-16,Dormant
1241,Customer 1241,Mid-Market,Financial Services,8,Oman,Oman,Muscat,2018-06-17,Active
1242,Customer 1242,Consumer,Healthcare,7,Bahrain,Bahrain,Manama,2019-07-18,Dormant
1243,Customer 1243,Enterprise,Construction,7,Bahrain,Bahrain,Manama,2020-08-19,Dormant
1244,Customer 1244,Small Business,Healthcare,4,Saudi West,Saudi Arabia,Jeddah,2021-09-20,Dormant
1245,Customer 1245,Small Business,Hospitality,9,India West,India,Mumbai,2022-10-21,Active
1246,Customer 1246,Small Business,Government,8,Oman,Oman,Muscat,2023-11-22,Active
1247,Customer 1247,Consumer,Technology,3,Saudi Central,Saudi Arabia,Riyadh,2024-12-23,Active
1248,Customer 1248,Small Business,Retail,9,India West,India,Mumbai,2017-01-24,Active
1249,Customer 1249,Small Business,Financial Services,1,UAE North,UAE,Dubai,2018-02-25,Dormant
1250,Customer 1250,Small Business,Technology,2,UAE South,UAE,Abu Dhabi,2019-03-01,Active
1251,Customer 1251,Small Business,Retail,5,Qatar,Qatar,Doha,2020-04-02,Active
1252,Customer 1252,Mid-Market,Healthcare,8,Oman,Oman,Muscat,2021-05-03,Dormant
1253,Customer 1253,Enterprise,Technology,1,UAE North,UAE,Dubai,2022-06-04,Active
1254,Customer 1254,Consumer,Government,10,India South,India,Bengaluru,2023-07-05,Active
1255,Customer 1255,Consumer,Healthcare,6,Kuwait,Kuwait,Kuwait City,2024-08-06,Active
1256,Customer 1256,Enterprise,Technology,3,Saudi Central,Saudi Arabia,Riyadh,2017-09-07,Active
1257,Customer 1257,Small Business,Retail,7,Bahrain,Bahrain,Manama,2018-10-08,Dormant
1258,Customer 1258,Enterprise,Government,2,UAE South,UAE,Abu Dhabi,2019-11-09,Dormant
1259,Customer 1259,Consumer,Government,7,Bahrain,Bahrain,Manama,2020-12-10,Active
1260,Customer 1260,Consumer,Construction,10,India South,India,Bengaluru,2021-01-11,Dormant
1261,Customer 1261,Enterprise,Healthcare,5,Qatar,Qatar,Doha,2022-02-12,Active
1262,Customer 1262,Enterprise,Retail,4,Saudi West,Saudi Arabia,Jeddah,2023-03-13,Active
1263,Customer 1263,Mid-Market,Healthcare,1,UAE North,UAE,Dubai,2024-04-14,Active
1264,Customer 1264,Consumer,Education,7,Bahrain,Bahrain,Manama,2017-05-15,Active
1265,Customer 1265,Consumer,Healthcare,5,Qatar,Qatar,Doha,2018-06-16,Dormant
1266,Customer 1266,Enterprise,Healthcare,7,Bahrain,Bahrain,Manama,2019-07-17,Active
1267,Customer 1267,Consumer,Government,8,Oman,Oman,Muscat,2020-08-18,Active
1268,Customer 1268,Small Business,Education,8,Oman,Oman,Muscat,2021-09-19,Active
1269,Customer 1269,Consumer,Financial Services,10,India South,India,Bengaluru,2022-10-20,Active
1270,Customer 1270,Enterprise,Financial Services,6,Kuwait,Kuwait,Kuwait City,2023-11-21,Dormant
1271,Customer 1271,Consumer,Technology,8,Oman,Oman,Muscat,2024-12-22,Active
1272,Customer 1272,Small Business,Government,8,Oman,Oman,Muscat,2017-01-23,Active
1273,Customer 1273,Small Business,Financial Services,1,UAE North,UAE,Dubai,2018-02-24,Active
1274,Customer 1274,Enterprise,Financial Services,9,India West,India,Mumbai,2019-03-25,Dormant
1275,Customer 1275,Small Business,Construction,2,UAE South,UAE,Abu Dhabi,2020-04-01,Dormant
1276,Customer 1276,Enterprise,Technology,7,Bahrain,Bahrain,Manama,2021-05-02,Active
1277,Customer 1277,Mid-Market,Education,8,Oman,Oman,Muscat,2022-06-03,Active
1278,Customer 1278,Consumer,Construction,10,India South,India,Bengaluru,2023-07-04,Dormant
1279,Customer 1279,Consumer,Financial Services,3,Saudi Central,Saudi Arabia,Riyadh,2024-08-05,Dormant
1280,Customer 1280,Consumer,Healthcare,6,Kuwait,Kuwait,Kuwait City,2017-09-06,Active
1281,Customer 1281,Small Business,Hospitality,5,Qatar,Qatar,Doha,2018-10-07,Dormant
1282,Customer 1282,Mid-Market,Healthcare,3,Saudi Central,Saudi Arabia,Riyadh,2019-11-08,Dormant
1283,Customer 1283,Consumer,Government,2,UAE South,UAE,Abu Dhabi,2020-12-09,Active
1284,Customer 1284,Mid-Market,Retail,4,Saudi West,Saudi Arabia,Jeddah,2021-01-10,Active
1285,Customer 1285,Consumer,Construction,6,Kuwait,Kuwait,Kuwait City,2022-02-11,Active
1286,Customer 1286,Consumer,Retail,3,Saudi Central,Saudi Arabia,Riyadh,2023-03-12,Active
1287,Customer 1287,Small Business,Education,6,Kuwait,Kuwait,Kuwait City,2024-04-13,Active
1288,Customer 1288,Mid-Market,Technology,9,India West,India,Mumbai,2017-05-14,Active
1289,Customer 1289,Consumer,Technology,6,Kuwait,Kuwait,Kuwait City,2018-06-15,Active
1290,Customer 1290,Small Business,Hospitality,9,India West,India,Mumbai,2019-07-16,Active
1291,Customer 1291,Consumer,Hospitality,8,Oman,Oman,Muscat,2020-08-17,Active
1292,Customer 1292,Small Business,Hospitality,10,India South,India,Bengaluru,2021-09-18,Active
1293,Customer 1293,Enterprise,Hospitality,9,India West,India,Mumbai,2022-10-19,Active
1294,Customer 1294,Mid-Market,Technology,6,Kuwait,Kuwait,Kuwait City,2023-11-20,Dormant
1295,Customer 1295,Small Business,Hospitality,9,India West,India,Mumbai,2024-12-21,Active
1296,Customer 1296,Mid-Market,Healthcare,6,Kuwait,Kuwait,Kuwait City,2017-01-22,Active
1297,Customer 1297,Small Business,Financial Services,4,Saudi West,Saudi Arabia,Jeddah,2018-02-23,Active
1298,Customer 1298,Consumer,Government,4,Saudi West,Saudi Arabia,Jeddah,2019-03-24,Active
1299,Customer 1299,Small Business,Hospitality,5,Qatar,Qatar,Doha,2020-04-25,Active
1300,Customer 1300,Consumer,Financial Services,6,Kuwait,Kuwait,Kuwait City,2021-05-01,Active
1301,Customer 1301,Mid-Market,Financial Services,4,Saudi West,Saudi Arabia,Jeddah,2022-06-02,Active
1302,Customer 1302,Consumer,Financial Services,3,Saudi Central,Saudi Arabia,Riyadh,2023-07-03,Dormant
1303,Customer 1303,Consumer,Construction,8,Oman,Oman,Muscat,2024-08-04,Active
1304,Customer 1304,Mid-Market,Retail,8,Oman,Oman,Muscat,2017-09-05,Active
1305,Customer 1305,Mid-Market,Financial Services,2,UAE South,UAE,Abu Dhabi,2018-10-06,Active
1306,Customer 1306,Enterprise,Retail,7,Bahrain,Bahrain,Manama,2019-11-07,Active
1307,Customer 1307,Enterprise,Technology,10,India South,India,Bengaluru,2020-12-08,Dormant
1308,Customer 1308,Consumer,Technology,7,Bahrain,Bahrain,Manama,2021-01-09,Active
1309,Customer 1309,Enterprise,Technology,6,Kuwait,Kuwait,Kuwait City,2022-02-10,Active
1310,Customer 1310,Small Business,Education,7,Bahrain,Bahrain,Manama,2023-03-11,Dormant
1311,Customer 1311,Consumer,Financial Services,6,Kuwait,Kuwait,Kuwait City,2024-04-12,Active
1312,Customer 1312,Enterprise,Construction,5,Qatar,Qatar,Doha,2017-05-13,Dormant
1313,Customer 1313,Small Business,Technology,3,Saudi Central,Saudi Arabia,Riyadh,2018-06-14,Active
1314,Customer 1314,Small Business,Technology,2,UAE South,UAE,Abu Dhabi,2019-07-15,Active
1315,Customer 1315,Enterprise,Technology,3,Saudi Central,Saudi Arabia,Riyadh,2020-08-16,Active
1316,Customer 1316,Consumer,Hospitality,5,Qatar,Qatar,Doha,2021-09-17,Active
1317,Customer 1317,Mid-Market,Construction,6,Kuwait,Kuwait,Kuwait City,2022-10-18,Active
1318,Customer 1318,Consumer,Hospitality,1,UAE North,UAE,Dubai,2023-11-19,Dormant
1319,Customer 1319,Small Business,Retail,5,Qatar,Qatar,Doha,2024-12-20,Dormant
1320,Customer 1320,Consumer,Education,6,Kuwait,Kuwait,Kuwait City,2017-01-21,Active
1321,Customer 1321,Mid-Market,Healthcare,5,Qatar,Qatar,Doha,2018-02-22,Dormant
1322,Customer 1322,Consumer,Hospitality,9,India West,India,Mumbai,2019-03-23,Active
1323,Customer 1323,Small Business,Construction,9,India West,India,Mumbai,2020-04-24,Dormant
1324,Customer 1324,Mid-Market,Financial Services,2,UAE South,UAE,Abu Dhabi,2021-05-25,Dormant
1325,Customer 1325,Enterprise,Financial Services,2,UAE South,UAE,Abu Dhabi,2022-06-01,Active
1326,Customer 1326,Mid-Market,Hospitality,8,Oman,Oman,Muscat,2023-07-02,Active
1327,Customer 1327,Small Business,Financial Services,9,India West,India,Mumbai,2024-08-03,Active
1328,Customer 1328,Small Business,Financial Services,10,India South,India,Bengaluru,2017-09-04,Dormant
1329,Customer 1329,Consumer,Financial Services,8,Oman,Oman,Muscat,2018-10-05,Active
1330,Customer 1330,Small Business,Government,3,Saudi Central,Saudi Arabia,Riyadh,2019-11-06,Dormant
1331,Customer 1331,Consumer,Hospitality,3,Saudi Central,Saudi Arabia,Riyadh,2020-12-07,Active
1332,Customer 1332,Small Business,Healthcare,8,Oman,Oman,Muscat,2021-01-08,Active
1333,Customer 1333,Small Business,Financial Services,2,UAE South,UAE,Abu Dhabi,2022-02-09,Active
1334,Customer 1334,Mid-Market,Technology,2,UAE South,UAE,Abu Dhabi,2023-03-10,Active
1335,Customer 1335,Mid-Market,Construction,9,India West,India,Mumbai,2024-04-11,Active
1336,Customer 1336,Mid-Market,Government,6,Kuwait,Kuwait,Kuwait City,2017-05-12,Active
1337,Customer 1337,Mid-Market,Financial Services,3,Saudi Central,Saudi Arabia,Riyadh,2018-06-13,Active
1338,Customer 1338,Consumer,Education,5,Qatar,Qatar,Doha,2019-07-14,Active
1339,Customer 1339,Enterprise,Construction,8,Oman,Oman,Muscat,2020-08-15,Active
1340,Customer 1340,Small Business,Technology,1,UAE North,UAE,Dubai,2021-09-16,Dormant
1341,Customer 1341,Consumer,Government,6,Kuwait,Kuwait,Kuwait City,2022-10-17,Active
1342,Customer 1342,Small Business,Government,3,Saudi Central,Saudi Arabia,Riyadh,2023-11-18,Dormant
1343,Customer 1343,Mid-Market,Construction,8,Oman,Oman,Muscat,2024-12-19,Active
1344,Customer 1344,Small Business,Financial Services,10,India South,India,Bengaluru,2017-01-20,Dormant
1345,Customer 1345,Consumer,Construction,4,Saudi West,Saudi Arabia,Jeddah,2018-02-21,Active
1346,Customer 1346,Consumer,Hospitality,8,Oman,Oman,Muscat,2019-03-22,Active
1347,Customer 1347,Small Business,Technology,1,UAE North,UAE,Dubai,2020-04-23,Active
1348,Customer 1348,Enterprise,Retail,9,India West,India,Mumbai,2021-05-24,Active
1349,Customer 1349,Small Business,Retail,8,Oman,Oman,Muscat,2022-06-25,Active
1350,Customer 1350,Mid-Market,Retail,9,India West,India,Mumbai,2023-07-01,Active
1351,Customer 1351,Mid-Market,Government,4,Saudi West,Saudi Arabia,Jeddah,2024-08-02,Active
1352,Customer 1352,Small Business,Financial Services,9,India West,India,Mumbai,2017-09-03,Active
1353,Customer 1353,Consumer,Retail,8,Oman,Oman,Muscat,2018-10-04,Active
1354,Customer 1354,Mid-Market,Retail,7,Bahrain,Bahrain,Manama,2019-11-05,Active
1355,Customer 1355,Mid-Market,Hospitality,7,Bahrain,Bahrain,Manama,2020-12-06,Active
1356,Customer 1356,Mid-Market,Healthcare,9,India West,India,Mumbai,2021-01-07,Active
1357,Customer 1357,Consumer,Healthcare,5,Qatar,Qatar,Doha,2022-02-08,Active
1358,Customer 1358,Small Business,Retail,7,Bahrain,Bahrain,Manama,2023-03-09,Active
1359,Customer 1359,Enterprise,Retail,3,Saudi Central,Saudi Arabia,Riyadh,2024-04-10,Active
1360,Customer 1360,Enterprise,Healthcare,7,Bahrain,Bahrain,Manama,2017-05-11,Dormant
1361,Customer 1361,Mid-Market,Hospitality,6,Kuwait,Kuwait,Kuwait City,2018-06-12,Active
1362,Customer 1362,Mid-Market,Education,4,Saudi West,Saudi Arabia,Jeddah,2019-07-13,Dormant
1363,Customer 1363,Consumer,Financial Services,9,India West,India,Mumbai,2020-08-14,Active
1364,Customer 1364,Enterprise,Government,5,Qatar,Qatar,Doha,2021-09-15,Dormant
1365,Customer 1365,Small Business,Financial Services,2,UAE South,UAE,Abu Dhabi,2022-10-16,Active
1366,Customer 1366,Mid-Market,Hospitality,1,UAE North,UAE,Dubai,2023-11-17,Active
1367,Customer 1367,Small Business,Healthcare,9,India West,India,Mumbai,2024-12-18,Active
1368,Customer 1368,Small Business,Hospitality,10,India South,India,Bengaluru,2017-01-19,Active
1369,Customer 1369,Small Business,Healthcare,3,Saudi Central,Saudi Arabia,Riyadh,2018-02-20,Active
1370,Customer 1370,Consumer,Government,9,India West,India,Mumbai,2019-03-21,Active
1371,Customer 1371,Consumer,Technology,1,UAE North,UAE,Dubai,2020-04-22,Active
1372,Customer 1372,Enterprise,Government,1,UAE North,UAE,Dubai,2021-05-23,Active
1373,Customer 1373,Mid-Market,Financial Services,10,India South,India,Bengaluru,2022-06-24,Active
1374,Customer 1374,Small Business,Technology,4,Saudi West,Saudi Arabia,Jeddah,2023-07-25,Active
1375,Customer 1375,Consumer,Hospitality,3,Saudi Central,Saudi Arabia,Riyadh,2024-08-01,Active
1376,Customer 1376,Small Business,Hospitality,2,UAE South,UAE,Abu Dhabi,2017-09-02,Active
1377,Customer 1377,Consumer,Financial Services,9,India West,India,Mumbai,2018-10-03,Active
1378,Customer 1378,Small Business,Construction,10,India South,India,Bengaluru,2019-11-04,Active
1379,Customer 1379,Consumer,Government,5,Qatar,Qatar,Doha,2020-12-05,Active
1380,Customer 1380,Small Business,Construction,4,Saudi West,Saudi Arabia,Jeddah,2021-01-06,Active
1381,Customer 1381,Small Business,Construction,4,Saudi West,Saudi Arabia,Jeddah,2022-02-07,Active
1382,Customer 1382,Small Business,Retail,3,Saudi Central,Saudi Arabia,Riyadh,2023-03-08,Dormant
1383,Customer 1383,Consumer,Healthcare,1,UAE North,UAE,Dubai,2024-04-09,Dormant
1384,Customer 1384,Consumer,Government,9,India West,India,Mumbai,2017-05-10,Dormant
1385,Customer 1385,Enterprise,Hospitality,9,India West,India,Mumbai,2018-06-11,Active
1386,Customer 1386,Small Business,Construction,8,Oman,Oman,Muscat,2019-07-12,Dormant
1387,Customer 1387,Mid-Market,Healthcare,10,India South,India,Bengaluru,2020-08-13,Active
1388,Customer 1388,Small Business,Education,2,UAE South,UAE,Abu Dhabi,2021-09-14,Dormant
1389,Customer 1389,Mid-Market,Retail,1,UAE North,UAE,Dubai,2022-10-15,Active
1390,Customer 1390,Mid-Market,Technology,6,Kuwait,Kuwait,Kuwait City,2023-11-16,Active
1391,Customer 1391,Consumer,Construction,4,Saudi West,Saudi Arabia,Jeddah,2024-12-17,Active
1392,Customer 1392,Small Business,Education,5,Qatar,Qatar,Doha,2017-01-18,Active
1393,Customer 1393,Consumer,Financial Services,4,Saudi West,Saudi Arabia,Jeddah,2018-02-19,Active
1394,Customer 1394,Small Business,Government,5,Qatar,Qatar,Doha,2019-03-20,Active
1395,Customer 1395,Mid-Market,Healthcare,9,India West,India,Mumbai,2020-04-21,Active
1396,Customer 1396,Mid-Market,Hospitality,10,India South,India,Bengaluru,2021-05-22,Active
1397,Customer 1397,Consumer,Education,5,Qatar,Qatar,Doha,2022-06-23,Active
1398,Customer 1398,Consumer,Retail,4,Saudi West,Saudi Arabia,Jeddah,2023-07-24,Active
1399,Customer 1399,Consumer,Retail,9,India West,India,Mumbai,2024-08-25,Dormant
1400,Customer 1400,Consumer,Construction,1,UAE North,UAE,Dubai,2017-09-01,Dormant
1401,Customer 1401,Mid-Market,Government,7,Bahrain,Bahrain,Manama,2018-10-02,Dormant
1402,Customer 1402,Small Business,Retail,6,Kuwait,Kuwait,Kuwait City,2019-11-03,Active
1403,Customer 1403,Mid-Market,Financial Services,1,UAE North,UAE,Dubai,2020-12-04,Dormant
1404,Customer 1404,Enterprise,Education,6,Kuwait,Kuwait,Kuwait City,2021-01-05,Active
1405,Customer 1405,Consumer,Retail,2,UAE South,UAE,Abu Dhabi,2022-02-06,Active
1406,Customer 1406,Consumer,Education,7,Bahrain,Bahrain,Manama,2023-03-07,Active
1407,Customer 1407,Mid-Market,Hospitality,3,Saudi Central,Saudi Arabia,Riyadh,2024-04-08,Active
1408,Customer 1408,Small Business,Retail,1,UAE North,UAE,Dubai,2017-05-09,Active
1409,Customer 1409,Mid-Market,Government,5,Qatar,Qatar,Doha,2018-06-10,Active
1410,Customer 1410,Consumer,Construction,6,Kuwait,Kuwait,Kuwait City,2019-07-11,Active
1411,Customer 1411,Consumer,Government,2,UAE South,UAE,Abu Dhabi,2020-08-12,Active
1412,Customer 1412,Small Business,Hospitality,8,Oman,Oman,Muscat,2021-09-13,Active
1413,Customer 1413,Small Business,Hospitality,1,UAE North,UAE,Dubai,2022-10-14,Active
1414,Customer 1414,Consumer,Government,1,UAE North,UAE,Dubai,2023-11-15,Active
1415,Customer 1415,Small Business,Financial Services,5,Qatar,Qatar,Doha,2024-12-16,Active
1416,Customer 1416,Small Business,Retail,2,UAE South,UAE,Abu Dhabi,2017-01-17,Active
1417,Customer 1417,Small Business,Financial Services,7,Bahrain,Bahrain,Manama,2018-02-18,Active
1418,Customer 1418,Consumer,Retail,10,India South,India,Bengaluru,2019-03-19,Dormant
1419,Customer 1419,Small Business,Financial Services,7,Bahrain,Bahrain,Manama,2020-04-20,Active
1420,Customer 1420,Small Business,Retail,6,Kuwait,Kuwait,Kuwait City,2021-05-21,Dormant
1421,Customer 1421,Mid-Market,Education,9,India West,India,Mumbai,2022-06-22,Active
1422,Customer 1422,Enterprise,Hospitality,2,UAE South,UAE,Abu Dhabi,2023-07-23,Active
1423,Customer 1423,Mid-Market,Technology,10,India South,India,Bengaluru,2024-08-24,Active
1424,Customer 1424,Small Business,Government,7,Bahrain,Bahrain,Manama,2017-09-25,Active
1425,Customer 1425,Mid-Market,Retail,4,Saudi West,Saudi Arabia,Jeddah,2018-10-01,Active
1426,Customer 1426,Mid-Market,Financial Services,3,Saudi Central,Saudi Arabia,Riyadh,2019-11-02,Active
1427,Customer 1427,Small Business,Healthcare,5,Qatar,Qatar,Doha,2020-12-03,Active
1428,Customer 1428,Mid-Market,Construction,8,Oman,Oman,Muscat,2021-01-04,Active
1429,Customer 1429,Consumer,Healthcare,6,Kuwait,Kuwait,Kuwait City,2022-02-05,Active
1430,Customer 1430,Small Business,Retail,4,Saudi West,Saudi Arabia,Jeddah,2023-03-06,Dormant
1431,Customer 1431,Mid-Market,Education,6,Kuwait,Kuwait,Kuwait City,2024-04-07,Active
1432,Customer 1432,Mid-Market,Government,2,UAE South,UAE,Abu Dhabi,2017-05-08,Dormant
1433,Customer 1433,Small Business,Construction,10,India South,India,Bengaluru,2018-06-09,Active
1434,Customer 1434,Mid-Market,Hospitality,7,Bahrain,Bahrain,Manama,2019-07-10,Dormant
1435,Customer 1435,Small Business,Retail,1,UAE North,UAE,Dubai,2020-08-11,Active
1436,Customer 1436,Small Business,Education,4,Saudi West,Saudi Arabia,Jeddah,2021-09-12,Active
1437,Customer 1437,Consumer,Construction,8,Oman,Oman,Muscat,2022-10-13,Dormant
1438,Customer 1438,Small Business,Retail,4,Saudi West,Saudi Arabia,Jeddah,2023-11-14,Active
1439,Customer 1439,Enterprise,Retail,1,UAE North,UAE,Dubai,2024-12-15,Active
1440,Customer 1440,Mid-Market,Education,3,Saudi Central,Saudi Arabia,Riyadh,2017-01-16,Active
1441,Customer 1441,Consumer,Education,1,UAE North,UAE,Dubai,2018-02-17,Active
1442,Customer 1442,Mid-Market,Technology,5,Qatar,Qatar,Doha,2019-03-18,Active
1443,Customer 1443,Consumer,Education,6,Kuwait,Kuwait,Kuwait City,2020-04-19,Active
1444,Customer 1444,Enterprise,Technology,4,Saudi West,Saudi Arabia,Jeddah,2021-05-20,Active
1445,Customer 1445,Consumer,Healthcare,1,UAE North,UAE,Dubai,2022-06-21,Dormant
1446,Customer 1446,Mid-Market,Education,2,UAE South,UAE,Abu Dhabi,2023-07-22,Active
1447,Customer 1447,Mid-Market,Construction,8,Oman,Oman,Muscat,2024-08-23,Active
1448,Customer 1448,Consumer,Financial Services,9,India West,India,Mumbai,2017-09-24,Active
1449,Customer 1449,Mid-Market,Healthcare,2,UAE South,UAE,Abu Dhabi,2018-10-25,Active
1450,Customer 1450,Small Business,Construction,4,Saudi West,Saudi Arabia,Jeddah,2019-11-01,Active
1451,Customer 1451,Small Business,Education,10,India South,India,Bengaluru,2020-12-02,Active
1452,Customer 1452,Small Business,Technology,10,India South,India,Bengaluru,2021-01-03,Active
1453,Customer 1453,Mid-Market,Technology,6,Kuwait,Kuwait,Kuwait City,2022-02-04,Active
1454,Customer 1454,Consumer,Government,9,India West,India,Mumbai,2023-03-05,Active
1455,Customer 1455,Consumer,Hospitality,2,UAE South,UAE,Abu Dhabi,2024-04-06,Active
1456,Customer 1456,Small Business,Construction,9,India West,India,Mumbai,2017-05-07,Dormant
1457,Customer 1457,Small Business,Construction,9,India West,India,Mumbai,2018-06-08,Active
1458,Customer 1458,Small Business,Government,9,India West,India,Mumbai,2019-07-09,Dormant
1459,Customer 1459,Small Business,Retail,5,Qatar,Qatar,Doha,2020-08-10,Active
1460,Customer 1460,Consumer,Government,4,Saudi West,Saudi Arabia,Jeddah,2021-09-11,Active
1461,Customer 1461,Mid-Market,Financial Services,7,Bahrain,Bahrain,Manama,2022-10-12,Dormant
1462,Customer 1462,Mid-Market,Construction,10,India South,India,Bengaluru,2023-11-13,Active
1463,Customer 1463,Enterprise,Hospitality,9,India West,India,Mumbai,2024-12-14,Active
1464,Customer 1464,Small Business,Education,8,Oman,Oman,Muscat,2017-01-15,Active
1465,Customer 1465,Small Business,Construction,8,Oman,Oman,Muscat,2018-02-16,Dormant
1466,Customer 1466,Small Business,Financial Services,8,Oman,Oman,Muscat,2019-03-17,Active
1467,Customer 1467,Mid-Market,Financial Services,8,Oman,Oman,Muscat,2020-04-18,Active
1468,Customer 1468,Small Business,Technology,3,Saudi Central,Saudi Arabia,Riyadh,2021-05-19,Active
1469,Customer 1469,Consumer,Technology,6,Kuwait,Kuwait,Kuwait City,2022-06-20,Active
1470,Customer 1470,Consumer,Hospitality,5,Qatar,Qatar,Doha,2023-07-21,Active
1471,Customer 1471,Mid-Market,Education,2,UAE South,UAE,Abu Dhabi,2024-08-22,Active
1472,Customer 1472,Small Business,Technology,4,Saudi West,Saudi Arabia,Jeddah,2017-09-23,Active
1473,Customer 1473,Mid-Market,Healthcare,5,Qatar,Qatar,Doha,2018-10-24,Active
1474,Customer 1474,Consumer,Technology,1,UAE North,UAE,Dubai,2019-11-25,Active
1475,Customer 1475,Consumer,Retail,7,Bahrain,Bahrain,Manama,2020-12-01,Dormant
1476,Customer 1476,Consumer,Healthcare,9,India West,India,Mumbai,2021-01-02,Dormant
1477,Customer 1477,Mid-Market,Education,4,Saudi West,Saudi Arabia,Jeddah,2022-02-03,Dormant
1478,Customer 1478,Small Business,Government,4,Saudi West,Saudi Arabia,Jeddah,2023-03-04,Dormant
1479,Customer 1479,Consumer,Construction,6,Kuwait,Kuwait,Kuwait City,2024-04-05,Active
1480,Customer 1480,Consumer,Financial Services,7,Bahrain,Bahrain,Manama,2017-05-06,Active
1481,Customer 1481,Small Business,Retail,8,Oman,Oman,Muscat,2018-06-07,Active
1482,Customer 1482,Small Business,Healthcare,3,Saudi Central,Saudi Arabia,Riyadh,2019-07-08,Active
1483,Customer 1483,Small Business,Construction,1,UAE North,UAE,Dubai,2020-08-09,Active
1484,Customer 1484,Small Business,Financial Services,4,Saudi West,Saudi Arabia,Jeddah,2021-09-10,Active
1485,Customer 1485,Small Business,Retail,6,Kuwait,Kuwait,Kuwait City,2022-10-11,Active
1486,Customer 1486,Consumer,Construction,3,Saudi Central,Saudi Arabia,Riyadh,2023-11-12,Dormant
1487,Customer 1487,Mid-Market,Financial Services,7,Bahrain,Bahrain,Manama,2024-12-13,Active
1488,Customer 1488,Small Business,Government,9,India West,India,Mumbai,2017-01-14,Active
1489,Customer 1489,Small Business,Government,6,Kuwait,Kuwait,Kuwait City,2018-02-15,Active
1490,Customer 1490,Mid-Market,Healthcare,2,UAE South,UAE,Abu Dhabi,2019-03-16,Active
1491,Customer 1491,Small Business,Healthcare,10,India South,India,Bengaluru,2020-04-17,Active
1492,Customer 1492,Consumer,Financial Services,2,UAE South,UAE,Abu Dhabi,2021-05-18,Active
1493,Customer 1493,Mid-Market,Hospitality,4,Saudi West,Saudi Arabia,Jeddah,2022-06-19,Dormant
1494,Customer 1494,Mid-Market,Retail,1,UAE North,UAE,Dubai,2023-07-20,Active
1495,Customer 1495,Consumer,Financial Services,6,Kuwait,Kuwait,Kuwait City,2024-08-21,Dormant
1496,Customer 1496,Consumer,Healthcare,3,Saudi Central,Saudi Arabia,Riyadh,2017-09-22,Dormant
1497,Customer 1497,Consumer,Financial Services,8,Oman,Oman,Muscat,2018-10-23,Active
1498,Customer 1498,Consumer,Technology,3,Saudi Central,Saudi Arabia,Riyadh,2019-11-24,Dormant
1499,Customer 1499,Mid-Market,Technology,8,Oman,Oman,Muscat,2020-12-25,Active
1500,Customer 1500,Consumer,Government,9,India West,India,Mumbai,2021-01-01,Active
1501,Customer 1501,Enterprise,Healthcare,4,Saudi West,Saudi Arabia,Jeddah,2022-02-02,Dormant
1502,Customer 1502,Consumer,Education,2,UAE South,UAE,Abu Dhabi,2023-03-03,Active
1503,Customer 1503,Consumer,Government,10,India South,India,Bengaluru,2024-04-04,Dormant
1504,Customer 1504,Enterprise,Hospitality,10,India South,India,Bengaluru,2017-05-05,Active
1505,Customer 1505,Mid-Market,Technology,8,Oman,Oman,Muscat,2018-06-06,Dormant
1506,Customer 1506,Consumer,Healthcare,10,India South,India,Bengaluru,2019-07-07,Dormant
1507,Customer 1507,Mid-Market,Financial Services,4,Saudi West,Saudi Arabia,Jeddah,2020-08-08,Dormant
1508,Customer 1508,Consumer,Healthcare,7,Bahrain,Bahrain,Manama,2021-09-09,Active
1509,Customer 1509,Small Business,Retail,7,Bahrain,Bahrain,Manama,2022-10-10,Active
1510,Customer 1510,Mid-Market,Technology,3,Saudi Central,Saudi Arabia,Riyadh,2023-11-11,Active
1511,Customer 1511,Consumer,Financial Services,4,Saudi West,Saudi Arabia,Jeddah,2024-12-12,Active
1512,Customer 1512,Enterprise,Hospitality,6,Kuwait,Kuwait,Kuwait City,2017-01-13,Active
1513,Customer 1513,Small Business,Technology,7,Bahrain,Bahrain,Manama,2018-02-14,Active
1514,Customer 1514,Enterprise,Retail,9,India West,India,Mumbai,2019-03-15,Active
1515,Customer 1515,Small Business,Financial Services,8,Oman,Oman,Muscat,2020-04-16,Active
1516,Customer 1516,Enterprise,Technology,7,Bahrain,Bahrain,Manama,2021-05-17,Active
1517,Customer 1517,Mid-Market,Government,3,Saudi Central,Saudi Arabia,Riyadh,2022-06-18,Dormant
1518,Customer 1518,Enterprise,Education,8,Oman,Oman,Muscat,2023-07-19,Dormant
1519,Customer 1519,Small Business,Technology,3,Saudi Central,Saudi Arabia,Riyadh,2024-08-20,Active
1520,Customer 1520,Consumer,Hospitality,3,Saudi Central,Saudi Arabia,Riyadh,2017-09-21,Active
1521,Customer 1521,Mid-Market,Financial Services,5,Qatar,Qatar,Doha,2018-10-22,Active
1522,Customer 1522,Small Business,Retail,2,UAE South,UAE,Abu Dhabi,2019-11-23,Active
1523,Customer 1523,Small Business,Healthcare,3,Saudi Central,Saudi Arabia,Riyadh,2020-12-24,Active
1524,Customer 1524,Consumer,Education,1,UAE North,UAE,Dubai,2021-01-25,Dormant
1525,Customer 1525,Consumer,Hospitality,1,UAE North,UAE,Dubai,2022-02-01,Dormant
1526,Customer 1526,Small Business,Retail,5,Qatar,Qatar,Doha,2023-03-02,Active
1527,Customer 1527,Consumer,Education,7,Bahrain,Bahrain,Manama,2024-04-03,Active
1528,Customer 1528,Mid-Market,Retail,4,Saudi West,Saudi Arabia,Jeddah,2017-05-04,Dormant
1529,Customer 1529,Consumer,Construction,1,UAE North,UAE,Dubai,2018-06-05,Active
1530,Customer 1530,Mid-Market,Hospitality,2,UAE South,UAE,Abu Dhabi,2019-07-06,Active
1531,Customer 1531,Enterprise,Hospitality,3,Saudi Central,Saudi Arabia,Riyadh,2020-08-07,Active
1532,Customer 1532,Small Business,Education,6,Kuwait,Kuwait,Kuwait City,2021-09-08,Active
1533,Customer 1533,Small Business,Financial Services,9,India West,India,Mumbai,2022-10-09,Active
1534,Customer 1534,Mid-Market,Construction,4,Saudi West,Saudi Arabia,Jeddah,2023-11-10,Active
1535,Customer 1535,Enterprise,Construction,3,Saudi Central,Saudi Arabia,Riyadh,2024-12-11,Active
1536,Customer 1536,Mid-Market,Education,7,Bahrain,Bahrain,Manama,2017-01-12,Active
1537,Customer 1537,Small Business,Construction,5,Qatar,Qatar,Doha,2018-02-13,Active
1538,Customer 1538,Consumer,Financial Services,2,UAE South,UAE,Abu Dhabi,2019-03-14,Active
1539,Customer 1539,Small Business,Hospitality,10,India South,India,Bengaluru,2020-04-15,Active
1540,Customer 1540,Consumer,Construction,5,Qatar,Qatar,Doha,2021-05-16,Dormant
1541,Customer 1541,Mid-Market,Construction,3,Saudi Central,Saudi Arabia,Riyadh,2022-06-17,Dormant
1542,Customer 1542,Mid-Market,Government,2,UAE South,UAE,Abu Dhabi,2023-07-18,Dormant
1543,Customer 1543,Small Business,Education,9,India West,India,Mumbai,2024-08-19,Active
1544,Customer 1544,Enterprise,Hospitality,4,Saudi West,Saudi Arabia,Jeddah,2017-09-20,Active
1545,Customer 1545,Consumer,Education,4,Saudi West,Saudi Arabia,Jeddah,2018-10-21,Active
1546,Customer 1546,Mid-Market,Government,1,UAE North,UAE,Dubai,2019-11-22,Active
1547,Customer 1547,Mid-Market,Education,4,Saudi West,Saudi Arabia,Jeddah,2020-12-23,Active
1548,Customer 1548,Consumer,Government,4,Saudi West,Saudi Arabia,Jeddah,2021-01-24,Active
1549,Customer 1549,Mid-Market,Retail,3,Saudi Central,Saudi Arabia,Riyadh,2022-02-25,Dormant
1550,Customer 1550,Consumer,Education,5,Qatar,Qatar,Doha,2023-03-01,Active
1551,Customer 1551,Mid-Market,Retail,6,Kuwait,Kuwait,Kuwait City,2024-04-02,Active
1552,Customer 1552,Small Business,Financial Services,4,Saudi West,Saudi Arabia,Jeddah,2017-05-03,Active
1553,Customer 1553,Small Business,Retail,3,Saudi Central,Saudi Arabia,Riyadh,2018-06-04,Active
1554,Customer 1554,Enterprise,Education,8,Oman,Oman,Muscat,2019-07-05,Active
1555,Customer 1555,Consumer,Healthcare,3,Saudi Central,Saudi Arabia,Riyadh,2020-08-06,Active
1556,Customer 1556,Small Business,Education,3,Saudi Central,Saudi Arabia,Riyadh,2021-09-07,Active
1557,Customer 1557,Enterprise,Government,9,India West,India,Mumbai,2022-10-08,Active
1558,Customer 1558,Consumer,Education,3,Saudi Central,Saudi Arabia,Riyadh,2023-11-09,Dormant
1559,Customer 1559,Small Business,Technology,3,Saudi Central,Saudi Arabia,Riyadh,2024-12-10,Active
1560,Customer 1560,Small Business,Education,10,India South,India,Bengaluru,2017-01-11,Active
1561,Customer 1561,Enterprise,Construction,8,Oman,Oman,Muscat,2018-02-12,Dormant
1562,Customer 1562,Mid-Market,Government,7,Bahrain,Bahrain,Manama,2019-03-13,Dormant
1563,Customer 1563,Small Business,Financial Services,9,India West,India,Mumbai,2020-04-14,Active
1564,Customer 1564,Enterprise,Financial Services,8,Oman,Oman,Muscat,2021-05-15,Dormant
1565,Customer 1565,Consumer,Technology,2,UAE South,UAE,Abu Dhabi,2022-06-16,Active
1566,Customer 1566,Consumer,Technology,9,India West,India,Mumbai,2023-07-17,Dormant
1567,Customer 1567,Mid-Market,Technology,8,Oman,Oman,Muscat,2024-08-18,Dormant
1568,Customer 1568,Small Business,Hospitality,9,India West,India,Mumbai,2017-09-19,Active
1569,Customer 1569,Consumer,Education,3,Saudi Central,Saudi Arabia,Riyadh,2018-10-20,Active
1570,Customer 1570,Enterprise,Construction,4,Saudi West,Saudi Arabia,Jeddah,2019-11-21,Dormant
1571,Customer 1571,Consumer,Financial Services,7,Bahrain,Bahrain,Manama,2020-12-22,Active
1572,Customer 1572,Small Business,Hospitality,7,Bahrain,Bahrain,Manama,2021-01-23,Dormant
1573,Customer 1573,Consumer,Hospitality,1,UAE North,UAE,Dubai,2022-02-24,Dormant
1574,Customer 1574,Mid-Market,Financial Services,10,India South,India,Bengaluru,2023-03-25,Active
1575,Customer 1575,Small Business,Government,6,Kuwait,Kuwait,Kuwait City,2024-04-01,Active
1576,Customer 1576,Small Business,Financial Services,1,UAE North,UAE,Dubai,2017-05-02,Active
1577,Customer 1577,Small Business,Construction,4,Saudi West,Saudi Arabia,Jeddah,2018-06-03,Active
1578,Customer 1578,Mid-Market,Government,3,Saudi Central,Saudi Arabia,Riyadh,2019-07-04,Active
1579,Customer 1579,Mid-Market,Healthcare,5,Qatar,Qatar,Doha,2020-08-05,Active
1580,Customer 1580,Consumer,Financial Services,2,UAE South,UAE,Abu Dhabi,2021-09-06,Dormant
1581,Customer 1581,Consumer,Hospitality,10,India South,India,Bengaluru,2022-10-07,Active
1582,Customer 1582,Mid-Market,Financial Services,7,Bahrain,Bahrain,Manama,2023-11-08,Active
1583,Customer 1583,Small Business,Financial Services,5,Qatar,Qatar,Doha,2024-12-09,Active
1584,Customer 1584,Consumer,Hospitality,7,Bahrain,Bahrain,Manama,2017-01-10,Active
1585,Customer 1585,Consumer,Construction,10,India South,India,Bengaluru,2018-02-11,Active
1586,Customer 1586,Consumer,Financial Services,5,Qatar,Qatar,Doha,2019-03-12,Active
1587,Customer 1587,Consumer,Government,1,UAE North,UAE,Dubai,2020-04-13,Active
1588,Customer 1588,Enterprise,Financial Services,2,UAE South,UAE,Abu Dhabi,2021-05-14,Dormant
1589,Customer 1589,Consumer,Healthcare,5,Qatar,Qatar,Doha,2022-06-15,Active
1590,Customer 1590,Mid-Market,Healthcare,6,Kuwait,Kuwait,Kuwait City,2023-07-16,Active
1591,Customer 1591,Mid-Market,Hospitality,8,Oman,Oman,Muscat,2024-08-17,Dormant
1592,Customer 1592,Consumer,Healthcare,10,India South,India,Bengaluru,2017-09-18,Active
1593,Customer 1593,Consumer,Education,1,UAE North,UAE,Dubai,2018-10-19,Active
1594,Customer 1594,Small Business,Hospitality,7,Bahrain,Bahrain,Manama,2019-11-20,Active
1595,Customer 1595,Mid-Market,Financial Services,2,UAE South,UAE,Abu Dhabi,2020-12-21,Active
1596,Customer 1596,Enterprise,Retail,5,Qatar,Qatar,Doha,2021-01-22,Active
1597,Customer 1597,Small Business,Hospitality,8,Oman,Oman,Muscat,2022-02-23,Active
1598,Customer 1598,Mid-Market,Retail,1,UAE North,UAE,Dubai,2023-03-24,Active
1599,Customer 1599,Mid-Market,Retail,2,UAE South,UAE,Abu Dhabi,2024-04-25,Dormant
1600,Customer 1600,Small Business,Technology,10,India South,India,Bengaluru,2017-05-01,Dormant
1601,Customer 1601,Consumer,Financial Services,8,Oman,Oman,Muscat,2018-06-02,Active
1602,Customer 1602,Small Business,Construction,6,Kuwait,Kuwait,Kuwait City,2019-07-03,Active
1603,Customer 1603,Consumer,Financial Services,4,Saudi West,Saudi Arabia,Jeddah,2020-08-04,Dormant
1604,Customer 1604,Enterprise,Construction,10,India South,India,Bengaluru,2021-09-05,Active
1605,Customer 1605,Enterprise,Financial Services,2,UAE South,UAE,Abu Dhabi,2022-10-06,Active
1606,Customer 1606,Small Business,Technology,1,UAE North,UAE,Dubai,2023-11-07,Active
1607,Customer 1607,Small Business,Government,6,Kuwait,Kuwait,Kuwait City,2024-12-08,Dormant
1608,Customer 1608,Enterprise,Construction,4,Saudi West,Saudi Arabia,Jeddah,2017-01-09,Active
1609,Customer 1609,Consumer,Construction,6,Kuwait,Kuwait,Kuwait City,2018-02-10,Dormant
1610,Customer 1610,Small Business,Financial Services,4,Saudi West,Saudi Arabia,Jeddah,2019-03-11,Active
1611,Customer 1611,Small Business,Government,6,Kuwait,Kuwait,Kuwait City,2020-04-12,Active
1612,Customer 1612,Mid-Market,Education,7,Bahrain,Bahrain,Manama,2021-05-13,Active
1613,Customer 1613,Consumer,Retail,9,India West,India,Mumbai,2022-06-14,Active
1614,Customer 1614,Consumer,Technology,8,Oman,Oman,Muscat,2023-07-15,Dormant
1615,Customer 1615,Consumer,Hospitality,3,Saudi Central,Saudi Arabia,Riyadh,2024-08-16,Dormant
1616,Customer 1616,Mid-Market,Education,9,India West,India,Mumbai,2017-09-17,Active
1617,Customer 1617,Enterprise,Retail,2,UAE South,UAE,Abu Dhabi,2018-10-18,Active
1618,Customer 1618,Consumer,Technology,6,Kuwait,Kuwait,Kuwait City,2019-11-19,Active
1619,Customer 1619,Small Business,Hospitality,5,Qatar,Qatar,Doha,2020-12-20,Active
1620,Customer 1620,Small Business,Government,9,India West,India,Mumbai,2021-01-21,Active
1621,Customer 1621,Consumer,Hospitality,6,Kuwait,Kuwait,Kuwait City,2022-02-22,Active
1622,Customer 1622,Consumer,Financial Services,7,Bahrain,Bahrain,Manama,2023-03-23,Dormant
1623,Customer 1623,Mid-Market,Hospitality,4,Saudi West,Saudi Arabia,Jeddah,2024-04-24,Active
1624,Customer 1624,Enterprise,Construction,2,UAE South,UAE,Abu Dhabi,2017-05-25,Active
1625,Customer 1625,Small Business,Healthcare,2,UAE South,UAE,Abu Dhabi,2018-06-01,Active
1626,Customer 1626,Small Business,Retail,7,Bahrain,Bahrain,Manama,2019-07-02,Active
1627,Customer 1627,Small Business,Education,1,UAE North,UAE,Dubai,2020-08-03,Dormant
1628,Customer 1628,Mid-Market,Construction,7,Bahrain,Bahrain,Manama,2021-09-04,Active
1629,Customer 1629,Small Business,Education,9,India West,India,Mumbai,2022-10-05,Active
1630,Customer 1630,Enterprise,Government,7,Bahrain,Bahrain,Manama,2023-11-06,Active
1631,Customer 1631,Consumer,Technology,3,Saudi Central,Saudi Arabia,Riyadh,2024-12-07,Active
1632,Customer 1632,Small Business,Healthcare,8,Oman,Oman,Muscat,2017-01-08,Active
1633,Customer 1633,Consumer,Retail,3,Saudi Central,Saudi Arabia,Riyadh,2018-02-09,Active
1634,Customer 1634,Small Business,Hospitality,5,Qatar,Qatar,Doha,2019-03-10,Active
1635,Customer 1635,Small Business,Education,10,India South,India,Bengaluru,2020-04-11,Dormant
1636,Customer 1636,Consumer,Financial Services,5,Qatar,Qatar,Doha,2021-05-12,Active
1637,Customer 1637,Mid-Market,Education,6,Kuwait,Kuwait,Kuwait City,2022-06-13,Active
1638,Customer 1638,Consumer,Healthcare,1,UAE North,UAE,Dubai,2023-07-14,Dormant
1639,Customer 1639,Mid-Market,Healthcare,7,Bahrain,Bahrain,Manama,2024-08-15,Active
1640,Customer 1640,Small Business,Financial Services,9,India West,India,Mumbai,2017-09-16,Dormant
1641,Customer 1641,Consumer,Financial Services,6,Kuwait,Kuwait,Kuwait City,2018-10-17,Active
1642,Customer 1642,Consumer,Technology,9,India West,India,Mumbai,2019-11-18,Active
1643,Customer 1643,Small Business,Healthcare,9,India West,India,Mumbai,2020-12-19,Active
1644,Customer 1644,Consumer,Retail,10,India South,India,Bengaluru,2021-01-20,Active
1645,Customer 1645,Small Business,Healthcare,8,Oman,Oman,Muscat,2022-02-21,Dormant
1646,Customer 1646,Mid-Market,Healthcare,8,Oman,Oman,Muscat,2023-03-22,Active
1647,Customer 1647,Consumer,Education,4,Saudi West,Saudi Arabia,Jeddah,2024-04-23,Active
1648,Customer 1648,Consumer,Hospitality,6,Kuwait,Kuwait,Kuwait City,2017-05-24,Active
1649,Customer 1649,Consumer,Financial Services,7,Bahrain,Bahrain,Manama,2018-06-25,Active
1650,Customer 1650,Enterprise,Government,1,UAE North,UAE,Dubai,2019-07-01,Active
1651,Customer 1651,Enterprise,Construction,1,UAE North,UAE,Dubai,2020-08-02,Dormant
1652,Customer 1652,Small Business,Financial Services,3,Saudi Central,Saudi Arabia,Riyadh,2021-09-03,Active
1653,Customer 1653,Enterprise,Financial Services,1,UAE North,UAE,Dubai,2022-10-04,Dormant
1654,Customer 1654,Small Business,Healthcare,5,Qatar,Qatar,Doha,2023-11-05,Dormant
1655,Customer 1655,Consumer,Financial Services,2,UAE South,UAE,Abu Dhabi,2024-12-06,Active
1656,Customer 1656,Mid-Market,Hospitality,8,Oman,Oman,Muscat,2017-01-07,Active
1657,Customer 1657,Mid-Market,Education,2,UAE South,UAE,Abu Dhabi,2018-02-08,Active
1658,Customer 1658,Small Business,Government,10,India South,India,Bengaluru,2019-03-09,Active
1659,Customer 1659,Consumer,Healthcare,2,UAE South,UAE,Abu Dhabi,2020-04-10,Dormant
1660,Customer 1660,Consumer,Financial Services,8,Oman,Oman,Muscat,2021-05-11,Active
1661,Customer 1661,Mid-Market,Construction,10,India South,India,Bengaluru,2022-06-12,Active
1662,Customer 1662,Mid-Market,Retail,9,India West,India,Mumbai,2023-07-13,Dormant
1663,Customer 1663,Consumer,Government,9,India West,India,Mumbai,2024-08-14,Active
1664,Customer 1664,Consumer,Hospitality,9,India West,India,Mumbai,2017-09-15,Active
1665,Customer 1665,Mid-Market,Healthcare,2,UAE South,UAE,Abu Dhabi,2018-10-16,Active
1666,Customer 1666,Small Business,Construction,9,India West,India,Mumbai,2019-11-17,Active
1667,Customer 1667,Mid-Market,Education,1,UAE North,UAE,Dubai,2020-12-18,Active
1668,Customer 1668,Small Business,Retail,2,UAE South,UAE,Abu Dhabi,2021-01-19,Active
1669,Customer 1669,Small Business,Construction,2,UAE South,UAE,Abu Dhabi,2022-02-20,Active
1670,Customer 1670,Consumer,Retail,7,Bahrain,Bahrain,Manama,2023-03-21,Active
1671,Customer 1671,Enterprise,Technology,5,Qatar,Qatar,Doha,2024-04-22,Dormant
1672,Customer 1672,Small Business,Construction,3,Saudi Central,Saudi Arabia,Riyadh,2017-05-23,Active
1673,Customer 1673,Small Business,Education,10,India South,India,Bengaluru,2018-06-24,Active
1674,Customer 1674,Mid-Market,Education,1,UAE North,UAE,Dubai,2019-07-25,Active
1675,Customer 1675,Consumer,Education,5,Qatar,Qatar,Doha,2020-08-01,Active
1676,Customer 1676,Small Business,Construction,10,India South,India,Bengaluru,2021-09-02,Active
1677,Customer 1677,Consumer,Financial Services,3,Saudi Central,Saudi Arabia,Riyadh,2022-10-03,Active
1678,Customer 1678,Mid-Market,Financial Services,9,India West,India,Mumbai,2023-11-04,Active
1679,Customer 1679,Small Business,Technology,7,Bahrain,Bahrain,Manama,2024-12-05,Dormant
1680,Customer 1680,Small Business,Hospitality,3,Saudi Central,Saudi Arabia,Riyadh,2017-01-06,Active
1681,Customer 1681,Consumer,Healthcare,4,Saudi West,Saudi Arabia,Jeddah,2018-02-07,Dormant
1682,Customer 1682,Mid-Market,Financial Services,3,Saudi Central,Saudi Arabia,Riyadh,2019-03-08,Dormant
1683,Customer 1683,Consumer,Education,1,UAE North,UAE,Dubai,2020-04-09,Active
1684,Customer 1684,Mid-Market,Hospitality,5,Qatar,Qatar,Doha,2021-05-10,Dormant
1685,Customer 1685,Mid-Market,Hospitality,2,UAE South,UAE,Abu Dhabi,2022-06-11,Active
1686,Customer 1686,Consumer,Healthcare,6,Kuwait,Kuwait,Kuwait City,2023-07-12,Active
1687,Customer 1687,Enterprise,Financial Services,5,Qatar,Qatar,Doha,2024-08-13,Active
1688,Customer 1688,Consumer,Hospitality,7,Bahrain,Bahrain,Manama,2017-09-14,Active
1689,Customer 1689,Consumer,Technology,9,India West,India,Mumbai,2018-10-15,Dormant
1690,Customer 1690,Small Business,Technology,2,UAE South,UAE,Abu Dhabi,2019-11-16,Active
1691,Customer 1691,Enterprise,Retail,10,India South,India,Bengaluru,2020-12-17,Active
1692,Customer 1692,Consumer,Financial Services,6,Kuwait,Kuwait,Kuwait City,2021-01-18,Active
1693,Customer 1693,Consumer,Financial Services,6,Kuwait,Kuwait,Kuwait City,2022-02-19,Dormant
1694,Customer 1694,Mid-Market,Retail,10,India South,India,Bengaluru,2023-03-20,Active
1695,Customer 1695,Mid-Market,Technology,3,Saudi Central,Saudi Arabia,Riyadh,2024-04-21,Active
1696,Customer 1696,Consumer,Education,6,Kuwait,Kuwait,Kuwait City,2017-05-22,Dormant
1697,Customer 1697,Mid-Market,Construction,8,Oman,Oman,Muscat,2018-06-23,Dormant
1698,Customer 1698,Mid-Market,Financial Services,9,India West,India,Mumbai,2019-07-24,Active
1699,Customer 1699,Small Business,Hospitality,5,Qatar,Qatar,Doha,2020-08-25,Active
1700,Customer 1700,Consumer,Hospitality,7,Bahrain,Bahrain,Manama,2021-09-01,Active
1701,Customer 1701,Consumer,Hospitality,2,UAE South,UAE,Abu Dhabi,2022-10-02,Active
1702,Customer 1702,Enterprise,Technology,10,India South,India,Bengaluru,2023-11-03,Dormant
1703,Customer 1703,Consumer,Financial Services,1,UAE North,UAE,Dubai,2024-12-04,Active
1704,Customer 1704,Small Business,Hospitality,8,Oman,Oman,Muscat,2017-01-05,Dormant
1705,Customer 1705,Small Business,Retail,1,UAE North,UAE,Dubai,2018-02-06,Dormant
1706,Customer 1706,Consumer,Education,9,India West,India,Mumbai,2019-03-07,Active
1707,Customer 1707,Small Business,Healthcare,10,India South,India,Bengaluru,2020-04-08,Active
1708,Customer 1708,Enterprise,Healthcare,3,Saudi Central,Saudi Arabia,Riyadh,2021-05-09,Active
1709,Customer 1709,Small Business,Financial Services,1,UAE North,UAE,Dubai,2022-06-10,Active
1710,Customer 1710,Consumer,Construction,6,Kuwait,Kuwait,Kuwait City,2023-07-11,Active
1711,Customer 1711,Consumer,Hospitality,9,India West,India,Mumbai,2024-08-12,Active
1712,Customer 1712,Small Business,Technology,5,Qatar,Qatar,Doha,2017-09-13,Active
1713,Customer 1713,Consumer,Financial Services,1,UAE North,UAE,Dubai,2018-10-14,Active
1714,Customer 1714,Consumer,Retail,5,Qatar,Qatar,Doha,2019-11-15,Dormant
1715,Customer 1715,Consumer,Retail,10,India South,India,Bengaluru,2020-12-16,Active
1716,Customer 1716,Small Business,Construction,1,UAE North,UAE,Dubai,2021-01-17,Active
1717,Customer 1717,Enterprise,Construction,6,Kuwait,Kuwait,Kuwait City,2022-02-18,Active
1718,Customer 1718,Mid-Market,Hospitality,7,Bahrain,Bahrain,Manama,2023-03-19,Dormant
1719,Customer 1719,Mid-Market,Healthcare,8,Oman,Oman,Muscat,2024-04-20,Dormant
1720,Customer 1720,Consumer,Retail,2,UAE South,UAE,Abu Dhabi,2017-05-21,Active
1721,Customer 1721,Mid-Market,Financial Services,5,Qatar,Qatar,Doha,2018-06-22,Active
1722,Customer 1722,Mid-Market,Healthcare,5,Qatar,Qatar,Doha,2019-07-23,Active
1723,Customer 1723,Consumer,Government,2,UAE South,UAE,Abu Dhabi,2020-08-24,Active
1724,Customer 1724,Mid-Market,Financial Services,3,Saudi Central,Saudi Arabia,Riyadh,2021-09-25,Active
1725,Customer 1725,Consumer,Education,6,Kuwait,Kuwait,Kuwait City,2022-10-01,Active
1726,Customer 1726,Mid-Market,Healthcare,4,Saudi West,Saudi Arabia,Jeddah,2023-11-02,Dormant
1727,Customer 1727,Consumer,Retail,7,Bahrain,Bahrain,Manama,2024-12-03,Active
1728,Customer 1728,Consumer,Technology,4,Saudi West,Saudi Arabia,Jeddah,2017-01-04,Active
1729,Customer 1729,Small Business,Government,7,Bahrain,Bahrain,Manama,2018-02-05,Active
1730,Customer 1730,Consumer,Financial Services,6,Kuwait,Kuwait,Kuwait City,2019-03-06,Dormant
1731,Customer 1731,Enterprise,Hospitality,3,Saudi Central,Saudi Arabia,Riyadh,2020-04-07,Active
1732,Customer 1732,Mid-Market,Retail,3,Saudi Central,Saudi Arabia,Riyadh,2021-05-08,Active
1733,Customer 1733,Small Business,Construction,1,UAE North,UAE,Dubai,2022-06-09,Dormant
1734,Customer 1734,Consumer,Financial Services,10,India South,India,Bengaluru,2023-07-10,Dormant
1735,Customer 1735,Mid-Market,Hospitality,5,Qatar,Qatar,Doha,2024-08-11,Dormant
1736,Customer 1736,Small Business,Healthcare,4,Saudi West,Saudi Arabia,Jeddah,2017-09-12,Active
1737,Customer 1737,Consumer,Technology,5,Qatar,Qatar,Doha,2018-10-13,Active
1738,Customer 1738,Mid-Market,Hospitality,7,Bahrain,Bahrain,Manama,2019-11-14,Active
1739,Customer 1739,Consumer,Healthcare,4,Saudi West,Saudi Arabia,Jeddah,2020-12-15,Active
1740,Customer 1740,Mid-Market,Retail,2,UAE South,UAE,Abu Dhabi,2021-01-16,Active
1741,Customer 1741,Consumer,Financial Services,4,Saudi West,Saudi Arabia,Jeddah,2022-02-17,Active
1742,Customer 1742,Mid-Market,Retail,10,India South,India,Bengaluru,2023-03-18,Dormant
1743,Customer 1743,Small Business,Education,7,Bahrain,Bahrain,Manama,2024-04-19,Active
1744,Customer 1744,Small Business,Retail,6,Kuwait,Kuwait,Kuwait City,2017-05-20,Dormant
1745,Customer 1745,Mid-Market,Technology,1,UAE North,UAE,Dubai,2018-06-21,Active
1746,Customer 1746,Consumer,Financial Services,5,Qatar,Qatar,Doha,2019-07-22,Active
1747,Customer 1747,Consumer,Healthcare,6,Kuwait,Kuwait,Kuwait City,2020-08-23,Active
1748,Customer 1748,Enterprise,Construction,1,UAE North,UAE,Dubai,2021-09-24,Active
1749,Customer 1749,Small Business,Hospitality,5,Qatar,Qatar,Doha,2022-10-25,Dormant
1750,Customer 1750,Mid-Market,Government,3,Saudi Central,Saudi Arabia,Riyadh,2023-11-01,Active
1751,Customer 1751,Mid-Market,Hospitality,6,Kuwait,Kuwait,Kuwait City,2024-12-02,Active
1752,Customer 1752,Consumer,Healthcare,9,India West,India,Mumbai,2017-01-03,Active
1753,Customer 1753,Consumer,Construction,6,Kuwait,Kuwait,Kuwait City,2018-02-04,Active
1754,Customer 1754,Small Business,Education,4,Saudi West,Saudi Arabia,Jeddah,2019-03-05,Dormant
1755,Customer 1755,Consumer,Healthcare,2,UAE South,UAE,Abu Dhabi,2020-04-06,Active
1756,Customer 1756,Small Business,Education,1,UAE North,UAE,Dubai,2021-05-07,Active
1757,Customer 1757,Consumer,Hospitality,8,Oman,Oman,Muscat,2022-06-08,Active
1758,Customer 1758,Consumer,Education,5,Qatar,Qatar,Doha,2023-07-09,Active
1759,Customer 1759,Mid-Market,Financial Services,1,UAE North,UAE,Dubai,2024-08-10,Active
1760,Customer 1760,Consumer,Construction,9,India West,India,Mumbai,2017-09-11,Dormant
1761,Customer 1761,Consumer,Hospitality,2,UAE South,UAE,Abu Dhabi,2018-10-12,Dormant
1762,Customer 1762,Small Business,Retail,7,Bahrain,Bahrain,Manama,2019-11-13,Active
1763,Customer 1763,Mid-Market,Healthcare,10,India South,India,Bengaluru,2020-12-14,Active
1764,Customer 1764,Consumer,Retail,1,UAE North,UAE,Dubai,2021-01-15,Active
1765,Customer 1765,Small Business,Hospitality,7,Bahrain,Bahrain,Manama,2022-02-16,Active
1766,Customer 1766,Consumer,Financial Services,8,Oman,Oman,Muscat,2023-03-17,Dormant
1767,Customer 1767,Small Business,Education,7,Bahrain,Bahrain,Manama,2024-04-18,Active
1768,Customer 1768,Mid-Market,Education,1,UAE North,UAE,Dubai,2017-05-19,Active
1769,Customer 1769,Small Business,Technology,9,India West,India,Mumbai,2018-06-20,Active
1770,Customer 1770,Mid-Market,Technology,4,Saudi West,Saudi Arabia,Jeddah,2019-07-21,Active
1771,Customer 1771,Mid-Market,Education,3,Saudi Central,Saudi Arabia,Riyadh,2020-08-22,Active
1772,Customer 1772,Small Business,Technology,1,UAE North,UAE,Dubai,2021-09-23,Active
1773,Customer 1773,Consumer,Retail,5,Qatar,Qatar,Doha,2022-10-24,Active
1774,Customer 1774,Small Business,Retail,4,Saudi West,Saudi Arabia,Jeddah,2023-11-25,Active
1775,Customer 1775,Consumer,Construction,10,India South,India,Bengaluru,2024-12-01,Active
1776,Customer 1776,Mid-Market,Healthcare,9,India West,India,Mumbai,2017-01-02,Dormant
1777,Customer 1777,Mid-Market,Retail,10,India South,India,Bengaluru,2018-02-03,Active
1778,Customer 1778,Mid-Market,Technology,6,Kuwait,Kuwait,Kuwait City,2019-03-04,Active
1779,Customer 1779,Consumer,Hospitality,5,Qatar,Qatar,Doha,2020-04-05,Dormant
1780,Customer 1780,Consumer,Education,5,Qatar,Qatar,Doha,2021-05-06,Dormant
1781,Customer 1781,Mid-Market,Education,4,Saudi West,Saudi Arabia,Jeddah,2022-06-07,Dormant
1782,Customer 1782,Small Business,Financial Services,3,Saudi Central,Saudi Arabia,Riyadh,2023-07-08,Active
1783,Customer 1783,Consumer,Hospitality,3,Saudi Central,Saudi Arabia,Riyadh,2024-08-09,Dormant
1784,Customer 1784,Small Business,Healthcare,3,Saudi Central,Saudi Arabia,Riyadh,2017-09-10,Active
1785,Customer 1785,Small Business,Healthcare,10,India South,India,Bengaluru,2018-10-11,Active
1786,Customer 1786,Mid-Market,Healthcare,1,UAE North,UAE,Dubai,2019-11-12,Dormant
1787,Customer 1787,Mid-Market,Healthcare,10,India South,India,Bengaluru,2020-12-13,Active
1788,Customer 1788,Mid-Market,Financial Services,7,Bahrain,Bahrain,Manama,2021-01-14,Active
1789,Customer 1789,Mid-Market,Retail,9,India West,India,Mumbai,2022-02-15,Active
1790,Customer 1790,Small Business,Hospitality,7,Bahrain,Bahrain,Manama,2023-03-16,Active
1791,Customer 1791,Mid-Market,Hospitality,1,UAE North,UAE,Dubai,2024-04-17,Active
1792,Customer 1792,Consumer,Retail,3,Saudi Central,Saudi Arabia,Riyadh,2017-05-18,Active
1793,Customer 1793,Small Business,Construction,2,UAE South,UAE,Abu Dhabi,2018-06-19,Active
1794,Customer 1794,Mid-Market,Government,4,Saudi West,Saudi Arabia,Jeddah,2019-07-20,Active
1795,Customer 1795,Mid-Market,Healthcare,5,Qatar,Qatar,Doha,2020-08-21,Active
1796,Customer 1796,Small Business,Technology,1,UAE North,UAE,Dubai,2021-09-22,Active
1797,Customer 1797,Consumer,Hospitality,1,UAE North,UAE,Dubai,2022-10-23,Active
1798,Customer 1798,Small Business,Financial Services,2,UAE South,UAE,Abu Dhabi,2023-11-24,Active
1799,Customer 1799,Consumer,Retail,1,UAE North,UAE,Dubai,2024-12-25,Active
1800,Customer 1800,Small Business,Construction,7,Bahrain,Bahrain,Manama,2017-01-01,Active
1801,Customer 1801,Consumer,Financial Services,4,Saudi West,Saudi Arabia,Jeddah,2018-02-02,Active
1802,Customer 1802,Mid-Market,Hospitality,8,Oman,Oman,Muscat,2019-03-03,Active
1803,Customer 1803,Consumer,Technology,2,UAE South,UAE,Abu Dhabi,2020-04-04,Active
1804,Customer 1804,Small Business,Hospitality,2,UAE South,UAE,Abu Dhabi,2021-05-05,Active
1805,Customer 1805,Consumer,Healthcare,2,UAE South,UAE,Abu Dhabi,2022-06-06,Active
1806,Customer 1806,Small Business,Healthcare,7,Bahrain,Bahrain,Manama,2023-07-07,Dormant
1807,Customer 1807,Consumer,Technology,3,Saudi Central,Saudi Arabia,Riyadh,2024-08-08,Active
1808,Customer 1808,Consumer,Technology,6,Kuwait,Kuwait,Kuwait City,2017-09-09,Dormant
1809,Customer 1809,Consumer,Hospitality,6,Kuwait,Kuwait,Kuwait City,2018-10-10,Active
1810,Customer 1810,Consumer,Healthcare,3,Saudi Central,Saudi Arabia,Riyadh,2019-11-11,Active
1811,Customer 1811,Small Business,Government,3,Saudi Central,Saudi Arabia,Riyadh,2020-12-12,Active
1812,Customer 1812,Small Business,Technology,2,UAE South,UAE,Abu Dhabi,2021-01-13,Active
1813,Customer 1813,Mid-Market,Healthcare,2,UAE South,UAE,Abu Dhabi,2022-02-14,Active
1814,Customer 1814,Mid-Market,Government,7,Bahrain,Bahrain,Manama,2023-03-15,Dormant
1815,Customer 1815,Small Business,Financial Services,8,Oman,Oman,Muscat,2024-04-16,Active
1816,Customer 1816,Consumer,Education,3,Saudi Central,Saudi Arabia,Riyadh,2017-05-17,Dormant
1817,Customer 1817,Small Business,Government,7,Bahrain,Bahrain,Manama,2018-06-18,Active
1818,Customer 1818,Enterprise,Financial Services,7,Bahrain,Bahrain,Manama,2019-07-19,Active
1819,Customer 1819,Mid-Market,Retail,2,UAE South,UAE,Abu Dhabi,2020-08-20,Active
1820,Customer 1820,Mid-Market,Government,1,UAE North,UAE,Dubai,2021-09-21,Active
1821,Customer 1821,Enterprise,Construction,2,UAE South,UAE,Abu Dhabi,2022-10-22,Active
1822,Customer 1822,Mid-Market,Healthcare,3,Saudi Central,Saudi Arabia,Riyadh,2023-11-23,Dormant
1823,Customer 1823,Mid-Market,Education,4,Saudi West,Saudi Arabia,Jeddah,2024-12-24,Active
1824,Customer 1824,Enterprise,Healthcare,3,Saudi Central,Saudi Arabia,Riyadh,2017-01-25,Dormant
1825,Customer 1825,Small Business,Financial Services,1,UAE North,UAE,Dubai,2018-02-01,Active
1826,Customer 1826,Consumer,Hospitality,1,UAE North,UAE,Dubai,2019-03-02,Dormant
1827,Customer 1827,Consumer,Retail,10,India South,India,Bengaluru,2020-04-03,Active
1828,Customer 1828,Mid-Market,Education,6,Kuwait,Kuwait,Kuwait City,2021-05-04,Active
1829,Customer 1829,Small Business,Financial Services,1,UAE North,UAE,Dubai,2022-06-05,Active
1830,Customer 1830,Small Business,Healthcare,3,Saudi Central,Saudi Arabia,Riyadh,2023-07-06,Active
1831,Customer 1831,Small Business,Construction,8,Oman,Oman,Muscat,2024-08-07,Dormant
1832,Customer 1832,Mid-Market,Healthcare,1,UAE North,UAE,Dubai,2017-09-08,Active
1833,Customer 1833,Small Business,Healthcare,1,UAE North,UAE,Dubai,2018-10-09,Active
1834,Customer 1834,Small Business,Financial Services,1,UAE North,UAE,Dubai,2019-11-10,Dormant
1835,Customer 1835,Consumer,Technology,9,India West,India,Mumbai,2020-12-11,Active
1836,Customer 1836,Small Business,Healthcare,4,Saudi West,Saudi Arabia,Jeddah,2021-01-12,Active
1837,Customer 1837,Small Business,Healthcare,2,UAE South,UAE,Abu Dhabi,2022-02-13,Active
1838,Customer 1838,Small Business,Education,7,Bahrain,Bahrain,Manama,2023-03-14,Dormant
1839,Customer 1839,Consumer,Hospitality,3,Saudi Central,Saudi Arabia,Riyadh,2024-04-15,Dormant
1840,Customer 1840,Mid-Market,Financial Services,8,Oman,Oman,Muscat,2017-05-16,Dormant
1841,Customer 1841,Enterprise,Construction,3,Saudi Central,Saudi Arabia,Riyadh,2018-06-17,Dormant
1842,Customer 1842,Mid-Market,Hospitality,4,Saudi West,Saudi Arabia,Jeddah,2019-07-18,Active
1843,Customer 1843,Small Business,Construction,6,Kuwait,Kuwait,Kuwait City,2020-08-19,Active
1844,Customer 1844,Mid-Market,Hospitality,4,Saudi West,Saudi Arabia,Jeddah,2021-09-20,Active
1845,Customer 1845,Small Business,Technology,4,Saudi West,Saudi Arabia,Jeddah,2022-10-21,Active
1846,Customer 1846,Mid-Market,Retail,9,India West,India,Mumbai,2023-11-22,Active
1847,Customer 1847,Enterprise,Retail,5,Qatar,Qatar,Doha,2024-12-23,Dormant
1848,Customer 1848,Enterprise,Hospitality,1,UAE North,UAE,Dubai,2017-01-24,Active
1849,Customer 1849,Consumer,Technology,1,UAE North,UAE,Dubai,2018-02-25,Dormant
1850,Customer 1850,Mid-Market,Financial Services,9,India West,India,Mumbai,2019-03-01,Active
1851,Customer 1851,Consumer,Hospitality,3,Saudi Central,Saudi Arabia,Riyadh,2020-04-02,Active
1852,Customer 1852,Consumer,Hospitality,7,Bahrain,Bahrain,Manama,2021-05-03,Active
1853,Customer 1853,Small Business,Financial Services,1,UAE North,UAE,Dubai,2022-06-04,Dormant
1854,Customer 1854,Consumer,Retail,10,India South,India,Bengaluru,2023-07-05,Active
1855,Customer 1855,Mid-Market,Government,3,Saudi Central,Saudi Arabia,Riyadh,2024-08-06,Active
1856,Customer 1856,Consumer,Education,2,UAE South,UAE,Abu Dhabi,2017-09-07,Active
1857,Customer 1857,Consumer,Healthcare,3,Saudi Central,Saudi Arabia,Riyadh,2018-10-08,Active
1858,Customer 1858,Consumer,Construction,8,Oman,Oman,Muscat,2019-11-09,Active
1859,Customer 1859,Small Business,Financial Services,6,Kuwait,Kuwait,Kuwait City,2020-12-10,Active
1860,Customer 1860,Mid-Market,Hospitality,7,Bahrain,Bahrain,Manama,2021-01-11,Active
1861,Customer 1861,Small Business,Government,10,India South,India,Bengaluru,2022-02-12,Active
1862,Customer 1862,Mid-Market,Technology,1,UAE North,UAE,Dubai,2023-03-13,Active
1863,Customer 1863,Enterprise,Construction,8,Oman,Oman,Muscat,2024-04-14,Active
1864,Customer 1864,Mid-Market,Technology,5,Qatar,Qatar,Doha,2017-05-15,Active
1865,Customer 1865,Enterprise,Healthcare,6,Kuwait,Kuwait,Kuwait City,2018-06-16,Dormant
1866,Customer 1866,Consumer,Technology,5,Qatar,Qatar,Doha,2019-07-17,Dormant
1867,Customer 1867,Consumer,Government,3,Saudi Central,Saudi Arabia,Riyadh,2020-08-18,Active
1868,Customer 1868,Consumer,Financial Services,6,Kuwait,Kuwait,Kuwait City,2021-09-19,Dormant
1869,Customer 1869,Consumer,Healthcare,10,India South,India,Bengaluru,2022-10-20,Dormant
1870,Customer 1870,Small Business,Construction,6,Kuwait,Kuwait,Kuwait City,2023-11-21,Active
1871,Customer 1871,Small Business,Government,2,UAE South,UAE,Abu Dhabi,2024-12-22,Active
1872,Customer 1872,Small Business,Retail,1,UAE North,UAE,Dubai,2017-01-23,Active
1873,Customer 1873,Enterprise,Hospitality,9,India West,India,Mumbai,2018-02-24,Active
1874,Customer 1874,Mid-Market,Financial Services,7,Bahrain,Bahrain,Manama,2019-03-25,Active
1875,Customer 1875,Small Business,Government,4,Saudi West,Saudi Arabia,Jeddah,2020-04-01,Active
1876,Customer 1876,Small Business,Government,6,Kuwait,Kuwait,Kuwait City,2021-05-02,Active
1877,Customer 1877,Mid-Market,Hospitality,2,UAE South,UAE,Abu Dhabi,2022-06-03,Dormant
1878,Customer 1878,Mid-Market,Construction,7,Bahrain,Bahrain,Manama,2023-07-04,Active
1879,Customer 1879,Mid-Market,Government,6,Kuwait,Kuwait,Kuwait City,2024-08-05,Active
1880,Customer 1880,Enterprise,Government,8,Oman,Oman,Muscat,2017-09-06,Active
1881,Customer 1881,Mid-Market,Government,9,India West,India,Mumbai,2018-10-07,Active
1882,Customer 1882,Mid-Market,Retail,4,Saudi West,Saudi Arabia,Jeddah,2019-11-08,Dormant
1883,Customer 1883,Consumer,Construction,1,UAE North,UAE,Dubai,2020-12-09,Dormant
1884,Customer 1884,Mid-Market,Education,8,Oman,Oman,Muscat,2021-01-10,Active
1885,Customer 1885,Mid-Market,Healthcare,7,Bahrain,Bahrain,Manama,2022-02-11,Active
1886,Customer 1886,Enterprise,Financial Services,3,Saudi Central,Saudi Arabia,Riyadh,2023-03-12,Active
1887,Customer 1887,Consumer,Government,5,Qatar,Qatar,Doha,2024-04-13,Dormant
1888,Customer 1888,Mid-Market,Technology,9,India West,India,Mumbai,2017-05-14,Active
1889,Customer 1889,Enterprise,Financial Services,1,UAE North,UAE,Dubai,2018-06-15,Active
1890,Customer 1890,Mid-Market,Construction,5,Qatar,Qatar,Doha,2019-07-16,Dormant
1891,Customer 1891,Small Business,Healthcare,8,Oman,Oman,Muscat,2020-08-17,Dormant
1892,Customer 1892,Consumer,Financial Services,6,Kuwait,Kuwait,Kuwait City,2021-09-18,Active
1893,Customer 1893,Consumer,Education,9,India West,India,Mumbai,2022-10-19,Active
1894,Customer 1894,Small Business,Construction,10,India South,India,Bengaluru,2023-11-20,Active
1895,Customer 1895,Mid-Market,Government,1,UAE North,UAE,Dubai,2024-12-21,Active
1896,Customer 1896,Consumer,Hospitality,8,Oman,Oman,Muscat,2017-01-22,Dormant
1897,Customer 1897,Small Business,Retail,5,Qatar,Qatar,Doha,2018-02-23,Dormant
1898,Customer 1898,Small Business,Hospitality,3,Saudi Central,Saudi Arabia,Riyadh,2019-03-24,Active
1899,Customer 1899,Consumer,Education,4,Saudi West,Saudi Arabia,Jeddah,2020-04-25,Dormant
1900,Customer 1900,Consumer,Financial Services,9,India West,India,Mumbai,2021-05-01,Active
1901,Customer 1901,Mid-Market,Education,6,Kuwait,Kuwait,Kuwait City,2022-06-02,Active
1902,Customer 1902,Consumer,Retail,6,Kuwait,Kuwait,Kuwait City,2023-07-03,Active
1903,Customer 1903,Small Business,Hospitality,5,Qatar,Qatar,Doha,2024-08-04,Dormant
1904,Customer 1904,Small Business,Construction,8,Oman,Oman,Muscat,2017-09-05,Active
1905,Customer 1905,Small Business,Construction,9,India West,India,Mumbai,2018-10-06,Active
1906,Customer 1906,Small Business,Construction,3,Saudi Central,Saudi Arabia,Riyadh,2019-11-07,Active
1907,Customer 1907,Small Business,Financial Services,9,India West,India,Mumbai,2020-12-08,Dormant
1908,Customer 1908,Consumer,Financial Services,5,Qatar,Qatar,Doha,2021-01-09,Active
1909,Customer 1909,Consumer,Hospitality,10,India South,India,Bengaluru,2022-02-10,Active
1910,Customer 1910,Enterprise,Retail,2,UAE South,UAE,Abu Dhabi,2023-03-11,Dormant
1911,Customer 1911,Small Business,Hospitality,2,UAE South,UAE,Abu Dhabi,2024-04-12,Dormant
1912,Customer 1912,Small Business,Retail,9,India West,India,Mumbai,2017-05-13,Active
1913,Customer 1913,Mid-Market,Government,7,Bahrain,Bahrain,Manama,2018-06-14,Dormant
1914,Customer 1914,Mid-Market,Government,2,UAE South,UAE,Abu Dhabi,2019-07-15,Active
1915,Customer 1915,Consumer,Government,6,Kuwait,Kuwait,Kuwait City,2020-08-16,Dormant
1916,Customer 1916,Enterprise,Construction,7,Bahrain,Bahrain,Manama,2021-09-17,Active
1917,Customer 1917,Mid-Market,Technology,9,India West,India,Mumbai,2022-10-18,Active
1918,Customer 1918,Small Business,Retail,7,Bahrain,Bahrain,Manama,2023-11-19,Dormant
1919,Customer 1919,Enterprise,Healthcare,1,UAE North,UAE,Dubai,2024-12-20,Active
1920,Customer 1920,Consumer,Construction,9,India West,India,Mumbai,2017-01-21,Active
1921,Customer 1921,Consumer,Financial Services,3,Saudi Central,Saudi Arabia,Riyadh,2018-02-22,Active
1922,Customer 1922,Consumer,Education,9,India West,India,Mumbai,2019-03-23,Dormant
1923,Customer 1923,Consumer,Financial Services,1,UAE North,UAE,Dubai,2020-04-24,Active
1924,Customer 1924,Consumer,Healthcare,7,Bahrain,Bahrain,Manama,2021-05-25,Dormant
1925,Customer 1925,Small Business,Financial Services,6,Kuwait,Kuwait,Kuwait City,2022-06-01,Active
1926,Customer 1926,Consumer,Healthcare,2,UAE South,UAE,Abu Dhabi,2023-07-02,Active
1927,Customer 1927,Consumer,Technology,10,India South,India,Bengaluru,2024-08-03,Active
1928,Customer 1928,Mid-Market,Hospitality,6,Kuwait,Kuwait,Kuwait City,2017-09-04,Active
1929,Customer 1929,Enterprise,Healthcare,7,Bahrain,Bahrain,Manama,2018-10-05,Active
1930,Customer 1930,Consumer,Hospitality,10,India South,India,Bengaluru,2019-11-06,Dormant
1931,Customer 1931,Consumer,Healthcare,1,UAE North,UAE,Dubai,2020-12-07,Dormant
1932,Customer 1932,Mid-Market,Education,6,Kuwait,Kuwait,Kuwait City,2021-01-08,Active
1933,Customer 1933,Small Business,Education,4,Saudi West,Saudi Arabia,Jeddah,2022-02-09,Dormant
1934,Customer 1934,Small Business,Technology,5,Qatar,Qatar,Doha,2023-03-10,Active
1935,Customer 1935,Small Business,Hospitality,3,Saudi Central,Saudi Arabia,Riyadh,2024-04-11,Active
1936,Customer 1936,Consumer,Hospitality,8,Oman,Oman,Muscat,2017-05-12,Active
1937,Customer 1937,Mid-Market,Healthcare,3,Saudi Central,Saudi Arabia,Riyadh,2018-06-13,Active
1938,Customer 1938,Small Business,Construction,2,UAE South,UAE,Abu Dhabi,2019-07-14,Active
1939,Customer 1939,Enterprise,Retail,7,Bahrain,Bahrain,Manama,2020-08-15,Dormant
1940,Customer 1940,Small Business,Hospitality,2,UAE South,UAE,Abu Dhabi,2021-09-16,Active
1941,Customer 1941,Small Business,Construction,7,Bahrain,Bahrain,Manama,2022-10-17,Dormant
1942,Customer 1942,Mid-Market,Retail,3,Saudi Central,Saudi Arabia,Riyadh,2023-11-18,Active
1943,Customer 1943,Small Business,Retail,10,India South,India,Bengaluru,2024-12-19,Active
1944,Customer 1944,Consumer,Government,6,Kuwait,Kuwait,Kuwait City,2017-01-20,Active
1945,Customer 1945,Small Business,Technology,3,Saudi Central,Saudi Arabia,Riyadh,2018-02-21,Active
1946,Customer 1946,Small Business,Retail,4,Saudi West,Saudi Arabia,Jeddah,2019-03-22,Active
1947,Customer 1947,Consumer,Hospitality,4,Saudi West,Saudi Arabia,Jeddah,2020-04-23,Active
1948,Customer 1948,Mid-Market,Education,1,UAE North,UAE,Dubai,2021-05-24,Active
1949,Customer 1949,Mid-Market,Government,3,Saudi Central,Saudi Arabia,Riyadh,2022-06-25,Active
1950,Customer 1950,Mid-Market,Technology,2,UAE South,UAE,Abu Dhabi,2023-07-01,Dormant
1951,Customer 1951,Small Business,Financial Services,8,Oman,Oman,Muscat,2024-08-02,Active
1952,Customer 1952,Mid-Market,Technology,5,Qatar,Qatar,Doha,2017-09-03,Dormant
1953,Customer 1953,Small Business,Technology,2,UAE South,UAE,Abu Dhabi,2018-10-04,Active
1954,Customer 1954,Consumer,Government,4,Saudi West,Saudi Arabia,Jeddah,2019-11-05,Dormant
1955,Customer 1955,Small Business,Technology,8,Oman,Oman,Muscat,2020-12-06,Active
1956,Customer 1956,Enterprise,Financial Services,10,India South,India,Bengaluru,2021-01-07,Dormant
1957,Customer 1957,Small Business,Construction,4,Saudi West,Saudi Arabia,Jeddah,2022-02-08,Active
1958,Customer 1958,Mid-Market,Retail,8,Oman,Oman,Muscat,2023-03-09,Active
1959,Customer 1959,Small Business,Construction,10,India South,India,Bengaluru,2024-04-10,Dormant
1960,Customer 1960,Enterprise,Construction,1,UAE North,UAE,Dubai,2017-05-11,Dormant
1961,Customer 1961,Mid-Market,Hospitality,3,Saudi Central,Saudi Arabia,Riyadh,2018-06-12,Active
1962,Customer 1962,Small Business,Construction,6,Kuwait,Kuwait,Kuwait City,2019-07-13,Active
1963,Customer 1963,Mid-Market,Retail,1,UAE North,UAE,Dubai,2020-08-14,Active
1964,Customer 1964,Small Business,Construction,4,Saudi West,Saudi Arabia,Jeddah,2021-09-15,Active
1965,Customer 1965,Enterprise,Technology,9,India West,India,Mumbai,2022-10-16,Active
1966,Customer 1966,Mid-Market,Technology,9,India West,India,Mumbai,2023-11-17,Active
1967,Customer 1967,Consumer,Financial Services,10,India South,India,Bengaluru,2024-12-18,Dormant
1968,Customer 1968,Consumer,Education,6,Kuwait,Kuwait,Kuwait City,2017-01-19,Active
1969,Customer 1969,Consumer,Government,1,UAE North,UAE,Dubai,2018-02-20,Active
1970,Customer 1970,Small Business,Hospitality,5,Qatar,Qatar,Doha,2019-03-21,Dormant
1971,Customer 1971,Small Business,Financial Services,3,Saudi Central,Saudi Arabia,Riyadh,2020-04-22,Active
1972,Customer 1972,Enterprise,Retail,10,India South,India,Bengaluru,2021-05-23,Active
1973,Customer 1973,Mid-Market,Financial Services,8,Oman,Oman,Muscat,2022-06-24,Active
1974,Customer 1974,Consumer,Retail,9,India West,India,Mumbai,2023-07-25,Active
1975,Customer 1975,Enterprise,Hospitality,1,UAE North,UAE,Dubai,2024-08-01,Dormant
1976,Customer 1976,Mid-Market,Construction,5,Qatar,Qatar,Doha,2017-09-02,Dormant
1977,Customer 1977,Small Business,Construction,2,UAE South,UAE,Abu Dhabi,2018-10-03,Dormant
1978,Customer 1978,Enterprise,Technology,10,India South,India,Bengaluru,2019-11-04,Dormant
1979,Customer 1979,Consumer,Hospitality,8,Oman,Oman,Muscat,2020-12-05,Active
1980,Customer 1980,Enterprise,Education,10,India South,India,Bengaluru,2021-01-06,Active
1981,Customer 1981,Mid-Market,Construction,1,UAE North,UAE,Dubai,2022-02-07,Dormant
1982,Customer 1982,Mid-Market,Education,4,Saudi West,Saudi Arabia,Jeddah,2023-03-08,Active
1983,Customer 1983,Consumer,Retail,9,India West,India,Mumbai,2024-04-09,Active
1984,Customer 1984,Enterprise,Technology,1,UAE North,UAE,Dubai,2017-05-10,Active
1985,Customer 1985,Mid-Market,Financial Services,5,Qatar,Qatar,Doha,2018-06-11,Active
1986,Customer 1986,Consumer,Government,3,Saudi Central,Saudi Arabia,Riyadh,2019-07-12,Active
1987,Customer 1987,Mid-Market,Healthcare,3,Saudi Central,Saudi Arabia,Riyadh,2020-08-13,Dormant
1988,Customer 1988,Small Business,Education,8,Oman,Oman,Muscat,2021-09-14,Dormant
1989,Customer 1989,Consumer,Construction,8,Oman,Oman,Muscat,2022-10-15,Dormant
1990,Customer 1990,Enterprise,Technology,4,Saudi West,Saudi Arabia,Jeddah,2023-11-16,Active
1991,Customer 1991,Small Business,Education,6,Kuwait,Kuwait,Kuwait City,2024-12-17,Active
1992,Customer 1992,Enterprise,Government,2,UAE South,UAE,Abu Dhabi,2017-01-18,Active
1993,Customer 1993,Enterprise,Education,4,Saudi West,Saudi Arabia,Jeddah,2018-02-19,Dormant
1994,Customer 1994,Mid-Market,Hospitality,7,Bahrain,Bahrain,Manama,2019-03-20,Active
1995,Customer 1995,Consumer,Construction,4,Saudi West,Saudi Arabia,Jeddah,2020-04-21,Active
1996,Customer 1996,Small Business,Hospitality,8,Oman,Oman,Muscat,2021-05-22,Active
1997,Customer 1997,Consumer,Financial Services,4,Saudi West,Saudi Arabia,Jeddah,2022-06-23,Dormant
1998,Customer 1998,Small Business,Financial Services,10,India South,India,Bengaluru,2023-07-24,Active
1999,Customer 1999,Mid-Market,Healthcare,2,UAE South,UAE,Abu Dhabi,2024-08-25,Active
2000,Customer 2000,Small Business,Healthcare,10,India South,India,Bengaluru,2017-09-01,Dormant
2001,Customer 2001,Consumer,Education,2,UAE South,UAE,Abu Dhabi,2018-10-02,Active
2002,Customer 2002,Mid-Market,Retail,8,Oman,Oman,Muscat,2019-11-03,Dormant
2003,Customer 2003,Small Business,Technology,9,India West,India,Mumbai,2020-12-04,Active
2004,Customer 2004,Enterprise,Financial Services,9,India West,India,Mumbai,2021-01-05,Active
2005,Customer 2005,Small Business,Financial Services,3,Saudi Central,Saudi Arabia,Riyadh,2022-02-06,Active
2006,Customer 2006,Small Business,Construction,1,UAE North,UAE,Dubai,2023-03-07,Active
2007,Customer 2007,Small Business,Financial Services,1,UAE North,UAE,Dubai,2024-04-08,Active
2008,Customer 2008,Mid-Market,Healthcare,5,Qatar,Qatar,Doha,2017-05-09,Active
2009,Customer 2009,Small Business,Financial Services,9,India West,India,Mumbai,2018-06-10,Active
2010,Customer 2010,Small Business,Hospitality,1,UAE North,UAE,Dubai,2019-07-11,Active
2011,Customer 2011,Enterprise,Retail,2,UAE South,UAE,Abu Dhabi,2020-08-12,Active
2012,Customer 2012,Enterprise,Hospitality,4,Saudi West,Saudi Arabia,Jeddah,2021-09-13,Active
2013,Customer 2013,Consumer,Financial Services,4,Saudi West,Saudi Arabia,Jeddah,2022-10-14,Dormant
2014,Customer 2014,Enterprise,Technology,7,Bahrain,Bahrain,Manama,2023-11-15,Dormant
2015,Customer 2015,Mid-Market,Education,4,Saudi West,Saudi Arabia,Jeddah,2024-12-16,Active
2016,Customer 2016,Consumer,Technology,5,Qatar,Qatar,Doha,2017-01-17,Active
2017,Customer 2017,Mid-Market,Government,2,UAE South,UAE,Abu Dhabi,2018-02-18,Active
2018,Customer 2018,Mid-Market,Hospitality,4,Saudi West,Saudi Arabia,Jeddah,2019-03-19,Active
2019,Customer 2019,Mid-Market,Government,3,Saudi Central,Saudi Arabia,Riyadh,2020-04-20,Active
2020,Customer 2020,Small Business,Financial Services,1,UAE North,UAE,Dubai,2021-05-21,Active
2021,Customer 2021,Mid-Market,Technology,1,UAE North,UAE,Dubai,2022-06-22,Active
2022,Customer 2022,Small Business,Retail,3,Saudi Central,Saudi Arabia,Riyadh,2023-07-23,Active
2023,Customer 2023,Small Business,Government,8,Oman,Oman,Muscat,2024-08-24,Active
2024,Customer 2024,Enterprise,Retail,8,Oman,Oman,Muscat,2017-09-25,Active
2025,Customer 2025,Small Business,Healthcare,4,Saudi West,Saudi Arabia,Jeddah,2018-10-01,Active
2026,Customer 2026,Enterprise,Construction,2,UAE South,UAE,Abu Dhabi,2019-11-02,Dormant
2027,Customer 2027,Consumer,Technology,8,Oman,Oman,Muscat,2020-12-03,Dormant
2028,Customer 2028,Mid-Market,Retail,5,Qatar,Qatar,Doha,2021-01-04,Active
2029,Customer 2029,Consumer,Government,5,Qatar,Qatar,Doha,2022-02-05,Active
2030,Customer 2030,Small Business,Retail,5,Qatar,Qatar,Doha,2023-03-06,Active
2031,Customer 2031,Consumer,Healthcare,7,Bahrain,Bahrain,Manama,2024-04-07,Active
2032,Customer 2032,Enterprise,Financial Services,8,Oman,Oman,Muscat,2017-05-08,Active
2033,Customer 2033,Consumer,Education,4,Saudi West,Saudi Arabia,Jeddah,2018-06-09,Dormant
2034,Customer 2034,Consumer,Government,2,UAE South,UAE,Abu Dhabi,2019-07-10,Active
2035,Customer 2035,Consumer,Construction,5,Qatar,Qatar,Doha,2020-08-11,Active
2036,Customer 2036,Small Business,Technology,7,Bahrain,Bahrain,Manama,2021-09-12,Active
2037,Customer 2037,Enterprise,Construction,4,Saudi West,Saudi Arabia,Jeddah,2022-10-13,Active
2038,Customer 2038,Consumer,Construction,7,Bahrain,Bahrain,Manama,2023-11-14,Active
2039,Customer 2039,Consumer,Government,2,UAE South,UAE,Abu Dhabi,2024-12-15,Active
2040,Customer 2040,Small Business,Technology,8,Oman,Oman,Muscat,2017-01-16,Active
2041,Customer 2041,Small Business,Hospitality,5,Qatar,Qatar,Doha,2018-02-17,Active
2042,Customer 2042,Small Business,Education,1,UAE North,UAE,Dubai,2019-03-18,Active
2043,Customer 2043,Mid-Market,Government,10,India South,India,Bengaluru,2020-04-19,Active
2044,Customer 2044,Small Business,Retail,1,UAE North,UAE,Dubai,2021-05-20,Active
2045,Customer 2045,Mid-Market,Technology,5,Qatar,Qatar,Doha,2022-06-21,Active
2046,Customer 2046,Consumer,Healthcare,2,UAE South,UAE,Abu Dhabi,2023-07-22,Active
2047,Customer 2047,Small Business,Hospitality,7,Bahrain,Bahrain,Manama,2024-08-23,Active
2048,Customer 2048,Enterprise,Construction,4,Saudi West,Saudi Arabia,Jeddah,2017-09-24,Active
2049,Customer 2049,Small Business,Hospitality,7,Bahrain,Bahrain,Manama,2018-10-25,Active
2050,Customer 2050,Small Business,Healthcare,5,Qatar,Qatar,Doha,2019-11-01,Dormant
2051,Customer 2051,Consumer,Healthcare,6,Kuwait,Kuwait,Kuwait City,2020-12-02,Active
2052,Customer 2052,Mid-Market,Education,5,Qatar,Qatar,Doha,2021-01-03,Active
2053,Customer 2053,Enterprise,Government,5,Qatar,Qatar,Doha,2022-02-04,Active
2054,Customer 2054,Consumer,Financial Services,7,Bahrain,Bahrain,Manama,2023-03-05,Active
2055,Customer 2055,Small Business,Construction,3,Saudi Central,Saudi Arabia,Riyadh,2024-04-06,Active
2056,Customer 2056,Mid-Market,Government,8,Oman,Oman,Muscat,2017-05-07,Dormant
2057,Customer 2057,Small Business,Retail,7,Bahrain,Bahrain,Manama,2018-06-08,Dormant
2058,Customer 2058,Consumer,Technology,2,UAE South,UAE,Abu Dhabi,2019-07-09,Active
2059,Customer 2059,Small Business,Healthcare,10,India South,India,Bengaluru,2020-08-10,Active
2060,Customer 2060,Consumer,Financial Services,1,UAE North,UAE,Dubai,2021-09-11,Active
2061,Customer 2061,Small Business,Government,7,Bahrain,Bahrain,Manama,2022-10-12,Dormant
2062,Customer 2062,Enterprise,Technology,1,UAE North,UAE,Dubai,2023-11-13,Active
2063,Customer 2063,Small Business,Technology,6,Kuwait,Kuwait,Kuwait City,2024-12-14,Dormant
2064,Customer 2064,Consumer,Hospitality,6,Kuwait,Kuwait,Kuwait City,2017-01-15,Active
2065,Customer 2065,Small Business,Government,4,Saudi West,Saudi Arabia,Jeddah,2018-02-16,Active
2066,Customer 2066,Consumer,Healthcare,4,Saudi West,Saudi Arabia,Jeddah,2019-03-17,Active
2067,Customer 2067,Consumer,Retail,5,Qatar,Qatar,Doha,2020-04-18,Dormant
2068,Customer 2068,Small Business,Hospitality,10,India South,India,Bengaluru,2021-05-19,Active
2069,Customer 2069,Mid-Market,Hospitality,1,UAE North,UAE,Dubai,2022-06-20,Active
2070,Customer 2070,Mid-Market,Government,4,Saudi West,Saudi Arabia,Jeddah,2023-07-21,Active
2071,Customer 2071,Small Business,Retail,9,India West,India,Mumbai,2024-08-22,Active
2072,Customer 2072,Small Business,Healthcare,5,Qatar,Qatar,Doha,2017-09-23,Active
2073,Customer 2073,Mid-Market,Government,9,India West,India,Mumbai,2018-10-24,Active
2074,Customer 2074,Mid-Market,Retail,7,Bahrain,Bahrain,Manama,2019-11-25,Active
2075,Customer 2075,Consumer,Education,3,Saudi Central,Saudi Arabia,Riyadh,2020-12-01,Active
2076,Customer 2076,Consumer,Education,9,India West,India,Mumbai,2021-01-02,Dormant
2077,Customer 2077,Mid-Market,Hospitality,8,Oman,Oman,Muscat,2022-02-03,Dormant
2078,Customer 2078,Small Business,Financial Services,6,Kuwait,Kuwait,Kuwait City,2023-03-04,Dormant
2079,Customer 2079,Small Business,Financial Services,2,UAE South,UAE,Abu Dhabi,2024-04-05,Active
2080,Customer 2080,Mid-Market,Hospitality,1,UAE North,UAE,Dubai,2017-05-06,Dormant
2081,Customer 2081,Small Business,Retail,1,UAE North,UAE,Dubai,2018-06-07,Dormant
2082,Customer 2082,Consumer,Construction,1,UAE North,UAE,Dubai,2019-07-08,Active
2083,Customer 2083,Consumer,Government,8,Oman,Oman,Muscat,2020-08-09,Active
2084,Customer 2084,Consumer,Construction,1,UAE North,UAE,Dubai,2021-09-10,Active
2085,Customer 2085,Consumer,Financial Services,6,Kuwait,Kuwait,Kuwait City,2022-10-11,Active
2086,Customer 2086,Small Business,Construction,3,Saudi Central,Saudi Arabia,Riyadh,2023-11-12,Active
2087,Customer 2087,Consumer,Healthcare,8,Oman,Oman,Muscat,2024-12-13,Active
2088,Customer 2088,Consumer,Hospitality,5,Qatar,Qatar,Doha,2017-01-14,Dormant
2089,Customer 2089,Consumer,Healthcare,7,Bahrain,Bahrain,Manama,2018-02-15,Active
2090,Customer 2090,Small Business,Construction,3,Saudi Central,Saudi Arabia,Riyadh,2019-03-16,Dormant
2091,Customer 2091,Enterprise,Healthcare,2,UAE South,UAE,Abu Dhabi,2020-04-17,Active
2092,Customer 2092,Small Business,Government,2,UAE South,UAE,Abu Dhabi,2021-05-18,Dormant
2093,Customer 2093,Consumer,Education,6,Kuwait,Kuwait,Kuwait City,2022-06-19,Active
2094,Customer 2094,Consumer,Financial Services,3,Saudi Central,Saudi Arabia,Riyadh,2023-07-20,Dormant
2095,Customer 2095,Enterprise,Technology,2,UAE South,UAE,Abu Dhabi,2024-08-21,Active
2096,Customer 2096,Consumer,Hospitality,1,UAE North,UAE,Dubai,2017-09-22,Dormant
2097,Customer 2097,Small Business,Retail,6,Kuwait,Kuwait,Kuwait City,2018-10-23,Active
2098,Customer 2098,Enterprise,Government,6,Kuwait,Kuwait,Kuwait City,2019-11-24,Dormant
2099,Customer 2099,Consumer,Education,3,Saudi Central,Saudi Arabia,Riyadh,2020-12-25,Active
2100,Customer 2100,Small Business,Technology,5,Qatar,Qatar,Doha,2021-01-01,Active
2101,Customer 2101,Consumer,Financial Services,4,Saudi West,Saudi Arabia,Jeddah,2022-02-02,Active
2102,Customer 2102,Small Business,Hospitality,2,UAE South,UAE,Abu Dhabi,2023-03-03,Active
2103,Customer 2103,Consumer,Retail,1,UAE North,UAE,Dubai,2024-04-04,Active
2104,Customer 2104,Small Business,Hospitality,7,Bahrain,Bahrain,Manama,2017-05-05,Active
2105,Customer 2105,Small Business,Government,3,Saudi Central,Saudi Arabia,Riyadh,2018-06-06,Active
2106,Customer 2106,Small Business,Government,4,Saudi West,Saudi Arabia,Jeddah,2019-07-07,Active
2107,Customer 2107,Small Business,Healthcare,6,Kuwait,Kuwait,Kuwait City,2020-08-08,Active
2108,Customer 2108,Small Business,Financial Services,8,Oman,Oman,Muscat,2021-09-09,Active
2109,Customer 2109,Enterprise,Technology,10,India South,India,Bengaluru,2022-10-10,Active
2110,Customer 2110,Small Business,Retail,2,UAE South,UAE,Abu Dhabi,2023-11-11,Active
2111,Customer 2111,Mid-Market,Technology,1,UAE North,UAE,Dubai,2024-12-12,Active
2112,Customer 2112,Consumer,Hospitality,7,Bahrain,Bahrain,Manama,2017-01-13,Active
2113,Customer 2113,Enterprise,Education,5,Qatar,Qatar,Doha,2018-02-14,Active
2114,Customer 2114,Small Business,Hospitality,7,Bahrain,Bahrain,Manama,2019-03-15,Dormant
2115,Customer 2115,Small Business,Retail,5,Qatar,Qatar,Doha,2020-04-16,Active
2116,Customer 2116,Mid-Market,Construction,7,Bahrain,Bahrain,Manama,2021-05-17,Active
2117,Customer 2117,Mid-Market,Construction,3,Saudi Central,Saudi Arabia,Riyadh,2022-06-18,Active
2118,Customer 2118,Small Business,Retail,4,Saudi West,Saudi Arabia,Jeddah,2023-07-19,Active
2119,Customer 2119,Consumer,Hospitality,2,UAE South,UAE,Abu Dhabi,2024-08-20,Dormant
2120,Customer 2120,Mid-Market,Retail,3,Saudi Central,Saudi Arabia,Riyadh,2017-09-21,Active
2121,Customer 2121,Small Business,Education,1,UAE North,UAE,Dubai,2018-10-22,Active
2122,Customer 2122,Small Business,Education,7,Bahrain,Bahrain,Manama,2019-11-23,Active
2123,Customer 2123,Enterprise,Education,1,UAE North,UAE,Dubai,2020-12-24,Dormant
2124,Customer 2124,Small Business,Retail,1,UAE North,UAE,Dubai,2021-01-25,Dormant
2125,Customer 2125,Small Business,Financial Services,7,Bahrain,Bahrain,Manama,2022-02-01,Dormant
2126,Customer 2126,Mid-Market,Government,9,India West,India,Mumbai,2023-03-02,Active
2127,Customer 2127,Consumer,Construction,10,India South,India,Bengaluru,2024-04-03,Active
2128,Customer 2128,Mid-Market,Retail,4,Saudi West,Saudi Arabia,Jeddah,2017-05-04,Active
2129,Customer 2129,Enterprise,Retail,4,Saudi West,Saudi Arabia,Jeddah,2018-06-05,Active
2130,Customer 2130,Consumer,Retail,7,Bahrain,Bahrain,Manama,2019-07-06,Active
2131,Customer 2131,Consumer,Hospitality,4,Saudi West,Saudi Arabia,Jeddah,2020-08-07,Active
2132,Customer 2132,Small Business,Technology,3,Saudi Central,Saudi Arabia,Riyadh,2021-09-08,Active
2133,Customer 2133,Mid-Market,Education,6,Kuwait,Kuwait,Kuwait City,2022-10-09,Active
2134,Customer 2134,Small Business,Government,3,Saudi Central,Saudi Arabia,Riyadh,2023-11-10,Active
2135,Customer 2135,Enterprise,Education,2,UAE South,UAE,Abu Dhabi,2024-12-11,Dormant
2136,Customer 2136,Consumer,Education,6,Kuwait,Kuwait,Kuwait City,2017-01-12,Dormant
2137,Customer 2137,Consumer,Technology,5,Qatar,Qatar,Doha,2018-02-13,Active
2138,Customer 2138,Consumer,Construction,9,India West,India,Mumbai,2019-03-14,Active
2139,Customer 2139,Mid-Market,Financial Services,1,UAE North,UAE,Dubai,2020-04-15,Dormant
2140,Customer 2140,Enterprise,Healthcare,5,Qatar,Qatar,Doha,2021-05-16,Active
2141,Customer 2141,Consumer,Education,5,Qatar,Qatar,Doha,2022-06-17,Active
2142,Customer 2142,Consumer,Healthcare,6,Kuwait,Kuwait,Kuwait City,2023-07-18,Active
2143,Customer 2143,Small Business,Government,4,Saudi West,Saudi Arabia,Jeddah,2024-08-19,Active
2144,Customer 2144,Small Business,Retail,1,UAE North,UAE,Dubai,2017-09-20,Active
2145,Customer 2145,Small Business,Technology,5,Qatar,Qatar,Doha,2018-10-21,Active
2146,Customer 2146,Mid-Market,Financial Services,1,UAE North,UAE,Dubai,2019-11-22,Dormant
2147,Customer 2147,Consumer,Financial Services,1,UAE North,UAE,Dubai,2020-12-23,Dormant
2148,Customer 2148,Mid-Market,Financial Services,1,UAE North,UAE,Dubai,2021-01-24,Active
2149,Customer 2149,Small Business,Technology,7,Bahrain,Bahrain,Manama,2022-02-25,Active
2150,Customer 2150,Consumer,Retail,9,India West,India,Mumbai,2023-03-01,Active
2151,Customer 2151,Consumer,Education,5,Qatar,Qatar,Doha,2024-04-02,Active
2152,Customer 2152,Consumer,Financial Services,6,Kuwait,Kuwait,Kuwait City,2017-05-03,Dormant
2153,Customer 2153,Consumer,Financial Services,1,UAE North,UAE,Dubai,2018-06-04,Active
2154,Customer 2154,Small Business,Technology,9,India West,India,Mumbai,2019-07-05,Active
2155,Customer 2155,Small Business,Education,7,Bahrain,Bahrain,Manama,2020-08-06,Active
2156,Customer 2156,Mid-Market,Technology,1,UAE North,UAE,Dubai,2021-09-07,Active
2157,Customer 2157,Consumer,Technology,4,Saudi West,Saudi Arabia,Jeddah,2022-10-08,Active
2158,Customer 2158,Small Business,Technology,10,India South,India,Bengaluru,2023-11-09,Active
2159,Customer 2159,Small Business,Retail,5,Qatar,Qatar,Doha,2024-12-10,Active
2160,Customer 2160,Small Business,Construction,5,Qatar,Qatar,Doha,2017-01-11,Active
2161,Customer 2161,Small Business,Retail,3,Saudi Central,Saudi Arabia,Riyadh,2018-02-12,Dormant
2162,Customer 2162,Small Business,Construction,1,UAE North,UAE,Dubai,2019-03-13,Dormant
2163,Customer 2163,Mid-Market,Retail,9,India West,India,Mumbai,2020-04-14,Active
2164,Customer 2164,Consumer,Construction,5,Qatar,Qatar,Doha,2021-05-15,Active
2165,Customer 2165,Mid-Market,Technology,8,Oman,Oman,Muscat,2022-06-16,Active
2166,Customer 2166,Mid-Market,Healthcare,8,Oman,Oman,Muscat,2023-07-17,Active
2167,Customer 2167,Small Business,Education,10,India South,India,Bengaluru,2024-08-18,Active
2168,Customer 2168,Mid-Market,Government,1,UAE North,UAE,Dubai,2017-09-19,Active
2169,Customer 2169,Small Business,Education,1,UAE North,UAE,Dubai,2018-10-20,Active
2170,Customer 2170,Consumer,Retail,5,Qatar,Qatar,Doha,2019-11-21,Active
2171,Customer 2171,Consumer,Education,9,India West,India,Mumbai,2020-12-22,Active
2172,Customer 2172,Enterprise,Government,2,UAE South,UAE,Abu Dhabi,2021-01-23,Active
2173,Customer 2173,Enterprise,Education,9,India West,India,Mumbai,2022-02-24,Active
2174,Customer 2174,Small Business,Financial Services,10,India South,India,Bengaluru,2023-03-25,Active
2175,Customer 2175,Consumer,Healthcare,7,Bahrain,Bahrain,Manama,2024-04-01,Active
2176,Customer 2176,Small Business,Construction,6,Kuwait,Kuwait,Kuwait City,2017-05-02,Active
2177,Customer 2177,Consumer,Construction,7,Bahrain,Bahrain,Manama,2018-06-03,Dormant
2178,Customer 2178,Small Business,Healthcare,5,Qatar,Qatar,Doha,2019-07-04,Active
2179,Customer 2179,Mid-Market,Healthcare,1,UAE North,UAE,Dubai,2020-08-05,Active
2180,Customer 2180,Small Business,Construction,2,UAE South,UAE,Abu Dhabi,2021-09-06,Active
2181,Customer 2181,Small Business,Retail,4,Saudi West,Saudi Arabia,Jeddah,2022-10-07,Active
2182,Customer 2182,Consumer,Hospitality,7,Bahrain,Bahrain,Manama,2023-11-08,Active
2183,Customer 2183,Small Business,Financial Services,4,Saudi West,Saudi Arabia,Jeddah,2024-12-09,Active
2184,Customer 2184,Consumer,Government,9,India West,India,Mumbai,2017-01-10,Dormant
2185,Customer 2185,Mid-Market,Technology,6,Kuwait,Kuwait,Kuwait City,2018-02-11,Active
2186,Customer 2186,Mid-Market,Construction,6,Kuwait,Kuwait,Kuwait City,2019-03-12,Active
2187,Customer 2187,Mid-Market,Hospitality,8,Oman,Oman,Muscat,2020-04-13,Active
2188,Customer 2188,Consumer,Financial Services,8,Oman,Oman,Muscat,2021-05-14,Active
2189,Customer 2189,Mid-Market,Hospitality,2,UAE South,UAE,Abu Dhabi,2022-06-15,Active
2190,Customer 2190,Small Business,Government,8,Oman,Oman,Muscat,2023-07-16,Dormant
2191,Customer 2191,Small Business,Healthcare,4,Saudi West,Saudi Arabia,Jeddah,2024-08-17,Active
2192,Customer 2192,Small Business,Healthcare,7,Bahrain,Bahrain,Manama,2017-09-18,Active
2193,Customer 2193,Mid-Market,Hospitality,5,Qatar,Qatar,Doha,2018-10-19,Active
2194,Customer 2194,Small Business,Healthcare,7,Bahrain,Bahrain,Manama,2019-11-20,Dormant
2195,Customer 2195,Consumer,Government,4,Saudi West,Saudi Arabia,Jeddah,2020-12-21,Active
2196,Customer 2196,Mid-Market,Technology,3,Saudi Central,Saudi Arabia,Riyadh,2021-01-22,Dormant
2197,Customer 2197,Mid-Market,Retail,2,UAE South,UAE,Abu Dhabi,2022-02-23,Dormant
2198,Customer 2198,Small Business,Hospitality,1,UAE North,UAE,Dubai,2023-03-24,Active
2199,Customer 2199,Consumer,Financial Services,9,India West,India,Mumbai,2024-04-25,Dormant
2200,Customer 2200,Mid-Market,Education,6,Kuwait,Kuwait,Kuwait City,2017-05-01,Active
2201,Customer 2201,Mid-Market,Construction,2,UAE South,UAE,Abu Dhabi,2018-06-02,Active
2202,Customer 2202,Enterprise,Construction,1,UAE North,UAE,Dubai,2019-07-03,Dormant
2203,Customer 2203,Small Business,Financial Services,7,Bahrain,Bahrain,Manama,2020-08-04,Active
2204,Customer 2204,Consumer,Healthcare,8,Oman,Oman,Muscat,2021-09-05,Active
2205,Customer 2205,Consumer,Construction,3,Saudi Central,Saudi Arabia,Riyadh,2022-10-06,Dormant
2206,Customer 2206,Mid-Market,Healthcare,7,Bahrain,Bahrain,Manama,2023-11-07,Active
2207,Customer 2207,Mid-Market,Government,2,UAE South,UAE,Abu Dhabi,2024-12-08,Active
2208,Customer 2208,Small Business,Financial Services,1,UAE North,UAE,Dubai,2017-01-09,Active
2209,Customer 2209,Small Business,Healthcare,6,Kuwait,Kuwait,Kuwait City,2018-02-10,Active
2210,Customer 2210,Consumer,Education,1,UAE North,UAE,Dubai,2019-03-11,Dormant
2211,Customer 2211,Mid-Market,Construction,9,India West,India,Mumbai,2020-04-12,Active
2212,Customer 2212,Mid-Market,Hospitality,6,Kuwait,Kuwait,Kuwait City,2021-05-13,Active
2213,Customer 2213,Small Business,Education,5,Qatar,Qatar,Doha,2022-06-14,Active
2214,Customer 2214,Consumer,Technology,5,Qatar,Qatar,Doha,2023-07-15,Active
2215,Customer 2215,Small Business,Healthcare,4,Saudi West,Saudi Arabia,Jeddah,2024-08-16,Active
2216,Customer 2216,Small Business,Healthcare,4,Saudi West,Saudi Arabia,Jeddah,2017-09-17,Active
2217,Customer 2217,Consumer,Education,10,India South,India,Bengaluru,2018-10-18,Active
2218,Customer 2218,Consumer,Retail,8,Oman,Oman,Muscat,2019-11-19,Active
2219,Customer 2219,Mid-Market,Financial Services,4,Saudi West,Saudi Arabia,Jeddah,2020-12-20,Dormant
2220,Customer 2220,Mid-Market,Government,9,India West,India,Mumbai,2021-01-21,Active
2221,Customer 2221,Consumer,Hospitality,2,UAE South,UAE,Abu Dhabi,2022-02-22,Dormant
2222,Customer 2222,Small Business,Hospitality,7,Bahrain,Bahrain,Manama,2023-03-23,Active
2223,Customer 2223,Consumer,Hospitality,5,Qatar,Qatar,Doha,2024-04-24,Active
2224,Customer 2224,Consumer,Education,2,UAE South,UAE,Abu Dhabi,2017-05-25,Active
2225,Customer 2225,Mid-Market,Construction,6,Kuwait,Kuwait,Kuwait City,2018-06-01,Active
2226,Customer 2226,Small Business,Hospitality,8,Oman,Oman,Muscat,2019-07-02,Active
2227,Customer 2227,Small Business,Construction,1,UAE North,UAE,Dubai,2020-08-03,Active
2228,Customer 2228,Small Business,Retail,9,India West,India,Mumbai,2021-09-04,Active
2229,Customer 2229,Mid-Market,Financial Services,4,Saudi West,Saudi Arabia,Jeddah,2022-10-05,Active
2230,Customer 2230,Mid-Market,Healthcare,4,Saudi West,Saudi Arabia,Jeddah,2023-11-06,Dormant
2231,Customer 2231,Consumer,Technology,3,Saudi Central,Saudi Arabia,Riyadh,2024-12-07,Active
2232,Customer 2232,Small Business,Hospitality,4,Saudi West,Saudi Arabia,Jeddah,2017-01-08,Active
2233,Customer 2233,Small Business,Government,1,UAE North,UAE,Dubai,2018-02-09,Active
2234,Customer 2234,Enterprise,Technology,3,Saudi Central,Saudi Arabia,Riyadh,2019-03-10,Dormant
2235,Customer 2235,Mid-Market,Construction,10,India South,India,Bengaluru,2020-04-11,Dormant
2236,Customer 2236,Small Business,Healthcare,9,India West,India,Mumbai,2021-05-12,Active
2237,Customer 2237,Consumer,Government,4,Saudi West,Saudi Arabia,Jeddah,2022-06-13,Dormant
2238,Customer 2238,Small Business,Government,7,Bahrain,Bahrain,Manama,2023-07-14,Active
2239,Customer 2239,Mid-Market,Technology,2,UAE South,UAE,Abu Dhabi,2024-08-15,Dormant
2240,Customer 2240,Mid-Market,Financial Services,8,Oman,Oman,Muscat,2017-09-16,Active
2241,Customer 2241,Small Business,Construction,3,Saudi Central,Saudi Arabia,Riyadh,2018-10-17,Active
2242,Customer 2242,Small Business,Healthcare,6,Kuwait,Kuwait,Kuwait City,2019-11-18,Dormant
2243,Customer 2243,Small Business,Education,8,Oman,Oman,Muscat,2020-12-19,Active
2244,Customer 2244,Mid-Market,Education,5,Qatar,Qatar,Doha,2021-01-20,Dormant
2245,Customer 2245,Small Business,Construction,1,UAE North,UAE,Dubai,2022-02-21,Active
2246,Customer 2246,Small Business,Government,6,Kuwait,Kuwait,Kuwait City,2023-03-22,Dormant
2247,Customer 2247,Mid-Market,Retail,7,Bahrain,Bahrain,Manama,2024-04-23,Active
2248,Customer 2248,Consumer,Construction,8,Oman,Oman,Muscat,2017-05-24,Active
2249,Customer 2249,Small Business,Education,5,Qatar,Qatar,Doha,2018-06-25,Active
2250,Customer 2250,Mid-Market,Hospitality,9,India West,India,Mumbai,2019-07-01,Active
2251,Customer 2251,Small Business,Retail,3,Saudi Central,Saudi Arabia,Riyadh,2020-08-02,Active
2252,Customer 2252,Enterprise,Construction,7,Bahrain,Bahrain,Manama,2021-09-03,Active
2253,Customer 2253,Enterprise,Retail,9,India West,India,Mumbai,2022-10-04,Active
2254,Customer 2254,Small Business,Healthcare,6,Kuwait,Kuwait,Kuwait City,2023-11-05,Dormant
2255,Customer 2255,Mid-Market,Healthcare,4,Saudi West,Saudi Arabia,Jeddah,2024-12-06,Active
2256,Customer 2256,Small Business,Education,6,Kuwait,Kuwait,Kuwait City,2017-01-07,Active
2257,Customer 2257,Consumer,Hospitality,1,UAE North,UAE,Dubai,2018-02-08,Dormant
2258,Customer 2258,Enterprise,Technology,8,Oman,Oman,Muscat,2019-03-09,Active
2259,Customer 2259,Mid-Market,Education,1,UAE North,UAE,Dubai,2020-04-10,Active
2260,Customer 2260,Consumer,Financial Services,5,Qatar,Qatar,Doha,2021-05-11,Dormant
2261,Customer 2261,Consumer,Technology,3,Saudi Central,Saudi Arabia,Riyadh,2022-06-12,Active
2262,Customer 2262,Enterprise,Financial Services,2,UAE South,UAE,Abu Dhabi,2023-07-13,Active
2263,Customer 2263,Consumer,Healthcare,1,UAE North,UAE,Dubai,2024-08-14,Active
2264,Customer 2264,Consumer,Education,10,India South,India,Bengaluru,2017-09-15,Active
2265,Customer 2265,Small Business,Retail,6,Kuwait,Kuwait,Kuwait City,2018-10-16,Active
2266,Customer 2266,Small Business,Hospitality,5,Qatar,Qatar,Doha,2019-11-17,Active
2267,Customer 2267,Small Business,Technology,10,India South,India,Bengaluru,2020-12-18,Dormant
2268,Customer 2268,Mid-Market,Financial Services,2,UAE South,UAE,Abu Dhabi,2021-01-19,Active
2269,Customer 2269,Mid-Market,Education,8,Oman,Oman,Muscat,2022-02-20,Dormant
2270,Customer 2270,Consumer,Financial Services,1,UAE North,UAE,Dubai,2023-03-21,Active
2271,Customer 2271,Consumer,Government,9,India West,India,Mumbai,2024-04-22,Active
2272,Customer 2272,Consumer,Financial Services,10,India South,India,Bengaluru,2017-05-23,Active
2273,Customer 2273,Mid-Market,Hospitality,8,Oman,Oman,Muscat,2018-06-24,Active
2274,Customer 2274,Mid-Market,Hospitality,6,Kuwait,Kuwait,Kuwait City,2019-07-25,Active
2275,Customer 2275,Mid-Market,Government,9,India West,India,Mumbai,2020-08-01,Active
2276,Customer 2276,Mid-Market,Government,2,UAE South,UAE,Abu Dhabi,2021-09-02,Active
2277,Customer 2277,Consumer,Technology,1,UAE North,UAE,Dubai,2022-10-03,Dormant
2278,Customer 2278,Consumer,Healthcare,5,Qatar,Qatar,Doha,2023-11-04,Active
2279,Customer 2279,Small Business,Financial Services,6,Kuwait,Kuwait,Kuwait City,2024-12-05,Active
2280,Customer 2280,Small Business,Government,5,Qatar,Qatar,Doha,2017-01-06,Dormant
2281,Customer 2281,Consumer,Education,6,Kuwait,Kuwait,Kuwait City,2018-02-07,Active
2282,Customer 2282,Consumer,Hospitality,8,Oman,Oman,Muscat,2019-03-08,Active
2283,Customer 2283,Small Business,Financial Services,7,Bahrain,Bahrain,Manama,2020-04-09,Active
2284,Customer 2284,Mid-Market,Hospitality,1,UAE North,UAE,Dubai,2021-05-10,Active
2285,Customer 2285,Small Business,Hospitality,4,Saudi West,Saudi Arabia,Jeddah,2022-06-11,Active
2286,Customer 2286,Small Business,Government,7,Bahrain,Bahrain,Manama,2023-07-12,Active
2287,Customer 2287,Small Business,Retail,9,India West,India,Mumbai,2024-08-13,Active
2288,Customer 2288,Small Business,Technology,2,UAE South,UAE,Abu Dhabi,2017-09-14,Active
2289,Customer 2289,Mid-Market,Construction,9,India West,India,Mumbai,2018-10-15,Active
2290,Customer 2290,Mid-Market,Education,3,Saudi Central,Saudi Arabia,Riyadh,2019-11-16,Active
2291,Customer 2291,Small Business,Government,9,India West,India,Mumbai,2020-12-17,Dormant
2292,Customer 2292,Consumer,Healthcare,4,Saudi West,Saudi Arabia,Jeddah,2021-01-18,Active
2293,Customer 2293,Consumer,Government,9,India West,India,Mumbai,2022-02-19,Active
2294,Customer 2294,Small Business,Healthcare,6,Kuwait,Kuwait,Kuwait City,2023-03-20,Dormant
2295,Customer 2295,Consumer,Retail,2,UAE South,UAE,Abu Dhabi,2024-04-21,Active
2296,Customer 2296,Mid-Market,Hospitality,4,Saudi West,Saudi Arabia,Jeddah,2017-05-22,Dormant
2297,Customer 2297,Enterprise,Government,6,Kuwait,Kuwait,Kuwait City,2018-06-23,Active
2298,Customer 2298,Mid-Market,Education,2,UAE South,UAE,Abu Dhabi,2019-07-24,Active
2299,Customer 2299,Consumer,Technology,1,UAE North,UAE,Dubai,2020-08-25,Active
2300,Customer 2300,Small Business,Technology,7,Bahrain,Bahrain,Manama,2021-09-01,Active
2301,Customer 2301,Consumer,Technology,10,India South,India,Bengaluru,2022-10-02,Active
2302,Customer 2302,Small Business,Hospitality,2,UAE South,UAE,Abu Dhabi,2023-11-03,Active
2303,Customer 2303,Mid-Market,Hospitality,5,Qatar,Qatar,Doha,2024-12-04,Active
2304,Customer 2304,Small Business,Financial Services,9,India West,India,Mumbai,2017-01-05,Active
2305,Customer 2305,Consumer,Technology,10,India South,India,Bengaluru,2018-02-06,Dormant
2306,Customer 2306,Mid-Market,Education,4,Saudi West,Saudi Arabia,Jeddah,2019-03-07,Active
2307,Customer 2307,Consumer,Healthcare,2,UAE South,UAE,Abu Dhabi,2020-04-08,Active
2308,Customer 2308,Small Business,Retail,3,Saudi Central,Saudi Arabia,Riyadh,2021-05-09,Active
2309,Customer 2309,Consumer,Retail,2,UAE South,UAE,Abu Dhabi,2022-06-10,Active
2310,Customer 2310,Consumer,Financial Services,9,India West,India,Mumbai,2023-07-11,Dormant
2311,Customer 2311,Mid-Market,Hospitality,6,Kuwait,Kuwait,Kuwait City,2024-08-12,Active
2312,Customer 2312,Small Business,Financial Services,9,India West,India,Mumbai,2017-09-13,Dormant
2313,Customer 2313,Mid-Market,Construction,6,Kuwait,Kuwait,Kuwait City,2018-10-14,Active
2314,Customer 2314,Consumer,Healthcare,10,India South,India,Bengaluru,2019-11-15,Active
2315,Customer 2315,Consumer,Government,3,Saudi Central,Saudi Arabia,Riyadh,2020-12-16,Dormant
2316,Customer 2316,Small Business,Financial Services,5,Qatar,Qatar,Doha,2021-01-17,Active
2317,Customer 2317,Enterprise,Construction,3,Saudi Central,Saudi Arabia,Riyadh,2022-02-18,Dormant
2318,Customer 2318,Consumer,Education,6,Kuwait,Kuwait,Kuwait City,2023-03-19,Active
2319,Customer 2319,Small Business,Retail,7,Bahrain,Bahrain,Manama,2024-04-20,Active
2320,Customer 2320,Mid-Market,Education,8,Oman,Oman,Muscat,2017-05-21,Active
2321,Customer 2321,Mid-Market,Hospitality,10,India South,India,Bengaluru,2018-06-22,Active
2322,Customer 2322,Small Business,Retail,5,Qatar,Qatar,Doha,2019-07-23,Active
2323,Customer 2323,Small Business,Government,1,UAE North,UAE,Dubai,2020-08-24,Dormant
2324,Customer 2324,Consumer,Technology,1,UAE North,UAE,Dubai,2021-09-25,Active
2325,Customer 2325,Consumer,Retail,1,UAE North,UAE,Dubai,2022-10-01,Dormant
2326,Customer 2326,Small Business,Government,10,India South,India,Bengaluru,2023-11-02,Active
2327,Customer 2327,Consumer,Hospitality,8,Oman,Oman,Muscat,2024-12-03,Active
2328,Customer 2328,Enterprise,Healthcare,6,Kuwait,Kuwait,Kuwait City,2017-01-04,Active
2329,Customer 2329,Enterprise,Hospitality,3,Saudi Central,Saudi Arabia,Riyadh,2018-02-05,Active
2330,Customer 2330,Small Business,Retail,8,Oman,Oman,Muscat,2019-03-06,Active
2331,Customer 2331,Consumer,Technology,2,UAE South,UAE,Abu Dhabi,2020-04-07,Active
2332,Customer 2332,Consumer,Construction,10,India South,India,Bengaluru,2021-05-08,Active
2333,Customer 2333,Consumer,Construction,3,Saudi Central,Saudi Arabia,Riyadh,2022-06-09,Active
2334,Customer 2334,Small Business,Retail,7,Bahrain,Bahrain,Manama,2023-07-10,Active
2335,Customer 2335,Consumer,Healthcare,4,Saudi West,Saudi Arabia,Jeddah,2024-08-11,Active
2336,Customer 2336,Mid-Market,Retail,2,UAE South,UAE,Abu Dhabi,2017-09-12,Active
2337,Customer 2337,Mid-Market,Financial Services,10,India South,India,Bengaluru,2018-10-13,Active
2338,Customer 2338,Mid-Market,Construction,1,UAE North,UAE,Dubai,2019-11-14,Active
2339,Customer 2339,Small Business,Hospitality,6,Kuwait,Kuwait,Kuwait City,2020-12-15,Dormant
2340,Customer 2340,Enterprise,Hospitality,2,UAE South,UAE,Abu Dhabi,2021-01-16,Active
2341,Customer 2341,Mid-Market,Retail,2,UAE South,UAE,Abu Dhabi,2022-02-17,Active
2342,Customer 2342,Mid-Market,Construction,1,UAE North,UAE,Dubai,2023-03-18,Dormant
2343,Customer 2343,Consumer,Education,2,UAE South,UAE,Abu Dhabi,2024-04-19,Active
2344,Customer 2344,Consumer,Healthcare,4,Saudi West,Saudi Arabia,Jeddah,2017-05-20,Active
2345,Customer 2345,Small Business,Technology,1,UAE North,UAE,Dubai,2018-06-21,Active
2346,Customer 2346,Mid-Market,Construction,5,Qatar,Qatar,Doha,2019-07-22,Dormant
2347,Customer 2347,Consumer,Technology,4,Saudi West,Saudi Arabia,Jeddah,2020-08-23,Active
2348,Customer 2348,Consumer,Technology,3,Saudi Central,Saudi Arabia,Riyadh,2021-09-24,Dormant
2349,Customer 2349,Enterprise,Construction,5,Qatar,Qatar,Doha,2022-10-25,Active
2350,Customer 2350,Consumer,Government,6,Kuwait,Kuwait,Kuwait City,2023-11-01,Active
2351,Customer 2351,Consumer,Financial Services,1,UAE North,UAE,Dubai,2024-12-02,Active
2352,Customer 2352,Small Business,Financial Services,9,India West,India,Mumbai,2017-01-03,Active
2353,Customer 2353,Mid-Market,Technology,5,Qatar,Qatar,Doha,2018-02-04,Active
2354,Customer 2354,Consumer,Technology,9,India West,India,Mumbai,2019-03-05,Active
2355,Customer 2355,Mid-Market,Hospitality,8,Oman,Oman,Muscat,2020-04-06,Active
2356,Customer 2356,Mid-Market,Construction,8,Oman,Oman,Muscat,2021-05-07,Active
2357,Customer 2357,Small Business,Retail,10,India South,India,Bengaluru,2022-06-08,Active
2358,Customer 2358,Small Business,Retail,2,UAE South,UAE,Abu Dhabi,2023-07-09,Active
2359,Customer 2359,Small Business,Construction,7,Bahrain,Bahrain,Manama,2024-08-10,Active
2360,Customer 2360,Consumer,Technology,3,Saudi Central,Saudi Arabia,Riyadh,2017-09-11,Active
2361,Customer 2361,Small Business,Retail,8,Oman,Oman,Muscat,2018-10-12,Dormant
2362,Customer 2362,Small Business,Financial Services,10,India South,India,Bengaluru,2019-11-13,Dormant
2363,Customer 2363,Consumer,Technology,8,Oman,Oman,Muscat,2020-12-14,Active
2364,Customer 2364,Mid-Market,Financial Services,10,India South,India,Bengaluru,2021-01-15,Active
2365,Customer 2365,Consumer,Education,1,UAE North,UAE,Dubai,2022-02-16,Active
2366,Customer 2366,Small Business,Technology,7,Bahrain,Bahrain,Manama,2023-03-17,Dormant
2367,Customer 2367,Enterprise,Healthcare,10,India South,India,Bengaluru,2024-04-18,Active
2368,Customer 2368,Consumer,Education,10,India South,India,Bengaluru,2017-05-19,Active
2369,Customer 2369,Small Business,Retail,3,Saudi Central,Saudi Arabia,Riyadh,2018-06-20,Active
2370,Customer 2370,Consumer,Healthcare,5,Qatar,Qatar,Doha,2019-07-21,Active
2371,Customer 2371,Small Business,Government,8,Oman,Oman,Muscat,2020-08-22,Active
2372,Customer 2372,Mid-Market,Healthcare,3,Saudi Central,Saudi Arabia,Riyadh,2021-09-23,Active
2373,Customer 2373,Enterprise,Education,5,Qatar,Qatar,Doha,2022-10-24,Active
2374,Customer 2374,Enterprise,Education,7,Bahrain,Bahrain,Manama,2023-11-25,Active
2375,Customer 2375,Consumer,Construction,9,India West,India,Mumbai,2024-12-01,Active
2376,Customer 2376,Mid-Market,Hospitality,8,Oman,Oman,Muscat,2017-01-02,Dormant
2377,Customer 2377,Small Business,Education,9,India West,India,Mumbai,2018-02-03,Dormant
2378,Customer 2378,Consumer,Education,7,Bahrain,Bahrain,Manama,2019-03-04,Active
2379,Customer 2379,Mid-Market,Healthcare,7,Bahrain,Bahrain,Manama,2020-04-05,Dormant
2380,Customer 2380,Consumer,Financial Services,6,Kuwait,Kuwait,Kuwait City,2021-05-06,Dormant
2381,Customer 2381,Enterprise,Government,9,India West,India,Mumbai,2022-06-07,Active
2382,Customer 2382,Consumer,Healthcare,4,Saudi West,Saudi Arabia,Jeddah,2023-07-08,Active
2383,Customer 2383,Mid-Market,Retail,6,Kuwait,Kuwait,Kuwait City,2024-08-09,Dormant
2384,Customer 2384,Small Business,Healthcare,2,UAE South,UAE,Abu Dhabi,2017-09-10,Dormant
2385,Customer 2385,Enterprise,Technology,4,Saudi West,Saudi Arabia,Jeddah,2018-10-11,Dormant
2386,Customer 2386,Mid-Market,Healthcare,2,UAE South,UAE,Abu Dhabi,2019-11-12,Dormant
2387,Customer 2387,Mid-Market,Financial Services,3,Saudi Central,Saudi Arabia,Riyadh,2020-12-13,Dormant
2388,Customer 2388,Mid-Market,Financial Services,1,UAE North,UAE,Dubai,2021-01-14,Active
2389,Customer 2389,Small Business,Hospitality,3,Saudi Central,Saudi Arabia,Riyadh,2022-02-15,Dormant
2390,Customer 2390,Mid-Market,Hospitality,2,UAE South,UAE,Abu Dhabi,2023-03-16,Dormant
2391,Customer 2391,Mid-Market,Healthcare,1,UAE North,UAE,Dubai,2024-04-17,Dormant
2392,Customer 2392,Enterprise,Financial Services,8,Oman,Oman,Muscat,2017-05-18,Dormant
2393,Customer 2393,Mid-Market,Technology,1,UAE North,UAE,Dubai,2018-06-19,Active
2394,Customer 2394,Consumer,Government,10,India South,India,Bengaluru,2019-07-20,Active
2395,Customer 2395,Consumer,Construction,8,Oman,Oman,Muscat,2020-08-21,Active
2396,Customer 2396,Consumer,Financial Services,3,Saudi Central,Saudi Arabia,Riyadh,2021-09-22,Active
2397,Customer 2397,Enterprise,Technology,3,Saudi Central,Saudi Arabia,Riyadh,2022-10-23,Active
2398,Customer 2398,Consumer,Government,9,India West,India,Mumbai,2023-11-24,Dormant
2399,Customer 2399,Small Business,Retail,1,UAE North,UAE,Dubai,2024-12-25,Active
2400,Customer 2400,Small Business,Retail,8,Oman,Oman,Muscat,2017-01-01,Active
2401,Customer 2401,Small Business,Technology,5,Qatar,Qatar,Doha,2018-02-02,Active
2402,Customer 2402,Mid-Market,Technology,9,India West,India,Mumbai,2019-03-03,Active
2403,Customer 2403,Enterprise,Construction,7,Bahrain,Bahrain,Manama,2020-04-04,Active
2404,Customer 2404,Small Business,Construction,1,UAE North,UAE,Dubai,2021-05-05,Active
2405,Customer 2405,Consumer,Education,9,India West,India,Mumbai,2022-06-06,Active
2406,Customer 2406,Small Business,Healthcare,2,UAE South,UAE,Abu Dhabi,2023-07-07,Active
2407,Customer 2407,Small Business,Technology,8,Oman,Oman,Muscat,2024-08-08,Active
2408,Customer 2408,Small Business,Education,8,Oman,Oman,Muscat,2017-09-09,Dormant
2409,Customer 2409,Enterprise,Construction,1,UAE North,UAE,Dubai,2018-10-10,Active
2410,Customer 2410,Small Business,Hospitality,3,Saudi Central,Saudi Arabia,Riyadh,2019-11-11,Dormant
2411,Customer 2411,Consumer,Hospitality,9,India West,India,Mumbai,2020-12-12,Active
2412,Customer 2412,Small Business,Retail,5,Qatar,Qatar,Doha,2021-01-13,Active
2413,Customer 2413,Consumer,Hospitality,5,Qatar,Qatar,Doha,2022-02-14,Dormant
2414,Customer 2414,Consumer,Technology,2,UAE South,UAE,Abu Dhabi,2023-03-15,Active
2415,Customer 2415,Small Business,Education,10,India South,India,Bengaluru,2024-04-16,Active
2416,Customer 2416,Small Business,Education,6,Kuwait,Kuwait,Kuwait City,2017-05-17,Dormant
2417,Customer 2417,Consumer,Healthcare,5,Qatar,Qatar,Doha,2018-06-18,Active
2418,Customer 2418,Small Business,Financial Services,9,India West,India,Mumbai,2019-07-19,Active
2419,Customer 2419,Mid-Market,Financial Services,5,Qatar,Qatar,Doha,2020-08-20,Active
2420,Customer 2420,Consumer,Healthcare,1,UAE North,UAE,Dubai,2021-09-21,Active
2421,Customer 2421,Small Business,Construction,5,Qatar,Qatar,Doha,2022-10-22,Active
2422,Customer 2422,Mid-Market,Construction,4,Saudi West,Saudi Arabia,Jeddah,2023-11-23,Active
2423,Customer 2423,Small Business,Government,2,UAE South,UAE,Abu Dhabi,2024-12-24,Dormant
2424,Customer 2424,Mid-Market,Financial Services,10,India South,India,Bengaluru,2017-01-25,Dormant
2425,Customer 2425,Enterprise,Construction,9,India West,India,Mumbai,2018-02-01,Active
2426,Customer 2426,Consumer,Healthcare,6,Kuwait,Kuwait,Kuwait City,2019-03-02,Dormant
2427,Customer 2427,Mid-Market,Healthcare,8,Oman,Oman,Muscat,2020-04-03,Dormant
2428,Customer 2428,Small Business,Hospitality,5,Qatar,Qatar,Doha,2021-05-04,Dormant
2429,Customer 2429,Consumer,Hospitality,9,India West,India,Mumbai,2022-06-05,Active
2430,Customer 2430,Mid-Market,Technology,9,India West,India,Mumbai,2023-07-06,Active
2431,Customer 2431,Small Business,Retail,8,Oman,Oman,Muscat,2024-08-07,Active
2432,Customer 2432,Small Business,Construction,10,India South,India,Bengaluru,2017-09-08,Dormant
2433,Customer 2433,Consumer,Retail,7,Bahrain,Bahrain,Manama,2018-10-09,Active
2434,Customer 2434,Consumer,Education,9,India West,India,Mumbai,2019-11-10,Dormant
2435,Customer 2435,Mid-Market,Hospitality,9,India West,India,Mumbai,2020-12-11,Active
2436,Customer 2436,Mid-Market,Hospitality,7,Bahrain,Bahrain,Manama,2021-01-12,Active
2437,Customer 2437,Consumer,Financial Services,3,Saudi Central,Saudi Arabia,Riyadh,2022-02-13,Dormant
2438,Customer 2438,Consumer,Financial Services,6,Kuwait,Kuwait,Kuwait City,2023-03-14,Active
2439,Customer 2439,Consumer,Hospitality,6,Kuwait,Kuwait,Kuwait City,2024-04-15,Active
2440,Customer 2440,Small Business,Financial Services,9,India West,India,Mumbai,2017-05-16,Active
2441,Customer 2441,Small Business,Government,7,Bahrain,Bahrain,Manama,2018-06-17,Active
2442,Customer 2442,Mid-Market,Healthcare,8,Oman,Oman,Muscat,2019-07-18,Dormant
2443,Customer 2443,Enterprise,Construction,5,Qatar,Qatar,Doha,2020-08-19,Dormant
2444,Customer 2444,Small Business,Hospitality,3,Saudi Central,Saudi Arabia,Riyadh,2021-09-20,Dormant
2445,Customer 2445,Small Business,Financial Services,10,India South,India,Bengaluru,2022-10-21,Dormant
2446,Customer 2446,Small Business,Education,4,Saudi West,Saudi Arabia,Jeddah,2023-11-22,Active
2447,Customer 2447,Small Business,Hospitality,10,India South,India,Bengaluru,2024-12-23,Dormant
2448,Customer 2448,Mid-Market,Education,1,UAE North,UAE,Dubai,2017-01-24,Active
2449,Customer 2449,Small Business,Hospitality,10,India South,India,Bengaluru,2018-02-25,Active
2450,Customer 2450,Consumer,Financial Services,1,UAE North,UAE,Dubai,2019-03-01,Active
2451,Customer 2451,Small Business,Education,3,Saudi Central,Saudi Arabia,Riyadh,2020-04-02,Active
2452,Customer 2452,Consumer,Education,8,Oman,Oman,Muscat,2021-05-03,Active
2453,Customer 2453,Mid-Market,Retail,3,Saudi Central,Saudi Arabia,Riyadh,2022-06-04,Active
2454,Customer 2454,Small Business,Education,10,India South,India,Bengaluru,2023-07-05,Dormant
2455,Customer 2455,Consumer,Government,4,Saudi West,Saudi Arabia,Jeddah,2024-08-06,Active
2456,Customer 2456,Consumer,Healthcare,10,India South,India,Bengaluru,2017-09-07,Active
2457,Customer 2457,Consumer,Hospitality,8,Oman,Oman,Muscat,2018-10-08,Active
2458,Customer 2458,Small Business,Financial Services,1,UAE North,UAE,Dubai,2019-11-09,Dormant
2459,Customer 2459,Enterprise,Financial Services,7,Bahrain,Bahrain,Manama,2020-12-10,Active
2460,Customer 2460,Mid-Market,Retail,9,India West,India,Mumbai,2021-01-11,Dormant
2461,Customer 2461,Consumer,Retail,8,Oman,Oman,Muscat,2022-02-12,Active
2462,Customer 2462,Consumer,Retail,7,Bahrain,Bahrain,Manama,2023-03-13,Active
2463,Customer 2463,Consumer,Government,7,Bahrain,Bahrain,Manama,2024-04-14,Dormant
2464,Customer 2464,Enterprise,Technology,2,UAE South,UAE,Abu Dhabi,2017-05-15,Active
2465,Customer 2465,Mid-Market,Construction,3,Saudi Central,Saudi Arabia,Riyadh,2018-06-16,Active
2466,Customer 2466,Consumer,Education,4,Saudi West,Saudi Arabia,Jeddah,2019-07-17,Active
2467,Customer 2467,Mid-Market,Hospitality,2,UAE South,UAE,Abu Dhabi,2020-08-18,Dormant
2468,Customer 2468,Consumer,Technology,8,Oman,Oman,Muscat,2021-09-19,Active
2469,Customer 2469,Small Business,Construction,5,Qatar,Qatar,Doha,2022-10-20,Dormant
2470,Customer 2470,Small Business,Retail,5,Qatar,Qatar,Doha,2023-11-21,Active
2471,Customer 2471,Small Business,Retail,3,Saudi Central,Saudi Arabia,Riyadh,2024-12-22,Active
2472,Customer 2472,Small Business,Technology,6,Kuwait,Kuwait,Kuwait City,2017-01-23,Active
2473,Customer 2473,Small Business,Technology,3,Saudi Central,Saudi Arabia,Riyadh,2018-02-24,Dormant
2474,Customer 2474,Small Business,Healthcare,8,Oman,Oman,Muscat,2019-03-25,Active
2475,Customer 2475,Small Business,Financial Services,3,Saudi Central,Saudi Arabia,Riyadh,2020-04-01,Active
2476,Customer 2476,Enterprise,Education,4,Saudi West,Saudi Arabia,Jeddah,2021-05-02,Active
2477,Customer 2477,Small Business,Technology,3,Saudi Central,Saudi Arabia,Riyadh,2022-06-03,Active
2478,Customer 2478,Consumer,Financial Services,9,India West,India,Mumbai,2023-07-04,Dormant
2479,Customer 2479,Consumer,Construction,10,India South,India,Bengaluru,2024-08-05,Active
2480,Customer 2480,Consumer,Construction,10,India South,India,Bengaluru,2017-09-06,Active
2481,Customer 2481,Consumer,Government,7,Bahrain,Bahrain,Manama,2018-10-07,Active
2482,Customer 2482,Small Business,Government,9,India West,India,Mumbai,2019-11-08,Dormant
2483,Customer 2483,Small Business,Hospitality,1,UAE North,UAE,Dubai,2020-12-09,Active
2484,Customer 2484,Mid-Market,Education,4,Saudi West,Saudi Arabia,Jeddah,2021-01-10,Active
2485,Customer 2485,Small Business,Hospitality,5,Qatar,Qatar,Doha,2022-02-11,Active
2486,Customer 2486,Small Business,Retail,6,Kuwait,Kuwait,Kuwait City,2023-03-12,Active
2487,Customer 2487,Mid-Market,Retail,4,Saudi West,Saudi Arabia,Jeddah,2024-04-13,Dormant
2488,Customer 2488,Consumer,Hospitality,2,UAE South,UAE,Abu Dhabi,2017-05-14,Active
2489,Customer 2489,Consumer,Hospitality,9,India West,India,Mumbai,2018-06-15,Active
2490,Customer 2490,Small Business,Education,8,Oman,Oman,Muscat,2019-07-16,Active
2491,Customer 2491,Consumer,Healthcare,5,Qatar,Qatar,Doha,2020-08-17,Active
2492,Customer 2492,Small Business,Government,4,Saudi West,Saudi Arabia,Jeddah,2021-09-18,Active
2493,Customer 2493,Consumer,Technology,1,UAE North,UAE,Dubai,2022-10-19,Active
2494,Customer 2494,Consumer,Hospitality,2,UAE South,UAE,Abu Dhabi,2023-11-20,Active
2495,Customer 2495,Mid-Market,Education,9,India West,India,Mumbai,2024-12-21,Active
2496,Customer 2496,Small Business,Government,4,Saudi West,Saudi Arabia,Jeddah,2017-01-22,Dormant
2497,Customer 2497,Small Business,Retail,2,UAE South,UAE,Abu Dhabi,2018-02-23,Active
2498,Customer 2498,Mid-Market,Hospitality,2,UAE South,UAE,Abu Dhabi,2019-03-24,Dormant
2499,Customer 2499,Small Business,Hospitality,2,UAE South,UAE,Abu Dhabi,2020-04-25,Active
2500,Customer 2500,Small Business,Retail,10,India South,India,Bengaluru,2021-05-01,Dormant
2501,Customer 2501,Consumer,Government,2,UAE South,UAE,Abu Dhabi,2022-06-02,Active
2502,Customer 2502,Consumer,Government,10,India South,India,Bengaluru,2023-07-03,Active
2503,Customer 2503,Consumer,Technology,5,Qatar,Qatar,Doha,2024-08-04,Dormant
2504,Customer 2504,Mid-Market,Government,3,Saudi Central,Saudi Arabia,Riyadh,2017-09-05,Active
2505,Customer 2505,Mid-Market,Education,5,Qatar,Qatar,Doha,2018-10-06,Active
2506,Customer 2506,Small Business,Technology,5,Qatar,Qatar,Doha,2019-11-07,Dormant
2507,Customer 2507,Consumer,Healthcare,2,UAE South,UAE,Abu Dhabi,2020-12-08,Dormant
2508,Customer 2508,Mid-Market,Government,1,UAE North,UAE,Dubai,2021-01-09,Dormant
2509,Customer 2509,Mid-Market,Financial Services,3,Saudi Central,Saudi Arabia,Riyadh,2022-02-10,Active
2510,Customer 2510,Consumer,Government,2,UAE South,UAE,Abu Dhabi,2023-03-11,Active
2511,Customer 2511,Consumer,Education,9,India West,India,Mumbai,2024-04-12,Active
2512,Customer 2512,Mid-Market,Technology,4,Saudi West,Saudi Arabia,Jeddah,2017-05-13,Active
2513,Customer 2513,Small Business,Technology,9,India West,India,Mumbai,2018-06-14,Active
2514,Customer 2514,Small Business,Construction,10,India South,India,Bengaluru,2019-07-15,Active
2515,Customer 2515,Consumer,Healthcare,4,Saudi West,Saudi Arabia,Jeddah,2020-08-16,Active
2516,Customer 2516,Small Business,Construction,10,India South,India,Bengaluru,2021-09-17,Dormant
2517,Customer 2517,Consumer,Technology,10,India South,India,Bengaluru,2022-10-18,Active
2518,Customer 2518,Small Business,Technology,5,Qatar,Qatar,Doha,2023-11-19,Active
2519,Customer 2519,Mid-Market,Construction,3,Saudi Central,Saudi Arabia,Riyadh,2024-12-20,Active
2520,Customer 2520,Mid-Market,Financial Services,8,Oman,Oman,Muscat,2017-01-21,Dormant
2521,Customer 2521,Consumer,Financial Services,1,UAE North,UAE,Dubai,2018-02-22,Active
2522,Customer 2522,Mid-Market,Healthcare,7,Bahrain,Bahrain,Manama,2019-03-23,Dormant
2523,Customer 2523,Enterprise,Education,5,Qatar,Qatar,Doha,2020-04-24,Active
2524,Customer 2524,Mid-Market,Construction,5,Qatar,Qatar,Doha,2021-05-25,Active
2525,Customer 2525,Small Business,Financial Services,6,Kuwait,Kuwait,Kuwait City,2022-06-01,Active
2526,Customer 2526,Small Business,Education,9,India West,India,Mumbai,2023-07-02,Active
2527,Customer 2527,Small Business,Technology,10,India South,India,Bengaluru,2024-08-03,Active
2528,Customer 2528,Mid-Market,Construction,2,UAE South,UAE,Abu Dhabi,2017-09-04,Dormant
2529,Customer 2529,Small Business,Retail,10,India South,India,Bengaluru,2018-10-05,Dormant
2530,Customer 2530,Mid-Market,Financial Services,8,Oman,Oman,Muscat,2019-11-06,Active
2531,Customer 2531,Enterprise,Construction,2,UAE South,UAE,Abu Dhabi,2020-12-07,Active
2532,Customer 2532,Mid-Market,Technology,9,India West,India,Mumbai,2021-01-08,Active
2533,Customer 2533,Mid-Market,Hospitality,8,Oman,Oman,Muscat,2022-02-09,Active
2534,Customer 2534,Consumer,Healthcare,7,Bahrain,Bahrain,Manama,2023-03-10,Active
2535,Customer 2535,Mid-Market,Hospitality,10,India South,India,Bengaluru,2024-04-11,Dormant
2536,Customer 2536,Mid-Market,Technology,4,Saudi West,Saudi Arabia,Jeddah,2017-05-12,Active
2537,Customer 2537,Mid-Market,Hospitality,1,UAE North,UAE,Dubai,2018-06-13,Active
2538,Customer 2538,Consumer,Government,6,Kuwait,Kuwait,Kuwait City,2019-07-14,Active
2539,Customer 2539,Mid-Market,Education,3,Saudi Central,Saudi Arabia,Riyadh,2020-08-15,Dormant
2540,Customer 2540,Mid-Market,Technology,6,Kuwait,Kuwait,Kuwait City,2021-09-16,Active
2541,Customer 2541,Consumer,Retail,10,India South,India,Bengaluru,2022-10-17,Active
2542,Customer 2542,Small Business,Financial Services,2,UAE South,UAE,Abu Dhabi,2023-11-18,Dormant
2543,Customer 2543,Consumer,Retail,8,Oman,Oman,Muscat,2024-12-19,Active
2544,Customer 2544,Small Business,Retail,1,UAE North,UAE,Dubai,2017-01-20,Active
2545,Customer 2545,Small Business,Construction,9,India West,India,Mumbai,2018-02-21,Active
2546,Customer 2546,Small Business,Hospitality,2,UAE South,UAE,Abu Dhabi,2019-03-22,Active
2547,Customer 2547,Consumer,Hospitality,9,India West,India,Mumbai,2020-04-23,Dormant
2548,Customer 2548,Small Business,Education,10,India South,India,Bengaluru,2021-05-24,Active
2549,Customer 2549,Consumer,Government,7,Bahrain,Bahrain,Manama,2022-06-25,Dormant
2550,Customer 2550,Small Business,Hospitality,3,Saudi Central,Saudi Arabia,Riyadh,2023-07-01,Active
2551,Customer 2551,Mid-Market,Financial Services,10,India South,India,Bengaluru,2024-08-02,Active
2552,Customer 2552,Small Business,Retail,7,Bahrain,Bahrain,Manama,2017-09-03,Dormant
2553,Customer 2553,Enterprise,Construction,1,UAE North,UAE,Dubai,2018-10-04,Dormant
2554,Customer 2554,Mid-Market,Education,3,Saudi Central,Saudi Arabia,Riyadh,2019-11-05,Active
2555,Customer 2555,Small Business,Education,9,India West,India,Mumbai,2020-12-06,Active
2556,Customer 2556,Mid-Market,Healthcare,10,India South,India,Bengaluru,2021-01-07,Active
2557,Customer 2557,Mid-Market,Retail,5,Qatar,Qatar,Doha,2022-02-08,Active
2558,Customer 2558,Small Business,Hospitality,3,Saudi Central,Saudi Arabia,Riyadh,2023-03-09,Active
2559,Customer 2559,Consumer,Education,6,Kuwait,Kuwait,Kuwait City,2024-04-10,Active
2560,Customer 2560,Mid-Market,Technology,5,Qatar,Qatar,Doha,2017-05-11,Active
2561,Customer 2561,Consumer,Retail,4,Saudi West,Saudi Arabia,Jeddah,2018-06-12,Active
2562,Customer 2562,Mid-Market,Financial Services,8,Oman,Oman,Muscat,2019-07-13,Active
2563,Customer 2563,Consumer,Education,8,Oman,Oman,Muscat,2020-08-14,Dormant
2564,Customer 2564,Small Business,Financial Services,1,UAE North,UAE,Dubai,2021-09-15,Active
2565,Customer 2565,Consumer,Hospitality,4,Saudi West,Saudi Arabia,Jeddah,2022-10-16,Active
2566,Customer 2566,Small Business,Hospitality,3,Saudi Central,Saudi Arabia,Riyadh,2023-11-17,Active
2567,Customer 2567,Mid-Market,Government,4,Saudi West,Saudi Arabia,Jeddah,2024-12-18,Active
2568,Customer 2568,Small Business,Education,6,Kuwait,Kuwait,Kuwait City,2017-01-19,Active
2569,Customer 2569,Mid-Market,Technology,9,India West,India,Mumbai,2018-02-20,Active
2570,Customer 2570,Enterprise,Financial Services,8,Oman,Oman,Muscat,2019-03-21,Dormant
2571,Customer 2571,Consumer,Hospitality,7,Bahrain,Bahrain,Manama,2020-04-22,Active
2572,Customer 2572,Consumer,Hospitality,6,Kuwait,Kuwait,Kuwait City,2021-05-23,Dormant
2573,Customer 2573,Mid-Market,Hospitality,5,Qatar,Qatar,Doha,2022-06-24,Dormant
2574,Customer 2574,Enterprise,Technology,8,Oman,Oman,Muscat,2023-07-25,Active
2575,Customer 2575,Mid-Market,Education,1,UAE North,UAE,Dubai,2024-08-01,Active
2576,Customer 2576,Enterprise,Healthcare,10,India South,India,Bengaluru,2017-09-02,Active
2577,Customer 2577,Consumer,Retail,8,Oman,Oman,Muscat,2018-10-03,Active
2578,Customer 2578,Small Business,Financial Services,5,Qatar,Qatar,Doha,2019-11-04,Active
2579,Customer 2579,Mid-Market,Healthcare,7,Bahrain,Bahrain,Manama,2020-12-05,Active
2580,Customer 2580,Consumer,Hospitality,6,Kuwait,Kuwait,Kuwait City,2021-01-06,Active
2581,Customer 2581,Small Business,Technology,1,UAE North,UAE,Dubai,2022-02-07,Dormant
2582,Customer 2582,Consumer,Technology,6,Kuwait,Kuwait,Kuwait City,2023-03-08,Active
2583,Customer 2583,Consumer,Construction,1,UAE North,UAE,Dubai,2024-04-09,Active
2584,Customer 2584,Enterprise,Healthcare,8,Oman,Oman,Muscat,2017-05-10,Dormant
2585,Customer 2585,Small Business,Healthcare,1,UAE North,UAE,Dubai,2018-06-11,Active
2586,Customer 2586,Enterprise,Education,2,UAE South,UAE,Abu Dhabi,2019-07-12,Active
2587,Customer 2587,Consumer,Hospitality,7,Bahrain,Bahrain,Manama,2020-08-13,Dormant
2588,Customer 2588,Consumer,Government,8,Oman,Oman,Muscat,2021-09-14,Active
2589,Customer 2589,Consumer,Retail,10,India South,India,Bengaluru,2022-10-15,Active
2590,Customer 2590,Small Business,Technology,8,Oman,Oman,Muscat,2023-11-16,Active
2591,Customer 2591,Small Business,Construction,6,Kuwait,Kuwait,Kuwait City,2024-12-17,Active
2592,Customer 2592,Small Business,Education,8,Oman,Oman,Muscat,2017-01-18,Active
2593,Customer 2593,Small Business,Healthcare,4,Saudi West,Saudi Arabia,Jeddah,2018-02-19,Active
2594,Customer 2594,Consumer,Financial Services,2,UAE South,UAE,Abu Dhabi,2019-03-20,Active
2595,Customer 2595,Enterprise,Education,10,India South,India,Bengaluru,2020-04-21,Active
2596,Customer 2596,Consumer,Technology,3,Saudi Central,Saudi Arabia,Riyadh,2021-05-22,Active
2597,Customer 2597,Small Business,Technology,8,Oman,Oman,Muscat,2022-06-23,Active
2598,Customer 2598,Small Business,Healthcare,6,Kuwait,Kuwait,Kuwait City,2023-07-24,Active
2599,Customer 2599,Small Business,Education,7,Bahrain,Bahrain,Manama,2024-08-25,Active
2600,Customer 2600,Mid-Market,Retail,1,UAE North,UAE,Dubai,2017-09-01,Active
2601,Customer 2601,Small Business,Retail,3,Saudi Central,Saudi Arabia,Riyadh,2018-10-02,Dormant
2602,Customer 2602,Consumer,Education,8,Oman,Oman,Muscat,2019-11-03,Dormant
2603,Customer 2603,Consumer,Government,8,Oman,Oman,Muscat,2020-12-04,Active
2604,Customer 2604,Small Business,Technology,9,India West,India,Mumbai,2021-01-05,Active
2605,Customer 2605,Consumer,Healthcare,6,Kuwait,Kuwait,Kuwait City,2022-02-06,Active
2606,Customer 2606,Consumer,Government,6,Kuwait,Kuwait,Kuwait City,2023-03-07,Dormant
2607,Customer 2607,Small Business,Construction,2,UAE South,UAE,Abu Dhabi,2024-04-08,Active
2608,Customer 2608,Consumer,Financial Services,2,UAE South,UAE,Abu Dhabi,2017-05-09,Active
2609,Customer 2609,Mid-Market,Education,9,India West,India,Mumbai,2018-06-10,Dormant
2610,Customer 2610,Mid-Market,Technology,2,UAE South,UAE,Abu Dhabi,2019-07-11,Active
2611,Customer 2611,Mid-Market,Financial Services,6,Kuwait,Kuwait,Kuwait City,2020-08-12,Active
2612,Customer 2612,Mid-Market,Education,9,India West,India,Mumbai,2021-09-13,Active
2613,Customer 2613,Consumer,Education,4,Saudi West,Saudi Arabia,Jeddah,2022-10-14,Active
2614,Customer 2614,Small Business,Healthcare,9,India West,India,Mumbai,2023-11-15,Active
2615,Customer 2615,Mid-Market,Education,9,India West,India,Mumbai,2024-12-16,Active
2616,Customer 2616,Mid-Market,Healthcare,6,Kuwait,Kuwait,Kuwait City,2017-01-17,Active
2617,Customer 2617,Small Business,Financial Services,3,Saudi Central,Saudi Arabia,Riyadh,2018-02-18,Active
2618,Customer 2618,Enterprise,Financial Services,5,Qatar,Qatar,Doha,2019-03-19,Active
2619,Customer 2619,Consumer,Financial Services,7,Bahrain,Bahrain,Manama,2020-04-20,Dormant
2620,Customer 2620,Mid-Market,Technology,8,Oman,Oman,Muscat,2021-05-21,Active
2621,Customer 2621,Mid-Market,Technology,2,UAE South,UAE,Abu Dhabi,2022-06-22,Active
2622,Customer 2622,Small Business,Hospitality,10,India South,India,Bengaluru,2023-07-23,Active
2623,Customer 2623,Mid-Market,Government,7,Bahrain,Bahrain,Manama,2024-08-24,Active
2624,Customer 2624,Small Business,Healthcare,4,Saudi West,Saudi Arabia,Jeddah,2017-09-25,Dormant
2625,Customer 2625,Small Business,Education,7,Bahrain,Bahrain,Manama,2018-10-01,Active
2626,Customer 2626,Mid-Market,Technology,2,UAE South,UAE,Abu Dhabi,2019-11-02,Active
2627,Customer 2627,Mid-Market,Healthcare,7,Bahrain,Bahrain,Manama,2020-12-03,Active
2628,Customer 2628,Mid-Market,Technology,8,Oman,Oman,Muscat,2021-01-04,Active
2629,Customer 2629,Small Business,Technology,1,UAE North,UAE,Dubai,2022-02-05,Active
2630,Customer 2630,Small Business,Government,10,India South,India,Bengaluru,2023-03-06,Active
2631,Customer 2631,Small Business,Government,2,UAE South,UAE,Abu Dhabi,2024-04-07,Active
2632,Customer 2632,Consumer,Construction,2,UAE South,UAE,Abu Dhabi,2017-05-08,Active
2633,Customer 2633,Small Business,Technology,1,UAE North,UAE,Dubai,2018-06-09,Active
2634,Customer 2634,Small Business,Healthcare,8,Oman,Oman,Muscat,2019-07-10,Dormant
2635,Customer 2635,Mid-Market,Hospitality,5,Qatar,Qatar,Doha,2020-08-11,Active
2636,Customer 2636,Consumer,Construction,10,India South,India,Bengaluru,2021-09-12,Active
2637,Customer 2637,Consumer,Financial Services,8,Oman,Oman,Muscat,2022-10-13,Dormant
2638,Customer 2638,Small Business,Technology,1,UAE North,UAE,Dubai,2023-11-14,Active
2639,Customer 2639,Small Business,Construction,5,Qatar,Qatar,Doha,2024-12-15,Dormant
2640,Customer 2640,Consumer,Hospitality,5,Qatar,Qatar,Doha,2017-01-16,Active
2641,Customer 2641,Consumer,Government,2,UAE South,UAE,Abu Dhabi,2018-02-17,Active
2642,Customer 2642,Small Business,Financial Services,10,India South,India,Bengaluru,2019-03-18,Active
2643,Customer 2643,Consumer,Government,2,UAE South,UAE,Abu Dhabi,2020-04-19,Dormant
2644,Customer 2644,Small Business,Financial Services,10,India South,India,Bengaluru,2021-05-20,Active
2645,Customer 2645,Enterprise,Hospitality,10,India South,India,Bengaluru,2022-06-21,Active
2646,Customer 2646,Consumer,Education,2,UAE South,UAE,Abu Dhabi,2023-07-22,Active
2647,Customer 2647,Small Business,Financial Services,10,India South,India,Bengaluru,2024-08-23,Dormant
2648,Customer 2648,Mid-Market,Government,1,UAE North,UAE,Dubai,2017-09-24,Dormant
2649,Customer 2649,Consumer,Retail,10,India South,India,Bengaluru,2018-10-25,Dormant
2650,Customer 2650,Small Business,Retail,7,Bahrain,Bahrain,Manama,2019-11-01,Active
2651,Customer 2651,Mid-Market,Construction,10,India South,India,Bengaluru,2020-12-02,Active
2652,Customer 2652,Consumer,Retail,5,Qatar,Qatar,Doha,2021-01-03,Dormant
2653,Customer 2653,Mid-Market,Construction,5,Qatar,Qatar,Doha,2022-02-04,Active
2654,Customer 2654,Mid-Market,Retail,4,Saudi West,Saudi Arabia,Jeddah,2023-03-05,Active
2655,Customer 2655,Small Business,Technology,8,Oman,Oman,Muscat,2024-04-06,Active
2656,Customer 2656,Small Business,Construction,4,Saudi West,Saudi Arabia,Jeddah,2017-05-07,Dormant
2657,Customer 2657,Consumer,Healthcare,6,Kuwait,Kuwait,Kuwait City,2018-06-08,Dormant
2658,Customer 2658,Mid-Market,Education,2,UAE South,UAE,Abu Dhabi,2019-07-09,Active
2659,Customer 2659,Enterprise,Hospitality,5,Qatar,Qatar,Doha,2020-08-10,Dormant
2660,Customer 2660,Small Business,Healthcare,6,Kuwait,Kuwait,Kuwait City,2021-09-11,Dormant
2661,Customer 2661,Mid-Market,Government,4,Saudi West,Saudi Arabia,Jeddah,2022-10-12,Active
2662,Customer 2662,Consumer,Construction,6,Kuwait,Kuwait,Kuwait City,2023-11-13,Active
2663,Customer 2663,Mid-Market,Hospitality,3,Saudi Central,Saudi Arabia,Riyadh,2024-12-14,Active
2664,Customer 2664,Mid-Market,Technology,10,India South,India,Bengaluru,2017-01-15,Active
2665,Customer 2665,Small Business,Hospitality,7,Bahrain,Bahrain,Manama,2018-02-16,Active
2666,Customer 2666,Enterprise,Financial Services,2,UAE South,UAE,Abu Dhabi,2019-03-17,Active
2667,Customer 2667,Consumer,Construction,3,Saudi Central,Saudi Arabia,Riyadh,2020-04-18,Dormant
2668,Customer 2668,Consumer,Hospitality,3,Saudi Central,Saudi Arabia,Riyadh,2021-05-19,Active
2669,Customer 2669,Small Business,Hospitality,10,India South,India,Bengaluru,2022-06-20,Active
2670,Customer 2670,Small Business,Retail,4,Saudi West,Saudi Arabia,Jeddah,2023-07-21,Active
2671,Customer 2671,Mid-Market,Technology,9,India West,India,Mumbai,2024-08-22,Active
2672,Customer 2672,Mid-Market,Education,8,Oman,Oman,Muscat,2017-09-23,Active
2673,Customer 2673,Small Business,Education,4,Saudi West,Saudi Arabia,Jeddah,2018-10-24,Active
2674,Customer 2674,Mid-Market,Retail,1,UAE North,UAE,Dubai,2019-11-25,Dormant
2675,Customer 2675,Small Business,Education,8,Oman,Oman,Muscat,2020-12-01,Dormant
2676,Customer 2676,Consumer,Financial Services,3,Saudi Central,Saudi Arabia,Riyadh,2021-01-02,Dormant
2677,Customer 2677,Consumer,Construction,5,Qatar,Qatar,Doha,2022-02-03,Active
2678,Customer 2678,Small Business,Education,7,Bahrain,Bahrain,Manama,2023-03-04,Active
2679,Customer 2679,Mid-Market,Healthcare,9,India West,India,Mumbai,2024-04-05,Active
2680,Customer 2680,Consumer,Healthcare,4,Saudi West,Saudi Arabia,Jeddah,2017-05-06,Active
2681,Customer 2681,Consumer,Construction,9,India West,India,Mumbai,2018-06-07,Active
2682,Customer 2682,Mid-Market,Construction,10,India South,India,Bengaluru,2019-07-08,Active
2683,Customer 2683,Mid-Market,Retail,8,Oman,Oman,Muscat,2020-08-09,Dormant
2684,Customer 2684,Small Business,Financial Services,10,India South,India,Bengaluru,2021-09-10,Active
2685,Customer 2685,Enterprise,Government,3,Saudi Central,Saudi Arabia,Riyadh,2022-10-11,Active
2686,Customer 2686,Small Business,Healthcare,6,Kuwait,Kuwait,Kuwait City,2023-11-12,Active
2687,Customer 2687,Enterprise,Technology,6,Kuwait,Kuwait,Kuwait City,2024-12-13,Active
2688,Customer 2688,Consumer,Government,1,UAE North,UAE,Dubai,2017-01-14,Dormant
2689,Customer 2689,Consumer,Education,3,Saudi Central,Saudi Arabia,Riyadh,2018-02-15,Dormant
2690,Customer 2690,Small Business,Technology,5,Qatar,Qatar,Doha,2019-03-16,Active
2691,Customer 2691,Small Business,Financial Services,4,Saudi West,Saudi Arabia,Jeddah,2020-04-17,Active
2692,Customer 2692,Consumer,Construction,9,India West,India,Mumbai,2021-05-18,Active
2693,Customer 2693,Enterprise,Construction,10,India South,India,Bengaluru,2022-06-19,Active
2694,Customer 2694,Small Business,Financial Services,2,UAE South,UAE,Abu Dhabi,2023-07-20,Active
2695,Customer 2695,Mid-Market,Healthcare,4,Saudi West,Saudi Arabia,Jeddah,2024-08-21,Active
2696,Customer 2696,Small Business,Government,1,UAE North,UAE,Dubai,2017-09-22,Active
2697,Customer 2697,Enterprise,Financial Services,6,Kuwait,Kuwait,Kuwait City,2018-10-23,Dormant
2698,Customer 2698,Small Business,Government,7,Bahrain,Bahrain,Manama,2019-11-24,Active
2699,Customer 2699,Mid-Market,Technology,6,Kuwait,Kuwait,Kuwait City,2020-12-25,Active
2700,Customer 2700,Consumer,Technology,3,Saudi Central,Saudi Arabia,Riyadh,2021-01-01,Dormant
2701,Customer 2701,Mid-Market,Financial Services,2,UAE South,UAE,Abu Dhabi,2022-02-02,Active
2702,Customer 2702,Mid-Market,Hospitality,4,Saudi West,Saudi Arabia,Jeddah,2023-03-03,Active
2703,Customer 2703,Consumer,Technology,8,Oman,Oman,Muscat,2024-04-04,Active
2704,Customer 2704,Enterprise,Retail,10,India South,India,Bengaluru,2017-05-05,Active
2705,Customer 2705,Mid-Market,Retail,2,UAE South,UAE,Abu Dhabi,2018-06-06,Active
2706,Customer 2706,Small Business,Retail,6,Kuwait,Kuwait,Kuwait City,2019-07-07,Active
2707,Customer 2707,Consumer,Education,2,UAE South,UAE,Abu Dhabi,2020-08-08,Dormant
2708,Customer 2708,Small Business,Construction,3,Saudi Central,Saudi Arabia,Riyadh,2021-09-09,Active
2709,Customer 2709,Small Business,Healthcare,3,Saudi Central,Saudi Arabia,Riyadh,2022-10-10,Dormant
2710,Customer 2710,Small Business,Government,3,Saudi Central,Saudi Arabia,Riyadh,2023-11-11,Active
2711,Customer 2711,Enterprise,Hospitality,10,India South,India,Bengaluru,2024-12-12,Active
2712,Customer 2712,Enterprise,Healthcare,5,Qatar,Qatar,Doha,2017-01-13,Active
2713,Customer 2713,Small Business,Healthcare,2,UAE South,UAE,Abu Dhabi,2018-02-14,Active
2714,Customer 2714,Consumer,Financial Services,8,Oman,Oman,Muscat,2019-03-15,Dormant
2715,Customer 2715,Small Business,Hospitality,2,UAE South,UAE,Abu Dhabi,2020-04-16,Active
2716,Customer 2716,Mid-Market,Education,4,Saudi West,Saudi Arabia,Jeddah,2021-05-17,Dormant
2717,Customer 2717,Consumer,Retail,4,Saudi West,Saudi Arabia,Jeddah,2022-06-18,Active
2718,Customer 2718,Consumer,Government,1,UAE North,UAE,Dubai,2023-07-19,Active
2719,Customer 2719,Enterprise,Construction,9,India West,India,Mumbai,2024-08-20,Dormant
2720,Customer 2720,Small Business,Technology,9,India West,India,Mumbai,2017-09-21,Active
2721,Customer 2721,Small Business,Education,3,Saudi Central,Saudi Arabia,Riyadh,2018-10-22,Active
2722,Customer 2722,Small Business,Financial Services,7,Bahrain,Bahrain,Manama,2019-11-23,Active
2723,Customer 2723,Enterprise,Hospitality,8,Oman,Oman,Muscat,2020-12-24,Active
2724,Customer 2724,Small Business,Financial Services,9,India West,India,Mumbai,2021-01-25,Active
2725,Customer 2725,Consumer,Technology,8,Oman,Oman,Muscat,2022-02-01,Active
2726,Customer 2726,Consumer,Education,9,India West,India,Mumbai,2023-03-02,Active
2727,Customer 2727,Consumer,Healthcare,5,Qatar,Qatar,Doha,2024-04-03,Active
2728,Customer 2728,Small Business,Retail,1,UAE North,UAE,Dubai,2017-05-04,Active
2729,Customer 2729,Mid-Market,Retail,7,Bahrain,Bahrain,Manama,2018-06-05,Dormant
2730,Customer 2730,Small Business,Healthcare,9,India West,India,Mumbai,2019-07-06,Active
2731,Customer 2731,Consumer,Hospitality,1,UAE North,UAE,Dubai,2020-08-07,Dormant
2732,Customer 2732,Consumer,Construction,3,Saudi Central,Saudi Arabia,Riyadh,2021-09-08,Active
2733,Customer 2733,Small Business,Retail,4,Saudi West,Saudi Arabia,Jeddah,2022-10-09,Active
2734,Customer 2734,Mid-Market,Hospitality,7,Bahrain,Bahrain,Manama,2023-11-10,Active
2735,Customer 2735,Consumer,Construction,1,UAE North,UAE,Dubai,2024-12-11,Active
2736,Customer 2736,Consumer,Construction,7,Bahrain,Bahrain,Manama,2017-01-12,Dormant
2737,Customer 2737,Mid-Market,Education,1,UAE North,UAE,Dubai,2018-02-13,Active
2738,Customer 2738,Small Business,Technology,7,Bahrain,Bahrain,Manama,2019-03-14,Active
2739,Customer 2739,Small Business,Retail,5,Qatar,Qatar,Doha,2020-04-15,Dormant
2740,Customer 2740,Small Business,Education,7,Bahrain,Bahrain,Manama,2021-05-16,Dormant
2741,Customer 2741,Small Business,Financial Services,5,Qatar,Qatar,Doha,2022-06-17,Active
2742,Customer 2742,Mid-Market,Education,8,Oman,Oman,Muscat,2023-07-18,Active
2743,Customer 2743,Enterprise,Government,2,UAE South,UAE,Abu Dhabi,2024-08-19,Active
2744,Customer 2744,Small Business,Healthcare,3,Saudi Central,Saudi Arabia,Riyadh,2017-09-20,Active
2745,Customer 2745,Mid-Market,Technology,7,Bahrain,Bahrain,Manama,2018-10-21,Active
2746,Customer 2746,Mid-Market,Hospitality,10,India South,India,Bengaluru,2019-11-22,Dormant
2747,Customer 2747,Consumer,Government,4,Saudi West,Saudi Arabia,Jeddah,2020-12-23,Active
2748,Customer 2748,Small Business,Retail,3,Saudi Central,Saudi Arabia,Riyadh,2021-01-24,Dormant
2749,Customer 2749,Enterprise,Education,8,Oman,Oman,Muscat,2022-02-25,Active
2750,Customer 2750,Mid-Market,Hospitality,7,Bahrain,Bahrain,Manama,2023-03-01,Active
2751,Customer 2751,Small Business,Government,7,Bahrain,Bahrain,Manama,2024-04-02,Active
2752,Customer 2752,Small Business,Retail,8,Oman,Oman,Muscat,2017-05-03,Active
2753,Customer 2753,Consumer,Retail,4,Saudi West,Saudi Arabia,Jeddah,2018-06-04,Active
2754,Customer 2754,Mid-Market,Technology,3,Saudi Central,Saudi Arabia,Riyadh,2019-07-05,Active
2755,Customer 2755,Small Business,Retail,6,Kuwait,Kuwait,Kuwait City,2020-08-06,Dormant
2756,Customer 2756,Mid-Market,Technology,7,Bahrain,Bahrain,Manama,2021-09-07,Active
2757,Customer 2757,Mid-Market,Education,4,Saudi West,Saudi Arabia,Jeddah,2022-10-08,Active
2758,Customer 2758,Enterprise,Government,8,Oman,Oman,Muscat,2023-11-09,Active
2759,Customer 2759,Small Business,Technology,4,Saudi West,Saudi Arabia,Jeddah,2024-12-10,Active
2760,Customer 2760,Small Business,Construction,3,Saudi Central,Saudi Arabia,Riyadh,2017-01-11,Active
2761,Customer 2761,Small Business,Financial Services,2,UAE South,UAE,Abu Dhabi,2018-02-12,Active
2762,Customer 2762,Consumer,Construction,10,India South,India,Bengaluru,2019-03-13,Active
2763,Customer 2763,Mid-Market,Hospitality,1,UAE North,UAE,Dubai,2020-04-14,Active
2764,Customer 2764,Small Business,Retail,1,UAE North,UAE,Dubai,2021-05-15,Dormant
2765,Customer 2765,Enterprise,Education,10,India South,India,Bengaluru,2022-06-16,Active
2766,Customer 2766,Small Business,Retail,10,India South,India,Bengaluru,2023-07-17,Dormant
2767,Customer 2767,Small Business,Technology,10,India South,India,Bengaluru,2024-08-18,Dormant
2768,Customer 2768,Consumer,Education,8,Oman,Oman,Muscat,2017-09-19,Dormant
2769,Customer 2769,Mid-Market,Government,10,India South,India,Bengaluru,2018-10-20,Dormant
2770,Customer 2770,Small Business,Construction,3,Saudi Central,Saudi Arabia,Riyadh,2019-11-21,Active
2771,Customer 2771,Mid-Market,Healthcare,3,Saudi Central,Saudi Arabia,Riyadh,2020-12-22,Dormant
2772,Customer 2772,Consumer,Construction,5,Qatar,Qatar,Doha,2021-01-23,Active
2773,Customer 2773,Consumer,Healthcare,7,Bahrain,Bahrain,Manama,2022-02-24,Active
2774,Customer 2774,Small Business,Education,8,Oman,Oman,Muscat,2023-03-25,Dormant
2775,Customer 2775,Consumer,Construction,3,Saudi Central,Saudi Arabia,Riyadh,2024-04-01,Active
2776,Customer 2776,Small Business,Financial Services,7,Bahrain,Bahrain,Manama,2017-05-02,Dormant
2777,Customer 2777,Small Business,Financial Services,8,Oman,Oman,Muscat,2018-06-03,Dormant
2778,Customer 2778,Mid-Market,Financial Services,6,Kuwait,Kuwait,Kuwait City,2019-07-04,Active
2779,Customer 2779,Mid-Market,Education,9,India West,India,Mumbai,2020-08-05,Active
2780,Customer 2780,Mid-Market,Construction,10,India South,India,Bengaluru,2021-09-06,Dormant
2781,Customer 2781,Consumer,Financial Services,9,India West,India,Mumbai,2022-10-07,Active
2782,Customer 2782,Mid-Market,Healthcare,5,Qatar,Qatar,Doha,2023-11-08,Dormant
2783,Customer 2783,Small Business,Government,2,UAE South,UAE,Abu Dhabi,2024-12-09,Active
2784,Customer 2784,Small Business,Education,10,India South,India,Bengaluru,2017-01-10,Active
2785,Customer 2785,Small Business,Healthcare,6,Kuwait,Kuwait,Kuwait City,2018-02-11,Dormant
2786,Customer 2786,Small Business,Government,9,India West,India,Mumbai,2019-03-12,Active
2787,Customer 2787,Small Business,Healthcare,4,Saudi West,Saudi Arabia,Jeddah,2020-04-13,Active
2788,Customer 2788,Consumer,Financial Services,10,India South,India,Bengaluru,2021-05-14,Active
2789,Customer 2789,Small Business,Government,3,Saudi Central,Saudi Arabia,Riyadh,2022-06-15,Active
2790,Customer 2790,Consumer,Government,3,Saudi Central,Saudi Arabia,Riyadh,2023-07-16,Active
2791,Customer 2791,Consumer,Retail,10,India South,India,Bengaluru,2024-08-17,Active
2792,Customer 2792,Enterprise,Retail,2,UAE South,UAE,Abu Dhabi,2017-09-18,Active
2793,Customer 2793,Consumer,Construction,6,Kuwait,Kuwait,Kuwait City,2018-10-19,Active
2794,Customer 2794,Consumer,Education,4,Saudi West,Saudi Arabia,Jeddah,2019-11-20,Active
2795,Customer 2795,Mid-Market,Construction,2,UAE South,UAE,Abu Dhabi,2020-12-21,Dormant
2796,Customer 2796,Mid-Market,Healthcare,8,Oman,Oman,Muscat,2021-01-22,Active
2797,Customer 2797,Enterprise,Healthcare,5,Qatar,Qatar,Doha,2022-02-23,Active
2798,Customer 2798,Small Business,Financial Services,3,Saudi Central,Saudi Arabia,Riyadh,2023-03-24,Active
2799,Customer 2799,Small Business,Government,9,India West,India,Mumbai,2024-04-25,Active
2800,Customer 2800,Consumer,Healthcare,4,Saudi West,Saudi Arabia,Jeddah,2017-05-01,Dormant
2801,Customer 2801,Consumer,Healthcare,2,UAE South,UAE,Abu Dhabi,2018-06-02,Dormant
2802,Customer 2802,Small Business,Healthcare,8,Oman,Oman,Muscat,2019-07-03,Active
2803,Customer 2803,Small Business,Construction,10,India South,India,Bengaluru,2020-08-04,Dormant
2804,Customer 2804,Small Business,Government,10,India South,India,Bengaluru,2021-09-05,Active
2805,Customer 2805,Consumer,Construction,8,Oman,Oman,Muscat,2022-10-06,Active
2806,Customer 2806,Consumer,Hospitality,2,UAE South,UAE,Abu Dhabi,2023-11-07,Active
2807,Customer 2807,Small Business,Financial Services,3,Saudi Central,Saudi Arabia,Riyadh,2024-12-08,Active
2808,Customer 2808,Consumer,Education,2,UAE South,UAE,Abu Dhabi,2017-01-09,Active
2809,Customer 2809,Consumer,Hospitality,5,Qatar,Qatar,Doha,2018-02-10,Active
2810,Customer 2810,Consumer,Government,10,India South,India,Bengaluru,2019-03-11,Active
2811,Customer 2811,Consumer,Financial Services,10,India South,India,Bengaluru,2020-04-12,Active
2812,Customer 2812,Consumer,Education,6,Kuwait,Kuwait,Kuwait City,2021-05-13,Active
2813,Customer 2813,Consumer,Retail,9,India West,India,Mumbai,2022-06-14,Dormant
2814,Customer 2814,Consumer,Retail,6,Kuwait,Kuwait,Kuwait City,2023-07-15,Active
2815,Customer 2815,Mid-Market,Financial Services,5,Qatar,Qatar,Doha,2024-08-16,Active
2816,Customer 2816,Mid-Market,Government,1,UAE North,UAE,Dubai,2017-09-17,Active
2817,Customer 2817,Small Business,Healthcare,6,Kuwait,Kuwait,Kuwait City,2018-10-18,Active
2818,Customer 2818,Enterprise,Financial Services,10,India South,India,Bengaluru,2019-11-19,Active
2819,Customer 2819,Small Business,Retail,8,Oman,Oman,Muscat,2020-12-20,Active
2820,Customer 2820,Mid-Market,Financial Services,7,Bahrain,Bahrain,Manama,2021-01-21,Dormant
2821,Customer 2821,Mid-Market,Construction,6,Kuwait,Kuwait,Kuwait City,2022-02-22,Active
2822,Customer 2822,Mid-Market,Technology,9,India West,India,Mumbai,2023-03-23,Active
2823,Customer 2823,Consumer,Hospitality,2,UAE South,UAE,Abu Dhabi,2024-04-24,Active
2824,Customer 2824,Consumer,Retail,9,India West,India,Mumbai,2017-05-25,Active
2825,Customer 2825,Mid-Market,Healthcare,2,UAE South,UAE,Abu Dhabi,2018-06-01,Active
2826,Customer 2826,Mid-Market,Education,2,UAE South,UAE,Abu Dhabi,2019-07-02,Active
2827,Customer 2827,Enterprise,Retail,2,UAE South,UAE,Abu Dhabi,2020-08-03,Active
2828,Customer 2828,Enterprise,Government,10,India South,India,Bengaluru,2021-09-04,Active
2829,Customer 2829,Small Business,Retail,2,UAE South,UAE,Abu Dhabi,2022-10-05,Active
2830,Customer 2830,Consumer,Hospitality,4,Saudi West,Saudi Arabia,Jeddah,2023-11-06,Active
2831,Customer 2831,Consumer,Hospitality,2,UAE South,UAE,Abu Dhabi,2024-12-07,Active
2832,Customer 2832,Consumer,Education,7,Bahrain,Bahrain,Manama,2017-01-08,Active
2833,Customer 2833,Consumer,Financial Services,1,UAE North,UAE,Dubai,2018-02-09,Active
2834,Customer 2834,Mid-Market,Education,9,India West,India,Mumbai,2019-03-10,Dormant
2835,Customer 2835,Consumer,Government,10,India South,India,Bengaluru,2020-04-11,Active
2836,Customer 2836,Consumer,Retail,10,India South,India,Bengaluru,2021-05-12,Dormant
2837,Customer 2837,Small Business,Hospitality,3,Saudi Central,Saudi Arabia,Riyadh,2022-06-13,Active
2838,Customer 2838,Mid-Market,Education,4,Saudi West,Saudi Arabia,Jeddah,2023-07-14,Active
2839,Customer 2839,Mid-Market,Construction,2,UAE South,UAE,Abu Dhabi,2024-08-15,Active
2840,Customer 2840,Small Business,Technology,3,Saudi Central,Saudi Arabia,Riyadh,2017-09-16,Dormant
2841,Customer 2841,Small Business,Education,9,India West,India,Mumbai,2018-10-17,Dormant
2842,Customer 2842,Consumer,Education,5,Qatar,Qatar,Doha,2019-11-18,Active
2843,Customer 2843,Mid-Market,Healthcare,5,Qatar,Qatar,Doha,2020-12-19,Active
2844,Customer 2844,Enterprise,Construction,1,UAE North,UAE,Dubai,2021-01-20,Active
2845,Customer 2845,Consumer,Financial Services,10,India South,India,Bengaluru,2022-02-21,Active
2846,Customer 2846,Enterprise,Hospitality,8,Oman,Oman,Muscat,2023-03-22,Active
2847,Customer 2847,Consumer,Construction,10,India South,India,Bengaluru,2024-04-23,Active
2848,Customer 2848,Mid-Market,Construction,10,India South,India,Bengaluru,2017-05-24,Dormant
2849,Customer 2849,Consumer,Government,6,Kuwait,Kuwait,Kuwait City,2018-06-25,Active
2850,Customer 2850,Mid-Market,Government,8,Oman,Oman,Muscat,2019-07-01,Active
2851,Customer 2851,Consumer,Education,9,India West,India,Mumbai,2020-08-02,Active
2852,Customer 2852,Mid-Market,Construction,10,India South,India,Bengaluru,2021-09-03,Dormant
2853,Customer 2853,Consumer,Construction,8,Oman,Oman,Muscat,2022-10-04,Dormant
2854,Customer 2854,Consumer,Government,8,Oman,Oman,Muscat,2023-11-05,Dormant
2855,Customer 2855,Mid-Market,Financial Services,3,Saudi Central,Saudi Arabia,Riyadh,2024-12-06,Dormant
2856,Customer 2856,Consumer,Construction,1,UAE North,UAE,Dubai,2017-01-07,Dormant
2857,Customer 2857,Small Business,Retail,3,Saudi Central,Saudi Arabia,Riyadh,2018-02-08,Dormant
2858,Customer 2858,Mid-Market,Healthcare,3,Saudi Central,Saudi Arabia,Riyadh,2019-03-09,Active
2859,Customer 2859,Enterprise,Government,2,UAE South,UAE,Abu Dhabi,2020-04-10,Active
2860,Customer 2860,Mid-Market,Retail,5,Qatar,Qatar,Doha,2021-05-11,Dormant
2861,Customer 2861,Mid-Market,Technology,7,Bahrain,Bahrain,Manama,2022-06-12,Active
2862,Customer 2862,Small Business,Government,4,Saudi West,Saudi Arabia,Jeddah,2023-07-13,Dormant
2863,Customer 2863,Consumer,Healthcare,7,Bahrain,Bahrain,Manama,2024-08-14,Dormant
2864,Customer 2864,Mid-Market,Hospitality,1,UAE North,UAE,Dubai,2017-09-15,Active
2865,Customer 2865,Consumer,Technology,6,Kuwait,Kuwait,Kuwait City,2018-10-16,Active
2866,Customer 2866,Small Business,Government,4,Saudi West,Saudi Arabia,Jeddah,2019-11-17,Active
2867,Customer 2867,Small Business,Technology,7,Bahrain,Bahrain,Manama,2020-12-18,Active
2868,Customer 2868,Small Business,Financial Services,6,Kuwait,Kuwait,Kuwait City,2021-01-19,Active
2869,Customer 2869,Mid-Market,Technology,10,India South,India,Bengaluru,2022-02-20,Active
2870,Customer 2870,Consumer,Healthcare,6,Kuwait,Kuwait,Kuwait City,2023-03-21,Active
2871,Customer 2871,Consumer,Hospitality,10,India South,India,Bengaluru,2024-04-22,Active
2872,Customer 2872,Small Business,Education,8,Oman,Oman,Muscat,2017-05-23,Active
2873,Customer 2873,Small Business,Construction,6,Kuwait,Kuwait,Kuwait City,2018-06-24,Dormant
2874,Customer 2874,Small Business,Construction,5,Qatar,Qatar,Doha,2019-07-25,Active
2875,Customer 2875,Consumer,Education,3,Saudi Central,Saudi Arabia,Riyadh,2020-08-01,Active
2876,Customer 2876,Small Business,Government,4,Saudi West,Saudi Arabia,Jeddah,2021-09-02,Active
2877,Customer 2877,Small Business,Hospitality,6,Kuwait,Kuwait,Kuwait City,2022-10-03,Dormant
2878,Customer 2878,Small Business,Hospitality,3,Saudi Central,Saudi Arabia,Riyadh,2023-11-04,Dormant
2879,Customer 2879,Small Business,Technology,8,Oman,Oman,Muscat,2024-12-05,Active
2880,Customer 2880,Small Business,Education,8,Oman,Oman,Muscat,2017-01-06,Active
2881,Customer 2881,Mid-Market,Retail,3,Saudi Central,Saudi Arabia,Riyadh,2018-02-07,Dormant
2882,Customer 2882,Mid-Market,Retail,4,Saudi West,Saudi Arabia,Jeddah,2019-03-08,Active
2883,Customer 2883,Consumer,Government,6,Kuwait,Kuwait,Kuwait City,2020-04-09,Active
2884,Customer 2884,Consumer,Government,5,Qatar,Qatar,Doha,2021-05-10,Active
2885,Customer 2885,Consumer,Education,10,India South,India,Bengaluru,2022-06-11,Active
2886,Customer 2886,Small Business,Technology,10,India South,India,Bengaluru,2023-07-12,Active
2887,Customer 2887,Small Business,Technology,4,Saudi West,Saudi Arabia,Jeddah,2024-08-13,Active
2888,Customer 2888,Small Business,Retail,7,Bahrain,Bahrain,Manama,2017-09-14,Active
2889,Customer 2889,Mid-Market,Technology,5,Qatar,Qatar,Doha,2018-10-15,Active
2890,Customer 2890,Small Business,Financial Services,1,UAE North,UAE,Dubai,2019-11-16,Active
2891,Customer 2891,Small Business,Healthcare,6,Kuwait,Kuwait,Kuwait City,2020-12-17,Dormant
2892,Customer 2892,Small Business,Government,7,Bahrain,Bahrain,Manama,2021-01-18,Active
2893,Customer 2893,Consumer,Government,2,UAE South,UAE,Abu Dhabi,2022-02-19,Active
2894,Customer 2894,Consumer,Government,4,Saudi West,Saudi Arabia,Jeddah,2023-03-20,Active
2895,Customer 2895,Small Business,Construction,3,Saudi Central,Saudi Arabia,Riyadh,2024-04-21,Active
2896,Customer 2896,Enterprise,Construction,2,UAE South,UAE,Abu Dhabi,2017-05-22,Dormant
2897,Customer 2897,Mid-Market,Financial Services,6,Kuwait,Kuwait,Kuwait City,2018-06-23,Active
2898,Customer 2898,Small Business,Financial Services,7,Bahrain,Bahrain,Manama,2019-07-24,Active
2899,Customer 2899,Small Business,Retail,6,Kuwait,Kuwait,Kuwait City,2020-08-25,Active
2900,Customer 2900,Small Business,Retail,6,Kuwait,Kuwait,Kuwait City,2021-09-01,Active
2901,Customer 2901,Small Business,Hospitality,3,Saudi Central,Saudi Arabia,Riyadh,2022-10-02,Active
2902,Customer 2902,Enterprise,Healthcare,3,Saudi Central,Saudi Arabia,Riyadh,2023-11-03,Active
2903,Customer 2903,Consumer,Construction,2,UAE South,UAE,Abu Dhabi,2024-12-04,Active
2904,Customer 2904,Small Business,Hospitality,2,UAE South,UAE,Abu Dhabi,2017-01-05,Dormant
2905,Customer 2905,Small Business,Financial Services,7,Bahrain,Bahrain,Manama,2018-02-06,Dormant
2906,Customer 2906,Small Business,Hospitality,3,Saudi Central,Saudi Arabia,Riyadh,2019-03-07,Active
2907,Customer 2907,Mid-Market,Technology,8,Oman,Oman,Muscat,2020-04-08,Active
2908,Customer 2908,Enterprise,Retail,4,Saudi West,Saudi Arabia,Jeddah,2021-05-09,Active
2909,Customer 2909,Small Business,Retail,4,Saudi West,Saudi Arabia,Jeddah,2022-06-10,Active
2910,Customer 2910,Consumer,Healthcare,4,Saudi West,Saudi Arabia,Jeddah,2023-07-11,Active
2911,Customer 2911,Small Business,Financial Services,6,Kuwait,Kuwait,Kuwait City,2024-08-12,Active
2912,Customer 2912,Consumer,Government,9,India West,India,Mumbai,2017-09-13,Active
2913,Customer 2913,Small Business,Retail,7,Bahrain,Bahrain,Manama,2018-10-14,Active
2914,Customer 2914,Enterprise,Education,10,India South,India,Bengaluru,2019-11-15,Dormant
2915,Customer 2915,Mid-Market,Hospitality,1,UAE North,UAE,Dubai,2020-12-16,Active
2916,Customer 2916,Consumer,Healthcare,9,India West,India,Mumbai,2021-01-17,Dormant
2917,Customer 2917,Mid-Market,Retail,4,Saudi West,Saudi Arabia,Jeddah,2022-02-18,Active
2918,Customer 2918,Small Business,Financial Services,5,Qatar,Qatar,Doha,2023-03-19,Active
2919,Customer 2919,Consumer,Technology,4,Saudi West,Saudi Arabia,Jeddah,2024-04-20,Active
2920,Customer 2920,Mid-Market,Technology,4,Saudi West,Saudi Arabia,Jeddah,2017-05-21,Dormant
2921,Customer 2921,Small Business,Government,2,UAE South,UAE,Abu Dhabi,2018-06-22,Active
2922,Customer 2922,Small Business,Financial Services,8,Oman,Oman,Muscat,2019-07-23,Active
2923,Customer 2923,Enterprise,Financial Services,3,Saudi Central,Saudi Arabia,Riyadh,2020-08-24,Active
2924,Customer 2924,Mid-Market,Technology,4,Saudi West,Saudi Arabia,Jeddah,2021-09-25,Active
2925,Customer 2925,Consumer,Construction,10,India South,India,Bengaluru,2022-10-01,Dormant
2926,Customer 2926,Small Business,Education,1,UAE North,UAE,Dubai,2023-11-02,Active
2927,Customer 2927,Small Business,Technology,4,Saudi West,Saudi Arabia,Jeddah,2024-12-03,Active
2928,Customer 2928,Consumer,Construction,4,Saudi West,Saudi Arabia,Jeddah,2017-01-04,Active
2929,Customer 2929,Consumer,Financial Services,8,Oman,Oman,Muscat,2018-02-05,Active
2930,Customer 2930,Consumer,Healthcare,8,Oman,Oman,Muscat,2019-03-06,Dormant
2931,Customer 2931,Small Business,Technology,8,Oman,Oman,Muscat,2020-04-07,Active
2932,Customer 2932,Small Business,Retail,2,UAE South,UAE,Abu Dhabi,2021-05-08,Active
2933,Customer 2933,Enterprise,Retail,10,India South,India,Bengaluru,2022-06-09,Active
2934,Customer 2934,Mid-Market,Financial Services,1,UAE North,UAE,Dubai,2023-07-10,Active
2935,Customer 2935,Enterprise,Education,2,UAE South,UAE,Abu Dhabi,2024-08-11,Active
2936,Customer 2936,Consumer,Construction,7,Bahrain,Bahrain,Manama,2017-09-12,Active
2937,Customer 2937,Small Business,Retail,5,Qatar,Qatar,Doha,2018-10-13,Active
2938,Customer 2938,Consumer,Technology,1,UAE North,UAE,Dubai,2019-11-14,Active
2939,Customer 2939,Small Business,Education,5,Qatar,Qatar,Doha,2020-12-15,Active
2940,Customer 2940,Consumer,Government,1,UAE North,UAE,Dubai,2021-01-16,Active
2941,Customer 2941,Enterprise,Education,1,UAE North,UAE,Dubai,2022-02-17,Dormant
2942,Customer 2942,Small Business,Technology,10,India South,India,Bengaluru,2023-03-18,Active
2943,Customer 2943,Consumer,Government,1,UAE North,UAE,Dubai,2024-04-19,Active
2944,Customer 2944,Mid-Market,Financial Services,3,Saudi Central,Saudi Arabia,Riyadh,2017-05-20,Dormant
2945,Customer 2945,Enterprise,Financial Services,1,UAE North,UAE,Dubai,2018-06-21,Dormant
2946,Customer 2946,Mid-Market,Retail,7,Bahrain,Bahrain,Manama,2019-07-22,Active
2947,Customer 2947,Consumer,Technology,2,UAE South,UAE,Abu Dhabi,2020-08-23,Active
2948,Customer 2948,Mid-Market,Technology,8,Oman,Oman,Muscat,2021-09-24,Active
2949,Customer 2949,Consumer,Education,5,Qatar,Qatar,Doha,2022-10-25,Active
2950,Customer 2950,Consumer,Retail,8,Oman,Oman,Muscat,2023-11-01,Dormant
2951,Customer 2951,Consumer,Government,9,India West,India,Mumbai,2024-12-02,Active
2952,Customer 2952,Mid-Market,Hospitality,1,UAE North,UAE,Dubai,2017-01-03,Active
2953,Customer 2953,Consumer,Healthcare,8,Oman,Oman,Muscat,2018-02-04,Active
2954,Customer 2954,Consumer,Healthcare,6,Kuwait,Kuwait,Kuwait City,2019-03-05,Active
2955,Customer 2955,Small Business,Financial Services,6,Kuwait,Kuwait,Kuwait City,2020-04-06,Active
2956,Customer 2956,Consumer,Technology,8,Oman,Oman,Muscat,2021-05-07,Active
2957,Customer 2957,Small Business,Financial Services,8,Oman,Oman,Muscat,2022-06-08,Active
2958,Customer 2958,Enterprise,Technology,7,Bahrain,Bahrain,Manama,2023-07-09,Active
2959,Customer 2959,Consumer,Government,6,Kuwait,Kuwait,Kuwait City,2024-08-10,Dormant
2960,Customer 2960,Consumer,Healthcare,9,India West,India,Mumbai,2017-09-11,Active
2961,Customer 2961,Small Business,Healthcare,6,Kuwait,Kuwait,Kuwait City,2018-10-12,Active
2962,Customer 2962,Small Business,Healthcare,9,India West,India,Mumbai,2019-11-13,Active
2963,Customer 2963,Consumer,Financial Services,4,Saudi West,Saudi Arabia,Jeddah,2020-12-14,Active
2964,Customer 2964,Consumer,Retail,7,Bahrain,Bahrain,Manama,2021-01-15,Active
2965,Customer 2965,Enterprise,Healthcare,10,India South,India,Bengaluru,2022-02-16,Active
2966,Customer 2966,Small Business,Construction,6,Kuwait,Kuwait,Kuwait City,2023-03-17,Active
2967,Customer 2967,Consumer,Financial Services,9,India West,India,Mumbai,2024-04-18,Active
2968,Customer 2968,Mid-Market,Financial Services,10,India South,India,Bengaluru,2017-05-19,Active
2969,Customer 2969,Small Business,Government,4,Saudi West,Saudi Arabia,Jeddah,2018-06-20,Active
2970,Customer 2970,Consumer,Hospitality,4,Saudi West,Saudi Arabia,Jeddah,2019-07-21,Dormant
2971,Customer 2971,Consumer,Technology,3,Saudi Central,Saudi Arabia,Riyadh,2020-08-22,Active
2972,Customer 2972,Mid-Market,Education,7,Bahrain,Bahrain,Manama,2021-09-23,Active
2973,Customer 2973,Enterprise,Retail,4,Saudi West,Saudi Arabia,Jeddah,2022-10-24,Active
2974,Customer 2974,Mid-Market,Hospitality,2,UAE South,UAE,Abu Dhabi,2023-11-25,Active
2975,Customer 2975,Small Business,Hospitality,5,Qatar,Qatar,Doha,2024-12-01,Dormant
2976,Customer 2976,Small Business,Retail,6,Kuwait,Kuwait,Kuwait City,2017-01-02,Active
2977,Customer 2977,Small Business,Education,6,Kuwait,Kuwait,Kuwait City,2018-02-03,Active
2978,Customer 2978,Small Business,Government,7,Bahrain,Bahrain,Manama,2019-03-04,Active
2979,Customer 2979,Consumer,Government,8,Oman,Oman,Muscat,2020-04-05,Active
2980,Customer 2980,Enterprise,Government,6,Kuwait,Kuwait,Kuwait City,2021-05-06,Dormant
2981,Customer 2981,Consumer,Financial Services,9,India West,India,Mumbai,2022-06-07,Active
2982,Customer 2982,Consumer,Financial Services,8,Oman,Oman,Muscat,2023-07-08,Active
2983,Customer 2983,Consumer,Hospitality,8,Oman,Oman,Muscat,2024-08-09,Dormant
2984,Customer 2984,Small Business,Hospitality,5,Qatar,Qatar,Doha,2017-09-10,Active
2985,Customer 2985,Small Business,Construction,2,UAE South,UAE,Abu Dhabi,2018-10-11,Active
2986,Customer 2986,Consumer,Retail,10,India South,India,Bengaluru,2019-11-12,Active
2987,Customer 2987,Small Business,Government,5,Qatar,Qatar,Doha,2020-12-13,Active
2988,Customer 2988,Small Business,Retail,10,India South,India,Bengaluru,2021-01-14,Active
2989,Customer 2989,Consumer,Retail,10,India South,India,Bengaluru,2022-02-15,Dormant
2990,Customer 2990,Small Business,Government,2,UAE South,UAE,Abu Dhabi,2023-03-16,Active
2991,Customer 2991,Small Business,Retail,10,India South,India,Bengaluru,2024-04-17,Active
2992,Customer 2992,Enterprise,Government,10,India South,India,Bengaluru,2017-05-18,Active
2993,Customer 2993,Mid-Market,Healthcare,8,Oman,Oman,Muscat,2018-06-19,Active
2994,Customer 2994,Small Business,Financial Services,5,Qatar,Qatar,Doha,2019-07-20,Active
2995,Customer 2995,Consumer,Hospitality,3,Saudi Central,Saudi Arabia,Riyadh,2020-08-21,Active
2996,Customer 2996,Small Business,Retail,8,Oman,Oman,Muscat,2021-09-22,Dormant
2997,Customer 2997,Consumer,Retail,3,Saudi Central,Saudi Arabia,Riyadh,2022-10-23,Active
2998,Customer 2998,Mid-Market,Government,3,Saudi Central,Saudi Arabia,Riyadh,2023-11-24,Active
2999,Customer 2999,Consumer,Hospitality,8,Oman,Oman,Muscat,2024-12-25,Active
3000,Customer 3000,Mid-Market,Retail,3,Saudi Central,Saudi Arabia,Riyadh,2017-01-01,Dormant
3001,Customer 3001,Mid-Market,Financial Services,8,Oman,Oman,Muscat,2018-02-02,Active
3002,Customer 3002,Consumer,Construction,9,India West,India,Mumbai,2019-03-03,Active
3003,Customer 3003,Small Business,Technology,7,Bahrain,Bahrain,Manama,2020-04-04,Dormant
3004,Customer 3004,Consumer,Hospitality,9,India West,India,Mumbai,2021-05-05,Active
3005,Customer 3005,Mid-Market,Construction,2,UAE South,UAE,Abu Dhabi,2022-06-06,Dormant
3006,Customer 3006,Small Business,Education,7,Bahrain,Bahrain,Manama,2023-07-07,Active
3007,Customer 3007,Enterprise,Hospitality,2,UAE South,UAE,Abu Dhabi,2024-08-08,Active
3008,Customer 3008,Small Business,Construction,4,Saudi West,Saudi Arabia,Jeddah,2017-09-09,Active
3009,Customer 3009,Enterprise,Healthcare,8,Oman,Oman,Muscat,2018-10-10,Dormant
3010,Customer 3010,Small Business,Education,2,UAE South,UAE,Abu Dhabi,2019-11-11,Active
3011,Customer 3011,Mid-Market,Financial Services,3,Saudi Central,Saudi Arabia,Riyadh,2020-12-12,Active
3012,Customer 3012,Enterprise,Retail,6,Kuwait,Kuwait,Kuwait City,2021-01-13,Active
3013,Customer 3013,Small Business,Retail,9,India West,India,Mumbai,2022-02-14,Active
3014,Customer 3014,Mid-Market,Education,3,Saudi Central,Saudi Arabia,Riyadh,2023-03-15,Dormant
3015,Customer 3015,Mid-Market,Government,4,Saudi West,Saudi Arabia,Jeddah,2024-04-16,Dormant
3016,Customer 3016,Mid-Market,Healthcare,8,Oman,Oman,Muscat,2017-05-17,Dormant
3017,Customer 3017,Small Business,Hospitality,9,India West,India,Mumbai,2018-06-18,Active
3018,Customer 3018,Consumer,Healthcare,3,Saudi Central,Saudi Arabia,Riyadh,2019-07-19,Active
3019,Customer 3019,Small Business,Hospitality,8,Oman,Oman,Muscat,2020-08-20,Active
3020,Customer 3020,Small Business,Financial Services,4,Saudi West,Saudi Arabia,Jeddah,2021-09-21,Active
3021,Customer 3021,Consumer,Financial Services,4,Saudi West,Saudi Arabia,Jeddah,2022-10-22,Active
3022,Customer 3022,Enterprise,Construction,7,Bahrain,Bahrain,Manama,2023-11-23,Dormant
3023,Customer 3023,Mid-Market,Construction,1,UAE North,UAE,Dubai,2024-12-24,Dormant
3024,Customer 3024,Small Business,Education,8,Oman,Oman,Muscat,2017-01-25,Active
3025,Customer 3025,Small Business,Financial Services,8,Oman,Oman,Muscat,2018-02-01,Active
3026,Customer 3026,Small Business,Technology,4,Saudi West,Saudi Arabia,Jeddah,2019-03-02,Dormant
3027,Customer 3027,Small Business,Retail,2,UAE South,UAE,Abu Dhabi,2020-04-03,Dormant
3028,Customer 3028,Small Business,Healthcare,2,UAE South,UAE,Abu Dhabi,2021-05-04,Active
3029,Customer 3029,Mid-Market,Technology,6,Kuwait,Kuwait,Kuwait City,2022-06-05,Dormant
3030,Customer 3030,Mid-Market,Construction,6,Kuwait,Kuwait,Kuwait City,2023-07-06,Active
3031,Customer 3031,Small Business,Financial Services,8,Oman,Oman,Muscat,2024-08-07,Active
3032,Customer 3032,Mid-Market,Government,8,Oman,Oman,Muscat,2017-09-08,Active
3033,Customer 3033,Small Business,Hospitality,9,India West,India,Mumbai,2018-10-09,Active
3034,Customer 3034,Consumer,Technology,5,Qatar,Qatar,Doha,2019-11-10,Active
3035,Customer 3035,Consumer,Construction,6,Kuwait,Kuwait,Kuwait City,2020-12-11,Active
3036,Customer 3036,Mid-Market,Technology,10,India South,India,Bengaluru,2021-01-12,Active
3037,Customer 3037,Small Business,Financial Services,6,Kuwait,Kuwait,Kuwait City,2022-02-13,Active
3038,Customer 3038,Small Business,Education,5,Qatar,Qatar,Doha,2023-03-14,Active
3039,Customer 3039,Mid-Market,Construction,5,Qatar,Qatar,Doha,2024-04-15,Active
3040,Customer 3040,Consumer,Healthcare,4,Saudi West,Saudi Arabia,Jeddah,2017-05-16,Active
3041,Customer 3041,Small Business,Education,5,Qatar,Qatar,Doha,2018-06-17,Active
3042,Customer 3042,Consumer,Government,3,Saudi Central,Saudi Arabia,Riyadh,2019-07-18,Active
3043,Customer 3043,Small Business,Technology,4,Saudi West,Saudi Arabia,Jeddah,2020-08-19,Dormant
3044,Customer 3044,Mid-Market,Technology,9,India West,India,Mumbai,2021-09-20,Active
3045,Customer 3045,Mid-Market,Financial Services,5,Qatar,Qatar,Doha,2022-10-21,Dormant
3046,Customer 3046,Enterprise,Technology,1,UAE North,UAE,Dubai,2023-11-22,Dormant
3047,Customer 3047,Consumer,Technology,8,Oman,Oman,Muscat,2024-12-23,Dormant
3048,Customer 3048,Mid-Market,Financial Services,4,Saudi West,Saudi Arabia,Jeddah,2017-01-24,Dormant
3049,Customer 3049,Enterprise,Financial Services,10,India South,India,Bengaluru,2018-02-25,Dormant
3050,Customer 3050,Enterprise,Healthcare,6,Kuwait,Kuwait,Kuwait City,2019-03-01,Active
3051,Customer 3051,Consumer,Retail,6,Kuwait,Kuwait,Kuwait City,2020-04-02,Active
3052,Customer 3052,Mid-Market,Technology,2,UAE South,UAE,Abu Dhabi,2021-05-03,Active
3053,Customer 3053,Consumer,Financial Services,2,UAE South,UAE,Abu Dhabi,2022-06-04,Active
3054,Customer 3054,Consumer,Retail,1,UAE North,UAE,Dubai,2023-07-05,Active
3055,Customer 3055,Mid-Market,Technology,2,UAE South,UAE,Abu Dhabi,2024-08-06,Active
3056,Customer 3056,Mid-Market,Education,7,Bahrain,Bahrain,Manama,2017-09-07,Active
3057,Customer 3057,Mid-Market,Education,9,India West,India,Mumbai,2018-10-08,Active
3058,Customer 3058,Small Business,Construction,1,UAE North,UAE,Dubai,2019-11-09,Active
3059,Customer 3059,Consumer,Financial Services,3,Saudi Central,Saudi Arabia,Riyadh,2020-12-10,Active
3060,Customer 3060,Small Business,Healthcare,9,India West,India,Mumbai,2021-01-11,Active
3061,Customer 3061,Consumer,Technology,10,India South,India,Bengaluru,2022-02-12,Dormant
3062,Customer 3062,Enterprise,Financial Services,2,UAE South,UAE,Abu Dhabi,2023-03-13,Active
3063,Customer 3063,Small Business,Healthcare,4,Saudi West,Saudi Arabia,Jeddah,2024-04-14,Active
3064,Customer 3064,Mid-Market,Retail,4,Saudi West,Saudi Arabia,Jeddah,2017-05-15,Active
3065,Customer 3065,Small Business,Financial Services,5,Qatar,Qatar,Doha,2018-06-16,Dormant
3066,Customer 3066,Mid-Market,Hospitality,4,Saudi West,Saudi Arabia,Jeddah,2019-07-17,Dormant
3067,Customer 3067,Small Business,Financial Services,8,Oman,Oman,Muscat,2020-08-18,Dormant
3068,Customer 3068,Small Business,Technology,1,UAE North,UAE,Dubai,2021-09-19,Active
3069,Customer 3069,Small Business,Construction,8,Oman,Oman,Muscat,2022-10-20,Active
3070,Customer 3070,Small Business,Financial Services,1,UAE North,UAE,Dubai,2023-11-21,Dormant
3071,Customer 3071,Mid-Market,Healthcare,10,India South,India,Bengaluru,2024-12-22,Active
3072,Customer 3072,Consumer,Financial Services,10,India South,India,Bengaluru,2017-01-23,Active
3073,Customer 3073,Mid-Market,Construction,7,Bahrain,Bahrain,Manama,2018-02-24,Active
3074,Customer 3074,Mid-Market,Technology,7,Bahrain,Bahrain,Manama,2019-03-25,Active
3075,Customer 3075,Small Business,Government,7,Bahrain,Bahrain,Manama,2020-04-01,Active
3076,Customer 3076,Mid-Market,Hospitality,10,India South,India,Bengaluru,2021-05-02,Dormant
3077,Customer 3077,Small Business,Construction,1,UAE North,UAE,Dubai,2022-06-03,Active
3078,Customer 3078,Enterprise,Financial Services,7,Bahrain,Bahrain,Manama,2023-07-04,Dormant
3079,Customer 3079,Enterprise,Technology,7,Bahrain,Bahrain,Manama,2024-08-05,Active
3080,Customer 3080,Mid-Market,Technology,4,Saudi West,Saudi Arabia,Jeddah,2017-09-06,Dormant
3081,Customer 3081,Mid-Market,Education,3,Saudi Central,Saudi Arabia,Riyadh,2018-10-07,Active
3082,Customer 3082,Mid-Market,Education,7,Bahrain,Bahrain,Manama,2019-11-08,Active
3083,Customer 3083,Enterprise,Retail,3,Saudi Central,Saudi Arabia,Riyadh,2020-12-09,Active
3084,Customer 3084,Small Business,Technology,2,UAE South,UAE,Abu Dhabi,2021-01-10,Dormant
3085,Customer 3085,Mid-Market,Financial Services,3,Saudi Central,Saudi Arabia,Riyadh,2022-02-11,Active
3086,Customer 3086,Mid-Market,Technology,3,Saudi Central,Saudi Arabia,Riyadh,2023-03-12,Active
3087,Customer 3087,Enterprise,Hospitality,9,India West,India,Mumbai,2024-04-13,Active
3088,Customer 3088,Small Business,Healthcare,10,India South,India,Bengaluru,2017-05-14,Active
3089,Customer 3089,Small Business,Financial Services,9,India West,India,Mumbai,2018-06-15,Active
3090,Customer 3090,Enterprise,Education,4,Saudi West,Saudi Arabia,Jeddah,2019-07-16,Active
3091,Customer 3091,Consumer,Technology,2,UAE South,UAE,Abu Dhabi,2020-08-17,Active
3092,Customer 3092,Mid-Market,Government,9,India West,India,Mumbai,2021-09-18,Active
3093,Customer 3093,Mid-Market,Healthcare,3,Saudi Central,Saudi Arabia,Riyadh,2022-10-19,Active
3094,Customer 3094,Mid-Market,Healthcare,1,UAE North,UAE,Dubai,2023-11-20,Active
3095,Customer 3095,Consumer,Retail,9,India West,India,Mumbai,2024-12-21,Dormant
3096,Customer 3096,Mid-Market,Government,3,Saudi Central,Saudi Arabia,Riyadh,2017-01-22,Active
3097,Customer 3097,Mid-Market,Construction,3,Saudi Central,Saudi Arabia,Riyadh,2018-02-23,Active
3098,Customer 3098,Mid-Market,Healthcare,8,Oman,Oman,Muscat,2019-03-24,Active
3099,Customer 3099,Mid-Market,Retail,4,Saudi West,Saudi Arabia,Jeddah,2020-04-25,Active
3100,Customer 3100,Mid-Market,Technology,7,Bahrain,Bahrain,Manama,2021-05-01,Dormant
3101,Customer 3101,Consumer,Financial Services,9,India West,India,Mumbai,2022-06-02,Dormant
3102,Customer 3102,Small Business,Construction,9,India West,India,Mumbai,2023-07-03,Dormant
3103,Customer 3103,Small Business,Financial Services,5,Qatar,Qatar,Doha,2024-08-04,Active
3104,Customer 3104,Consumer,Healthcare,9,India West,India,Mumbai,2017-09-05,Active
3105,Customer 3105,Enterprise,Construction,4,Saudi West,Saudi Arabia,Jeddah,2018-10-06,Active
3106,Customer 3106,Small Business,Financial Services,2,UAE South,UAE,Abu Dhabi,2019-11-07,Dormant
3107,Customer 3107,Mid-Market,Retail,7,Bahrain,Bahrain,Manama,2020-12-08,Active
3108,Customer 3108,Mid-Market,Retail,8,Oman,Oman,Muscat,2021-01-09,Active
3109,Customer 3109,Consumer,Healthcare,7,Bahrain,Bahrain,Manama,2022-02-10,Dormant
3110,Customer 3110,Consumer,Healthcare,10,India South,India,Bengaluru,2023-03-11,Active
3111,Customer 3111,Mid-Market,Retail,7,Bahrain,Bahrain,Manama,2024-04-12,Active
3112,Customer 3112,Mid-Market,Financial Services,8,Oman,Oman,Muscat,2017-05-13,Dormant
3113,Customer 3113,Small Business,Education,8,Oman,Oman,Muscat,2018-06-14,Dormant
3114,Customer 3114,Small Business,Retail,3,Saudi Central,Saudi Arabia,Riyadh,2019-07-15,Active
3115,Customer 3115,Consumer,Hospitality,3,Saudi Central,Saudi Arabia,Riyadh,2020-08-16,Active
3116,Customer 3116,Enterprise,Government,6,Kuwait,Kuwait,Kuwait City,2021-09-17,Dormant
3117,Customer 3117,Enterprise,Technology,7,Bahrain,Bahrain,Manama,2022-10-18,Active
3118,Customer 3118,Small Business,Retail,9,India West,India,Mumbai,2023-11-19,Dormant
3119,Customer 3119,Mid-Market,Education,2,UAE South,UAE,Abu Dhabi,2024-12-20,Active
3120,Customer 3120,Mid-Market,Hospitality,9,India West,India,Mumbai,2017-01-21,Active
3121,Customer 3121,Mid-Market,Retail,9,India West,India,Mumbai,2018-02-22,Active
3122,Customer 3122,Small Business,Government,9,India West,India,Mumbai,2019-03-23,Dormant
3123,Customer 3123,Consumer,Government,6,Kuwait,Kuwait,Kuwait City,2020-04-24,Active
3124,Customer 3124,Mid-Market,Construction,10,India South,India,Bengaluru,2021-05-25,Active
3125,Customer 3125,Small Business,Government,9,India West,India,Mumbai,2022-06-01,Dormant
3126,Customer 3126,Consumer,Retail,7,Bahrain,Bahrain,Manama,2023-07-02,Active
3127,Customer 3127,Consumer,Financial Services,3,Saudi Central,Saudi Arabia,Riyadh,2024-08-03,Active
3128,Customer 3128,Consumer,Technology,8,Oman,Oman,Muscat,2017-09-04,Active
3129,Customer 3129,Consumer,Education,3,Saudi Central,Saudi Arabia,Riyadh,2018-10-05,Active
3130,Customer 3130,Small Business,Financial Services,10,India South,India,Bengaluru,2019-11-06,Active
3131,Customer 3131,Enterprise,Retail,1,UAE North,UAE,Dubai,2020-12-07,Active
3132,Customer 3132,Small Business,Education,4,Saudi West,Saudi Arabia,Jeddah,2021-01-08,Dormant
3133,Customer 3133,Small Business,Technology,3,Saudi Central,Saudi Arabia,Riyadh,2022-02-09,Active
3134,Customer 3134,Consumer,Healthcare,1,UAE North,UAE,Dubai,2023-03-10,Active
3135,Customer 3135,Consumer,Hospitality,5,Qatar,Qatar,Doha,2024-04-11,Active
3136,Customer 3136,Consumer,Healthcare,8,Oman,Oman,Muscat,2017-05-12,Dormant
3137,Customer 3137,Enterprise,Government,2,UAE South,UAE,Abu Dhabi,2018-06-13,Active
3138,Customer 3138,Consumer,Construction,10,India South,India,Bengaluru,2019-07-14,Dormant
3139,Customer 3139,Small Business,Construction,5,Qatar,Qatar,Doha,2020-08-15,Active
3140,Customer 3140,Mid-Market,Technology,9,India West,India,Mumbai,2021-09-16,Active
3141,Customer 3141,Consumer,Financial Services,4,Saudi West,Saudi Arabia,Jeddah,2022-10-17,Dormant
3142,Customer 3142,Mid-Market,Technology,5,Qatar,Qatar,Doha,2023-11-18,Dormant
3143,Customer 3143,Enterprise,Technology,7,Bahrain,Bahrain,Manama,2024-12-19,Active
3144,Customer 3144,Consumer,Education,2,UAE South,UAE,Abu Dhabi,2017-01-20,Active
3145,Customer 3145,Small Business,Healthcare,4,Saudi West,Saudi Arabia,Jeddah,2018-02-21,Active
3146,Customer 3146,Small Business,Financial Services,9,India West,India,Mumbai,2019-03-22,Dormant
3147,Customer 3147,Small Business,Technology,7,Bahrain,Bahrain,Manama,2020-04-23,Active
3148,Customer 3148,Mid-Market,Government,4,Saudi West,Saudi Arabia,Jeddah,2021-05-24,Active
3149,Customer 3149,Consumer,Retail,6,Kuwait,Kuwait,Kuwait City,2022-06-25,Dormant
3150,Customer 3150,Consumer,Healthcare,7,Bahrain,Bahrain,Manama,2023-07-01,Dormant
3151,Customer 3151,Consumer,Construction,8,Oman,Oman,Muscat,2024-08-02,Active
3152,Customer 3152,Mid-Market,Government,2,UAE South,UAE,Abu Dhabi,2017-09-03,Dormant
3153,Customer 3153,Small Business,Financial Services,7,Bahrain,Bahrain,Manama,2018-10-04,Dormant
3154,Customer 3154,Mid-Market,Healthcare,4,Saudi West,Saudi Arabia,Jeddah,2019-11-05,Active
3155,Customer 3155,Small Business,Financial Services,3,Saudi Central,Saudi Arabia,Riyadh,2020-12-06,Active
3156,Customer 3156,Enterprise,Retail,2,UAE South,UAE,Abu Dhabi,2021-01-07,Active
3157,Customer 3157,Small Business,Hospitality,9,India West,India,Mumbai,2022-02-08,Active
3158,Customer 3158,Enterprise,Healthcare,1,UAE North,UAE,Dubai,2023-03-09,Active
3159,Customer 3159,Mid-Market,Construction,3,Saudi Central,Saudi Arabia,Riyadh,2024-04-10,Active
3160,Customer 3160,Enterprise,Healthcare,10,India South,India,Bengaluru,2017-05-11,Active
3161,Customer 3161,Enterprise,Hospitality,6,Kuwait,Kuwait,Kuwait City,2018-06-12,Active
3162,Customer 3162,Enterprise,Education,10,India South,India,Bengaluru,2019-07-13,Active
3163,Customer 3163,Consumer,Government,7,Bahrain,Bahrain,Manama,2020-08-14,Active
3164,Customer 3164,Small Business,Hospitality,5,Qatar,Qatar,Doha,2021-09-15,Active
3165,Customer 3165,Enterprise,Technology,3,Saudi Central,Saudi Arabia,Riyadh,2022-10-16,Active
3166,Customer 3166,Enterprise,Education,9,India West,India,Mumbai,2023-11-17,Active
3167,Customer 3167,Small Business,Construction,1,UAE North,UAE,Dubai,2024-12-18,Active
3168,Customer 3168,Consumer,Construction,8,Oman,Oman,Muscat,2017-01-19,Active
3169,Customer 3169,Small Business,Financial Services,5,Qatar,Qatar,Doha,2018-02-20,Dormant
3170,Customer 3170,Consumer,Technology,4,Saudi West,Saudi Arabia,Jeddah,2019-03-21,Active
3171,Customer 3171,Mid-Market,Healthcare,4,Saudi West,Saudi Arabia,Jeddah,2020-04-22,Active
3172,Customer 3172,Enterprise,Hospitality,1,UAE North,UAE,Dubai,2021-05-23,Active
3173,Customer 3173,Consumer,Healthcare,2,UAE South,UAE,Abu Dhabi,2022-06-24,Active
3174,Customer 3174,Mid-Market,Construction,2,UAE South,UAE,Abu Dhabi,2023-07-25,Active
3175,Customer 3175,Mid-Market,Government,10,India South,India,Bengaluru,2024-08-01,Dormant
3176,Customer 3176,Mid-Market,Technology,7,Bahrain,Bahrain,Manama,2017-09-02,Active
3177,Customer 3177,Small Business,Construction,8,Oman,Oman,Muscat,2018-10-03,Active
3178,Customer 3178,Mid-Market,Hospitality,7,Bahrain,Bahrain,Manama,2019-11-04,Active
3179,Customer 3179,Consumer,Technology,1,UAE North,UAE,Dubai,2020-12-05,Dormant
3180,Customer 3180,Consumer,Government,3,Saudi Central,Saudi Arabia,Riyadh,2021-01-06,Dormant
3181,Customer 3181,Small Business,Construction,6,Kuwait,Kuwait,Kuwait City,2022-02-07,Dormant
3182,Customer 3182,Consumer,Healthcare,6,Kuwait,Kuwait,Kuwait City,2023-03-08,Active
3183,Customer 3183,Consumer,Financial Services,3,Saudi Central,Saudi Arabia,Riyadh,2024-04-09,Active
3184,Customer 3184,Consumer,Construction,8,Oman,Oman,Muscat,2017-05-10,Active
3185,Customer 3185,Consumer,Education,1,UAE North,UAE,Dubai,2018-06-11,Dormant
3186,Customer 3186,Consumer,Healthcare,5,Qatar,Qatar,Doha,2019-07-12,Dormant
3187,Customer 3187,Consumer,Construction,1,UAE North,UAE,Dubai,2020-08-13,Active
3188,Customer 3188,Small Business,Retail,10,India South,India,Bengaluru,2021-09-14,Active
3189,Customer 3189,Consumer,Education,8,Oman,Oman,Muscat,2022-10-15,Active
3190,Customer 3190,Mid-Market,Technology,3,Saudi Central,Saudi Arabia,Riyadh,2023-11-16,Dormant
3191,Customer 3191,Consumer,Education,9,India West,India,Mumbai,2024-12-17,Dormant
3192,Customer 3192,Small Business,Technology,1,UAE North,UAE,Dubai,2017-01-18,Dormant
3193,Customer 3193,Mid-Market,Retail,1,UAE North,UAE,Dubai,2018-02-19,Dormant
3194,Customer 3194,Small Business,Hospitality,10,India South,India,Bengaluru,2019-03-20,Dormant
3195,Customer 3195,Consumer,Education,7,Bahrain,Bahrain,Manama,2020-04-21,Active
3196,Customer 3196,Mid-Market,Technology,10,India South,India,Bengaluru,2021-05-22,Active
3197,Customer 3197,Consumer,Technology,1,UAE North,UAE,Dubai,2022-06-23,Dormant
3198,Customer 3198,Enterprise,Education,5,Qatar,Qatar,Doha,2023-07-24,Active
3199,Customer 3199,Consumer,Government,4,Saudi West,Saudi Arabia,Jeddah,2024-08-25,Active
3200,Customer 3200,Enterprise,Retail,7,Bahrain,Bahrain,Manama,2017-09-01,Active
3201,Customer 3201,Small Business,Financial Services,5,Qatar,Qatar,Doha,2018-10-02,Active
3202,Customer 3202,Consumer,Technology,9,India West,India,Mumbai,2019-11-03,Active
3203,Customer 3203,Consumer,Education,8,Oman,Oman,Muscat,2020-12-04,Active
3204,Customer 3204,Consumer,Financial Services,2,UAE South,UAE,Abu Dhabi,2021-01-05,Active
3205,Customer 3205,Small Business,Education,3,Saudi Central,Saudi Arabia,Riyadh,2022-02-06,Active
3206,Customer 3206,Enterprise,Education,7,Bahrain,Bahrain,Manama,2023-03-07,Dormant
3207,Customer 3207,Enterprise,Technology,1,UAE North,UAE,Dubai,2024-04-08,Active
3208,Customer 3208,Small Business,Financial Services,5,Qatar,Qatar,Doha,2017-05-09,Active
3209,Customer 3209,Mid-Market,Healthcare,7,Bahrain,Bahrain,Manama,2018-06-10,Active
3210,Customer 3210,Consumer,Technology,2,UAE South,UAE,Abu Dhabi,2019-07-11,Active
3211,Customer 3211,Small Business,Hospitality,9,India West,India,Mumbai,2020-08-12,Active
3212,Customer 3212,Consumer,Retail,3,Saudi Central,Saudi Arabia,Riyadh,2021-09-13,Active
3213,Customer 3213,Consumer,Technology,2,UAE South,UAE,Abu Dhabi,2022-10-14,Active
3214,Customer 3214,Consumer,Construction,2,UAE South,UAE,Abu Dhabi,2023-11-15,Active
3215,Customer 3215,Consumer,Government,9,India West,India,Mumbai,2024-12-16,Active
3216,Customer 3216,Small Business,Technology,8,Oman,Oman,Muscat,2017-01-17,Active
3217,Customer 3217,Consumer,Construction,6,Kuwait,Kuwait,Kuwait City,2018-02-18,Active
3218,Customer 3218,Consumer,Technology,7,Bahrain,Bahrain,Manama,2019-03-19,Active
3219,Customer 3219,Consumer,Hospitality,10,India South,India,Bengaluru,2020-04-20,Active
3220,Customer 3220,Mid-Market,Healthcare,3,Saudi Central,Saudi Arabia,Riyadh,2021-05-21,Active
3221,Customer 3221,Consumer,Construction,8,Oman,Oman,Muscat,2022-06-22,Active
3222,Customer 3222,Consumer,Financial Services,6,Kuwait,Kuwait,Kuwait City,2023-07-23,Active
3223,Customer 3223,Consumer,Financial Services,9,India West,India,Mumbai,2024-08-24,Active
3224,Customer 3224,Mid-Market,Government,3,Saudi Central,Saudi Arabia,Riyadh,2017-09-25,Active
3225,Customer 3225,Consumer,Government,4,Saudi West,Saudi Arabia,Jeddah,2018-10-01,Dormant
3226,Customer 3226,Mid-Market,Construction,7,Bahrain,Bahrain,Manama,2019-11-02,Active
3227,Customer 3227,Enterprise,Education,1,UAE North,UAE,Dubai,2020-12-03,Active
3228,Customer 3228,Mid-Market,Construction,10,India South,India,Bengaluru,2021-01-04,Active
3229,Customer 3229,Consumer,Retail,7,Bahrain,Bahrain,Manama,2022-02-05,Active
3230,Customer 3230,Enterprise,Hospitality,8,Oman,Oman,Muscat,2023-03-06,Active
3231,Customer 3231,Mid-Market,Government,10,India South,India,Bengaluru,2024-04-07,Active
3232,Customer 3232,Small Business,Retail,2,UAE South,UAE,Abu Dhabi,2017-05-08,Active
3233,Customer 3233,Mid-Market,Financial Services,4,Saudi West,Saudi Arabia,Jeddah,2018-06-09,Active
3234,Customer 3234,Consumer,Retail,1,UAE North,UAE,Dubai,2019-07-10,Active
3235,Customer 3235,Small Business,Financial Services,3,Saudi Central,Saudi Arabia,Riyadh,2020-08-11,Active
3236,Customer 3236,Mid-Market,Financial Services,5,Qatar,Qatar,Doha,2021-09-12,Active
3237,Customer 3237,Mid-Market,Government,9,India West,India,Mumbai,2022-10-13,Active
3238,Customer 3238,Small Business,Retail,5,Qatar,Qatar,Doha,2023-11-14,Active
3239,Customer 3239,Mid-Market,Hospitality,6,Kuwait,Kuwait,Kuwait City,2024-12-15,Active
3240,Customer 3240,Small Business,Hospitality,9,India West,India,Mumbai,2017-01-16,Active
3241,Customer 3241,Enterprise,Technology,2,UAE South,UAE,Abu Dhabi,2018-02-17,Active
3242,Customer 3242,Consumer,Healthcare,6,Kuwait,Kuwait,Kuwait City,2019-03-18,Active
3243,Customer 3243,Consumer,Education,10,India South,India,Bengaluru,2020-04-19,Active
3244,Customer 3244,Mid-Market,Hospitality,5,Qatar,Qatar,Doha,2021-05-20,Active
3245,Customer 3245,Small Business,Hospitality,9,India West,India,Mumbai,2022-06-21,Dormant
3246,Customer 3246,Mid-Market,Financial Services,1,UAE North,UAE,Dubai,2023-07-22,Active
3247,Customer 3247,Mid-Market,Retail,6,Kuwait,Kuwait,Kuwait City,2024-08-23,Active
3248,Customer 3248,Enterprise,Retail,2,UAE South,UAE,Abu Dhabi,2017-09-24,Active
3249,Customer 3249,Enterprise,Construction,8,Oman,Oman,Muscat,2018-10-25,Dormant
3250,Customer 3250,Enterprise,Healthcare,9,India West,India,Mumbai,2019-11-01,Active
3251,Customer 3251,Mid-Market,Healthcare,2,UAE South,UAE,Abu Dhabi,2020-12-02,Active
3252,Customer 3252,Small Business,Healthcare,1,UAE North,UAE,Dubai,2021-01-03,Active
3253,Customer 3253,Mid-Market,Financial Services,9,India West,India,Mumbai,2022-02-04,Active
3254,Customer 3254,Consumer,Education,9,India West,India,Mumbai,2023-03-05,Dormant
3255,Customer 3255,Mid-Market,Financial Services,9,India West,India,Mumbai,2024-04-06,Active
3256,Customer 3256,Small Business,Education,10,India South,India,Bengaluru,2017-05-07,Active
3257,Customer 3257,Mid-Market,Financial Services,6,Kuwait,Kuwait,Kuwait City,2018-06-08,Active
3258,Customer 3258,Mid-Market,Hospitality,5,Qatar,Qatar,Doha,2019-07-09,Dormant
3259,Customer 3259,Small Business,Government,5,Qatar,Qatar,Doha,2020-08-10,Active
3260,Customer 3260,Small Business,Education,2,UAE South,UAE,Abu Dhabi,2021-09-11,Active
3261,Customer 3261,Small Business,Hospitality,3,Saudi Central,Saudi Arabia,Riyadh,2022-10-12,Active
3262,Customer 3262,Consumer,Education,3,Saudi Central,Saudi Arabia,Riyadh,2023-11-13,Active
3263,Customer 3263,Consumer,Financial Services,1,UAE North,UAE,Dubai,2024-12-14,Active
3264,Customer 3264,Mid-Market,Hospitality,4,Saudi West,Saudi Arabia,Jeddah,2017-01-15,Active
3265,Customer 3265,Consumer,Retail,4,Saudi West,Saudi Arabia,Jeddah,2018-02-16,Dormant
3266,Customer 3266,Mid-Market,Government,2,UAE South,UAE,Abu Dhabi,2019-03-17,Active
3267,Customer 3267,Consumer,Hospitality,3,Saudi Central,Saudi Arabia,Riyadh,2020-04-18,Active
3268,Customer 3268,Consumer,Financial Services,6,Kuwait,Kuwait,Kuwait City,2021-05-19,Active
3269,Customer 3269,Small Business,Healthcare,8,Oman,Oman,Muscat,2022-06-20,Active
3270,Customer 3270,Mid-Market,Education,7,Bahrain,Bahrain,Manama,2023-07-21,Dormant
3271,Customer 3271,Consumer,Financial Services,8,Oman,Oman,Muscat,2024-08-22,Active
3272,Customer 3272,Enterprise,Government,5,Qatar,Qatar,Doha,2017-09-23,Active
3273,Customer 3273,Consumer,Retail,1,UAE North,UAE,Dubai,2018-10-24,Dormant
3274,Customer 3274,Mid-Market,Financial Services,9,India West,India,Mumbai,2019-11-25,Active
3275,Customer 3275,Mid-Market,Technology,5,Qatar,Qatar,Doha,2020-12-01,Active
3276,Customer 3276,Consumer,Government,7,Bahrain,Bahrain,Manama,2021-01-02,Active
3277,Customer 3277,Small Business,Technology,10,India South,India,Bengaluru,2022-02-03,Active
3278,Customer 3278,Mid-Market,Technology,8,Oman,Oman,Muscat,2023-03-04,Dormant
3279,Customer 3279,Mid-Market,Government,7,Bahrain,Bahrain,Manama,2024-04-05,Active
3280,Customer 3280,Consumer,Retail,8,Oman,Oman,Muscat,2017-05-06,Active
3281,Customer 3281,Small Business,Healthcare,8,Oman,Oman,Muscat,2018-06-07,Active
3282,Customer 3282,Consumer,Technology,5,Qatar,Qatar,Doha,2019-07-08,Active
3283,Customer 3283,Consumer,Technology,5,Qatar,Qatar,Doha,2020-08-09,Dormant
3284,Customer 3284,Enterprise,Hospitality,1,UAE North,UAE,Dubai,2021-09-10,Active
3285,Customer 3285,Mid-Market,Education,5,Qatar,Qatar,Doha,2022-10-11,Active
3286,Customer 3286,Consumer,Retail,8,Oman,Oman,Muscat,2023-11-12,Active
3287,Customer 3287,Mid-Market,Financial Services,1,UAE North,UAE,Dubai,2024-12-13,Active
3288,Customer 3288,Small Business,Healthcare,1,UAE North,UAE,Dubai,2017-01-14,Active
3289,Customer 3289,Consumer,Financial Services,5,Qatar,Qatar,Doha,2018-02-15,Active
3290,Customer 3290,Small Business,Financial Services,5,Qatar,Qatar,Doha,2019-03-16,Active
3291,Customer 3291,Small Business,Education,2,UAE South,UAE,Abu Dhabi,2020-04-17,Active
3292,Customer 3292,Enterprise,Construction,6,Kuwait,Kuwait,Kuwait City,2021-05-18,Active
3293,Customer 3293,Consumer,Construction,8,Oman,Oman,Muscat,2022-06-19,Dormant
3294,Customer 3294,Small Business,Retail,4,Saudi West,Saudi Arabia,Jeddah,2023-07-20,Active
3295,Customer 3295,Small Business,Healthcare,2,UAE South,UAE,Abu Dhabi,2024-08-21,Active
3296,Customer 3296,Consumer,Education,7,Bahrain,Bahrain,Manama,2017-09-22,Dormant
3297,Customer 3297,Small Business,Hospitality,7,Bahrain,Bahrain,Manama,2018-10-23,Active
3298,Customer 3298,Small Business,Healthcare,9,India West,India,Mumbai,2019-11-24,Active
3299,Customer 3299,Mid-Market,Hospitality,4,Saudi West,Saudi Arabia,Jeddah,2020-12-25,Active
3300,Customer 3300,Enterprise,Financial Services,5,Qatar,Qatar,Doha,2021-01-01,Active
3301,Customer 3301,Small Business,Government,5,Qatar,Qatar,Doha,2022-02-02,Active
3302,Customer 3302,Mid-Market,Education,2,UAE South,UAE,Abu Dhabi,2023-03-03,Active
3303,Customer 3303,Consumer,Education,2,UAE South,UAE,Abu Dhabi,2024-04-04,Active
3304,Customer 3304,Small Business,Healthcare,8,Oman,Oman,Muscat,2017-05-05,Active
3305,Customer 3305,Consumer,Education,8,Oman,Oman,Muscat,2018-06-06,Dormant
3306,Customer 3306,Enterprise,Education,6,Kuwait,Kuwait,Kuwait City,2019-07-07,Active
3307,Customer 3307,Small Business,Construction,1,UAE North,UAE,Dubai,2020-08-08,Active
3308,Customer 3308,Small Business,Healthcare,8,Oman,Oman,Muscat,2021-09-09,Active
3309,Customer 3309,Consumer,Retail,2,UAE South,UAE,Abu Dhabi,2022-10-10,Active
3310,Customer 3310,Mid-Market,Healthcare,4,Saudi West,Saudi Arabia,Jeddah,2023-11-11,Active
3311,Customer 3311,Consumer,Education,1,UAE North,UAE,Dubai,2024-12-12,Active
3312,Customer 3312,Mid-Market,Government,4,Saudi West,Saudi Arabia,Jeddah,2017-01-13,Active
3313,Customer 3313,Mid-Market,Healthcare,8,Oman,Oman,Muscat,2018-02-14,Active
3314,Customer 3314,Consumer,Education,2,UAE South,UAE,Abu Dhabi,2019-03-15,Active
3315,Customer 3315,Consumer,Financial Services,5,Qatar,Qatar,Doha,2020-04-16,Active
3316,Customer 3316,Consumer,Healthcare,2,UAE South,UAE,Abu Dhabi,2021-05-17,Dormant
3317,Customer 3317,Enterprise,Construction,7,Bahrain,Bahrain,Manama,2022-06-18,Active
3318,Customer 3318,Mid-Market,Financial Services,9,India West,India,Mumbai,2023-07-19,Active
3319,Customer 3319,Consumer,Education,2,UAE South,UAE,Abu Dhabi,2024-08-20,Active
3320,Customer 3320,Small Business,Financial Services,3,Saudi Central,Saudi Arabia,Riyadh,2017-09-21,Active
3321,Customer 3321,Mid-Market,Construction,3,Saudi Central,Saudi Arabia,Riyadh,2018-10-22,Dormant
3322,Customer 3322,Consumer,Education,3,Saudi Central,Saudi Arabia,Riyadh,2019-11-23,Dormant
3323,Customer 3323,Mid-Market,Government,7,Bahrain,Bahrain,Manama,2020-12-24,Active
3324,Customer 3324,Mid-Market,Education,6,Kuwait,Kuwait,Kuwait City,2021-01-25,Active
3325,Customer 3325,Small Business,Financial Services,4,Saudi West,Saudi Arabia,Jeddah,2022-02-01,Dormant
3326,Customer 3326,Consumer,Hospitality,2,UAE South,UAE,Abu Dhabi,2023-03-02,Active
3327,Customer 3327,Mid-Market,Hospitality,1,UAE North,UAE,Dubai,2024-04-03,Dormant
3328,Customer 3328,Consumer,Healthcare,7,Bahrain,Bahrain,Manama,2017-05-04,Active
3329,Customer 3329,Mid-Market,Education,9,India West,India,Mumbai,2018-06-05,Active
3330,Customer 3330,Consumer,Hospitality,4,Saudi West,Saudi Arabia,Jeddah,2019-07-06,Active
3331,Customer 3331,Small Business,Construction,9,India West,India,Mumbai,2020-08-07,Active
3332,Customer 3332,Mid-Market,Healthcare,5,Qatar,Qatar,Doha,2021-09-08,Active
3333,Customer 3333,Small Business,Education,1,UAE North,UAE,Dubai,2022-10-09,Active
3334,Customer 3334,Small Business,Hospitality,4,Saudi West,Saudi Arabia,Jeddah,2023-11-10,Active
3335,Customer 3335,Small Business,Financial Services,10,India South,India,Bengaluru,2024-12-11,Active
3336,Customer 3336,Small Business,Technology,6,Kuwait,Kuwait,Kuwait City,2017-01-12,Active
3337,Customer 3337,Enterprise,Retail,1,UAE North,UAE,Dubai,2018-02-13,Active
3338,Customer 3338,Consumer,Retail,1,UAE North,UAE,Dubai,2019-03-14,Active
3339,Customer 3339,Mid-Market,Hospitality,6,Kuwait,Kuwait,Kuwait City,2020-04-15,Active
3340,Customer 3340,Small Business,Hospitality,4,Saudi West,Saudi Arabia,Jeddah,2021-05-16,Dormant
3341,Customer 3341,Small Business,Retail,9,India West,India,Mumbai,2022-06-17,Active
3342,Customer 3342,Consumer,Construction,3,Saudi Central,Saudi Arabia,Riyadh,2023-07-18,Dormant
3343,Customer 3343,Consumer,Technology,2,UAE South,UAE,Abu Dhabi,2024-08-19,Active
3344,Customer 3344,Mid-Market,Healthcare,5,Qatar,Qatar,Doha,2017-09-20,Dormant
3345,Customer 3345,Small Business,Hospitality,5,Qatar,Qatar,Doha,2018-10-21,Active
3346,Customer 3346,Consumer,Technology,3,Saudi Central,Saudi Arabia,Riyadh,2019-11-22,Active
3347,Customer 3347,Small Business,Retail,6,Kuwait,Kuwait,Kuwait City,2020-12-23,Dormant
3348,Customer 3348,Enterprise,Retail,8,Oman,Oman,Muscat,2021-01-24,Active
3349,Customer 3349,Consumer,Financial Services,5,Qatar,Qatar,Doha,2022-02-25,Active
3350,Customer 3350,Enterprise,Technology,6,Kuwait,Kuwait,Kuwait City,2023-03-01,Active
3351,Customer 3351,Small Business,Hospitality,7,Bahrain,Bahrain,Manama,2024-04-02,Active
3352,Customer 3352,Mid-Market,Technology,7,Bahrain,Bahrain,Manama,2017-05-03,Active
3353,Customer 3353,Mid-Market,Retail,6,Kuwait,Kuwait,Kuwait City,2018-06-04,Active
3354,Customer 3354,Consumer,Financial Services,5,Qatar,Qatar,Doha,2019-07-05,Active
3355,Customer 3355,Consumer,Government,9,India West,India,Mumbai,2020-08-06,Active
3356,Customer 3356,Mid-Market,Financial Services,7,Bahrain,Bahrain,Manama,2021-09-07,Dormant
3357,Customer 3357,Mid-Market,Retail,10,India South,India,Bengaluru,2022-10-08,Active
3358,Customer 3358,Enterprise,Technology,3,Saudi Central,Saudi Arabia,Riyadh,2023-11-09,Active
3359,Customer 3359,Consumer,Technology,2,UAE South,UAE,Abu Dhabi,2024-12-10,Active
3360,Customer 3360,Consumer,Retail,9,India West,India,Mumbai,2017-01-11,Active
3361,Customer 3361,Consumer,Healthcare,5,Qatar,Qatar,Doha,2018-02-12,Dormant
3362,Customer 3362,Consumer,Education,8,Oman,Oman,Muscat,2019-03-13,Active
3363,Customer 3363,Consumer,Education,7,Bahrain,Bahrain,Manama,2020-04-14,Active
3364,Customer 3364,Mid-Market,Healthcare,7,Bahrain,Bahrain,Manama,2021-05-15,Active
3365,Customer 3365,Small Business,Technology,3,Saudi Central,Saudi Arabia,Riyadh,2022-06-16,Active
3366,Customer 3366,Small Business,Technology,9,India West,India,Mumbai,2023-07-17,Dormant
3367,Customer 3367,Mid-Market,Education,5,Qatar,Qatar,Doha,2024-08-18,Dormant
3368,Customer 3368,Mid-Market,Financial Services,3,Saudi Central,Saudi Arabia,Riyadh,2017-09-19,Active
3369,Customer 3369,Mid-Market,Technology,2,UAE South,UAE,Abu Dhabi,2018-10-20,Active
3370,Customer 3370,Consumer,Financial Services,8,Oman,Oman,Muscat,2019-11-21,Active
3371,Customer 3371,Mid-Market,Construction,7,Bahrain,Bahrain,Manama,2020-12-22,Active
3372,Customer 3372,Mid-Market,Education,1,UAE North,UAE,Dubai,2021-01-23,Active
3373,Customer 3373,Small Business,Healthcare,6,Kuwait,Kuwait,Kuwait City,2022-02-24,Active
3374,Customer 3374,Consumer,Retail,4,Saudi West,Saudi Arabia,Jeddah,2023-03-25,Active
3375,Customer 3375,Small Business,Financial Services,8,Oman,Oman,Muscat,2024-04-01,Active
3376,Customer 3376,Small Business,Retail,5,Qatar,Qatar,Doha,2017-05-02,Active
3377,Customer 3377,Mid-Market,Healthcare,2,UAE South,UAE,Abu Dhabi,2018-06-03,Active
3378,Customer 3378,Consumer,Healthcare,6,Kuwait,Kuwait,Kuwait City,2019-07-04,Dormant
3379,Customer 3379,Consumer,Retail,10,India South,India,Bengaluru,2020-08-05,Active
3380,Customer 3380,Mid-Market,Retail,1,UAE North,UAE,Dubai,2021-09-06,Active
3381,Customer 3381,Mid-Market,Education,4,Saudi West,Saudi Arabia,Jeddah,2022-10-07,Active
3382,Customer 3382,Mid-Market,Technology,6,Kuwait,Kuwait,Kuwait City,2023-11-08,Active
3383,Customer 3383,Small Business,Education,2,UAE South,UAE,Abu Dhabi,2024-12-09,Active
3384,Customer 3384,Enterprise,Government,2,UAE South,UAE,Abu Dhabi,2017-01-10,Dormant
3385,Customer 3385,Small Business,Education,2,UAE South,UAE,Abu Dhabi,2018-02-11,Active
3386,Customer 3386,Enterprise,Education,10,India South,India,Bengaluru,2019-03-12,Dormant
3387,Customer 3387,Mid-Market,Construction,4,Saudi West,Saudi Arabia,Jeddah,2020-04-13,Active
3388,Customer 3388,Consumer,Retail,1,UAE North,UAE,Dubai,2021-05-14,Active
3389,Customer 3389,Consumer,Government,2,UAE South,UAE,Abu Dhabi,2022-06-15,Active
3390,Customer 3390,Enterprise,Financial Services,7,Bahrain,Bahrain,Manama,2023-07-16,Active
3391,Customer 3391,Consumer,Education,1,UAE North,UAE,Dubai,2024-08-17,Active
3392,Customer 3392,Small Business,Construction,1,UAE North,UAE,Dubai,2017-09-18,Dormant
3393,Customer 3393,Small Business,Retail,2,UAE South,UAE,Abu Dhabi,2018-10-19,Active
3394,Customer 3394,Mid-Market,Government,7,Bahrain,Bahrain,Manama,2019-11-20,Active
3395,Customer 3395,Consumer,Hospitality,5,Qatar,Qatar,Doha,2020-12-21,Dormant
3396,Customer 3396,Consumer,Education,1,UAE North,UAE,Dubai,2021-01-22,Dormant
3397,Customer 3397,Small Business,Construction,6,Kuwait,Kuwait,Kuwait City,2022-02-23,Active
3398,Customer 3398,Enterprise,Hospitality,1,UAE North,UAE,Dubai,2023-03-24,Active
3399,Customer 3399,Small Business,Technology,9,India West,India,Mumbai,2024-04-25,Active
3400,Customer 3400,Mid-Market,Education,9,India West,India,Mumbai,2017-05-01,Dormant
3401,Customer 3401,Small Business,Retail,9,India West,India,Mumbai,2018-06-02,Active
3402,Customer 3402,Mid-Market,Healthcare,7,Bahrain,Bahrain,Manama,2019-07-03,Active
3403,Customer 3403,Small Business,Healthcare,10,India South,India,Bengaluru,2020-08-04,Active
3404,Customer 3404,Small Business,Construction,4,Saudi West,Saudi Arabia,Jeddah,2021-09-05,Active
3405,Customer 3405,Enterprise,Technology,7,Bahrain,Bahrain,Manama,2022-10-06,Active
3406,Customer 3406,Mid-Market,Financial Services,5,Qatar,Qatar,Doha,2023-11-07,Active
3407,Customer 3407,Small Business,Construction,6,Kuwait,Kuwait,Kuwait City,2024-12-08,Active
3408,Customer 3408,Consumer,Financial Services,8,Oman,Oman,Muscat,2017-01-09,Dormant
3409,Customer 3409,Small Business,Hospitality,1,UAE North,UAE,Dubai,2018-02-10,Active
3410,Customer 3410,Small Business,Retail,3,Saudi Central,Saudi Arabia,Riyadh,2019-03-11,Active
3411,Customer 3411,Consumer,Retail,4,Saudi West,Saudi Arabia,Jeddah,2020-04-12,Active
3412,Customer 3412,Small Business,Hospitality,6,Kuwait,Kuwait,Kuwait City,2021-05-13,Active
3413,Customer 3413,Mid-Market,Government,7,Bahrain,Bahrain,Manama,2022-06-14,Active
3414,Customer 3414,Consumer,Education,6,Kuwait,Kuwait,Kuwait City,2023-07-15,Active
3415,Customer 3415,Consumer,Technology,3,Saudi Central,Saudi Arabia,Riyadh,2024-08-16,Active
3416,Customer 3416,Enterprise,Financial Services,6,Kuwait,Kuwait,Kuwait City,2017-09-17,Active
3417,Customer 3417,Small Business,Government,7,Bahrain,Bahrain,Manama,2018-10-18,Dormant
3418,Customer 3418,Consumer,Healthcare,7,Bahrain,Bahrain,Manama,2019-11-19,Active
3419,Customer 3419,Consumer,Technology,9,India West,India,Mumbai,2020-12-20,Active
3420,Customer 3420,Mid-Market,Retail,2,UAE South,UAE,Abu Dhabi,2021-01-21,Dormant
3421,Customer 3421,Mid-Market,Education,4,Saudi West,Saudi Arabia,Jeddah,2022-02-22,Dormant
3422,Customer 3422,Consumer,Healthcare,9,India West,India,Mumbai,2023-03-23,Dormant
3423,Customer 3423,Mid-Market,Construction,1,UAE North,UAE,Dubai,2024-04-24,Active
3424,Customer 3424,Enterprise,Construction,1,UAE North,UAE,Dubai,2017-05-25,Dormant
3425,Customer 3425,Small Business,Retail,1,UAE North,UAE,Dubai,2018-06-01,Active
3426,Customer 3426,Small Business,Hospitality,10,India South,India,Bengaluru,2019-07-02,Active
3427,Customer 3427,Small Business,Retail,5,Qatar,Qatar,Doha,2020-08-03,Dormant
3428,Customer 3428,Small Business,Healthcare,5,Qatar,Qatar,Doha,2021-09-04,Dormant
3429,Customer 3429,Consumer,Financial Services,10,India South,India,Bengaluru,2022-10-05,Dormant
3430,Customer 3430,Consumer,Government,5,Qatar,Qatar,Doha,2023-11-06,Active
3431,Customer 3431,Mid-Market,Construction,9,India West,India,Mumbai,2024-12-07,Dormant
3432,Customer 3432,Mid-Market,Construction,10,India South,India,Bengaluru,2017-01-08,Active
3433,Customer 3433,Enterprise,Technology,5,Qatar,Qatar,Doha,2018-02-09,Active
3434,Customer 3434,Consumer,Hospitality,3,Saudi Central,Saudi Arabia,Riyadh,2019-03-10,Active
3435,Customer 3435,Mid-Market,Healthcare,4,Saudi West,Saudi Arabia,Jeddah,2020-04-11,Dormant
3436,Customer 3436,Small Business,Retail,7,Bahrain,Bahrain,Manama,2021-05-12,Dormant
3437,Customer 3437,Small Business,Government,10,India South,India,Bengaluru,2022-06-13,Active
3438,Customer 3438,Small Business,Government,7,Bahrain,Bahrain,Manama,2023-07-14,Dormant
3439,Customer 3439,Small Business,Healthcare,1,UAE North,UAE,Dubai,2024-08-15,Active
3440,Customer 3440,Small Business,Education,5,Qatar,Qatar,Doha,2017-09-16,Active
3441,Customer 3441,Small Business,Construction,6,Kuwait,Kuwait,Kuwait City,2018-10-17,Active
3442,Customer 3442,Mid-Market,Retail,9,India West,India,Mumbai,2019-11-18,Active
3443,Customer 3443,Consumer,Financial Services,1,UAE North,UAE,Dubai,2020-12-19,Active
3444,Customer 3444,Consumer,Financial Services,3,Saudi Central,Saudi Arabia,Riyadh,2021-01-20,Active
3445,Customer 3445,Small Business,Healthcare,1,UAE North,UAE,Dubai,2022-02-21,Dormant
3446,Customer 3446,Consumer,Healthcare,10,India South,India,Bengaluru,2023-03-22,Dormant
3447,Customer 3447,Enterprise,Financial Services,5,Qatar,Qatar,Doha,2024-04-23,Dormant
3448,Customer 3448,Small Business,Hospitality,6,Kuwait,Kuwait,Kuwait City,2017-05-24,Active
3449,Customer 3449,Small Business,Financial Services,1,UAE North,UAE,Dubai,2018-06-25,Active
3450,Customer 3450,Consumer,Construction,3,Saudi Central,Saudi Arabia,Riyadh,2019-07-01,Active
3451,Customer 3451,Mid-Market,Education,2,UAE South,UAE,Abu Dhabi,2020-08-02,Active
3452,Customer 3452,Small Business,Education,7,Bahrain,Bahrain,Manama,2021-09-03,Active
3453,Customer 3453,Mid-Market,Retail,9,India West,India,Mumbai,2022-10-04,Active
3454,Customer 3454,Small Business,Education,3,Saudi Central,Saudi Arabia,Riyadh,2023-11-05,Active
3455,Customer 3455,Small Business,Financial Services,1,UAE North,UAE,Dubai,2024-12-06,Dormant
3456,Customer 3456,Enterprise,Retail,7,Bahrain,Bahrain,Manama,2017-01-07,Active
3457,Customer 3457,Small Business,Hospitality,7,Bahrain,Bahrain,Manama,2018-02-08,Active
3458,Customer 3458,Consumer,Construction,4,Saudi West,Saudi Arabia,Jeddah,2019-03-09,Active
3459,Customer 3459,Consumer,Financial Services,1,UAE North,UAE,Dubai,2020-04-10,Active
3460,Customer 3460,Small Business,Hospitality,10,India South,India,Bengaluru,2021-05-11,Active
3461,Customer 3461,Enterprise,Construction,10,India South,India,Bengaluru,2022-06-12,Active
3462,Customer 3462,Small Business,Healthcare,8,Oman,Oman,Muscat,2023-07-13,Active
3463,Customer 3463,Consumer,Financial Services,10,India South,India,Bengaluru,2024-08-14,Active
3464,Customer 3464,Consumer,Education,1,UAE North,UAE,Dubai,2017-09-15,Active
3465,Customer 3465,Enterprise,Government,5,Qatar,Qatar,Doha,2018-10-16,Dormant
3466,Customer 3466,Small Business,Financial Services,8,Oman,Oman,Muscat,2019-11-17,Active
3467,Customer 3467,Consumer,Government,1,UAE North,UAE,Dubai,2020-12-18,Active
3468,Customer 3468,Consumer,Financial Services,7,Bahrain,Bahrain,Manama,2021-01-19,Active
3469,Customer 3469,Mid-Market,Retail,10,India South,India,Bengaluru,2022-02-20,Active
3470,Customer 3470,Consumer,Government,8,Oman,Oman,Muscat,2023-03-21,Dormant
3471,Customer 3471,Consumer,Hospitality,1,UAE North,UAE,Dubai,2024-04-22,Active
3472,Customer 3472,Small Business,Technology,1,UAE North,UAE,Dubai,2017-05-23,Active
3473,Customer 3473,Mid-Market,Government,4,Saudi West,Saudi Arabia,Jeddah,2018-06-24,Active
3474,Customer 3474,Consumer,Construction,2,UAE South,UAE,Abu Dhabi,2019-07-25,Active
3475,Customer 3475,Mid-Market,Financial Services,3,Saudi Central,Saudi Arabia,Riyadh,2020-08-01,Active
3476,Customer 3476,Small Business,Hospitality,8,Oman,Oman,Muscat,2021-09-02,Dormant
3477,Customer 3477,Mid-Market,Healthcare,1,UAE North,UAE,Dubai,2022-10-03,Active
3478,Customer 3478,Small Business,Retail,2,UAE South,UAE,Abu Dhabi,2023-11-04,Dormant
3479,Customer 3479,Mid-Market,Financial Services,2,UAE South,UAE,Abu Dhabi,2024-12-05,Active
3480,Customer 3480,Consumer,Construction,9,India West,India,Mumbai,2017-01-06,Active
3481,Customer 3481,Small Business,Construction,8,Oman,Oman,Muscat,2018-02-07,Dormant
3482,Customer 3482,Mid-Market,Government,2,UAE South,UAE,Abu Dhabi,2019-03-08,Active
3483,Customer 3483,Mid-Market,Technology,9,India West,India,Mumbai,2020-04-09,Active
3484,Customer 3484,Consumer,Construction,3,Saudi Central,Saudi Arabia,Riyadh,2021-05-10,Active
3485,Customer 3485,Consumer,Technology,3,Saudi Central,Saudi Arabia,Riyadh,2022-06-11,Active
3486,Customer 3486,Small Business,Technology,2,UAE South,UAE,Abu Dhabi,2023-07-12,Active
3487,Customer 3487,Small Business,Technology,4,Saudi West,Saudi Arabia,Jeddah,2024-08-13,Active
3488,Customer 3488,Small Business,Hospitality,7,Bahrain,Bahrain,Manama,2017-09-14,Active
3489,Customer 3489,Consumer,Government,8,Oman,Oman,Muscat,2018-10-15,Active
3490,Customer 3490,Enterprise,Healthcare,3,Saudi Central,Saudi Arabia,Riyadh,2019-11-16,Active
3491,Customer 3491,Consumer,Healthcare,8,Oman,Oman,Muscat,2020-12-17,Active
3492,Customer 3492,Mid-Market,Financial Services,4,Saudi West,Saudi Arabia,Jeddah,2021-01-18,Active
3493,Customer 3493,Small Business,Government,10,India South,India,Bengaluru,2022-02-19,Dormant
3494,Customer 3494,Consumer,Education,4,Saudi West,Saudi Arabia,Jeddah,2023-03-20,Active
3495,Customer 3495,Consumer,Healthcare,2,UAE South,UAE,Abu Dhabi,2024-04-21,Active
3496,Customer 3496,Enterprise,Education,7,Bahrain,Bahrain,Manama,2017-05-22,Dormant
3497,Customer 3497,Small Business,Financial Services,1,UAE North,UAE,Dubai,2018-06-23,Dormant
3498,Customer 3498,Small Business,Retail,2,UAE South,UAE,Abu Dhabi,2019-07-24,Dormant
3499,Customer 3499,Mid-Market,Financial Services,8,Oman,Oman,Muscat,2020-08-25,Active
3500,Customer 3500,Mid-Market,Retail,1,UAE North,UAE,Dubai,2021-09-01,Dormant
3501,Customer 3501,Mid-Market,Healthcare,9,India West,India,Mumbai,2022-10-02,Active
3502,Customer 3502,Small Business,Construction,4,Saudi West,Saudi Arabia,Jeddah,2023-11-03,Active
3503,Customer 3503,Consumer,Construction,2,UAE South,UAE,Abu Dhabi,2024-12-04,Active
3504,Customer 3504,Small Business,Government,6,Kuwait,Kuwait,Kuwait City,2017-01-05,Active
3505,Customer 3505,Small Business,Healthcare,5,Qatar,Qatar,Doha,2018-02-06,Active
3506,Customer 3506,Small Business,Healthcare,9,India West,India,Mumbai,2019-03-07,Active
3507,Customer 3507,Mid-Market,Financial Services,10,India South,India,Bengaluru,2020-04-08,Dormant
3508,Customer 3508,Consumer,Technology,10,India South,India,Bengaluru,2021-05-09,Active
3509,Customer 3509,Small Business,Technology,7,Bahrain,Bahrain,Manama,2022-06-10,Active
3510,Customer 3510,Mid-Market,Retail,3,Saudi Central,Saudi Arabia,Riyadh,2023-07-11,Active
3511,Customer 3511,Consumer,Education,1,UAE North,UAE,Dubai,2024-08-12,Dormant
3512,Customer 3512,Consumer,Technology,10,India South,India,Bengaluru,2017-09-13,Active
3513,Customer 3513,Mid-Market,Construction,3,Saudi Central,Saudi Arabia,Riyadh,2018-10-14,Active
3514,Customer 3514,Mid-Market,Government,2,UAE South,UAE,Abu Dhabi,2019-11-15,Dormant
3515,Customer 3515,Small Business,Government,1,UAE North,UAE,Dubai,2020-12-16,Active
3516,Customer 3516,Consumer,Education,6,Kuwait,Kuwait,Kuwait City,2021-01-17,Dormant
3517,Customer 3517,Small Business,Education,8,Oman,Oman,Muscat,2022-02-18,Active
3518,Customer 3518,Consumer,Government,1,UAE North,UAE,Dubai,2023-03-19,Active
3519,Customer 3519,Consumer,Hospitality,7,Bahrain,Bahrain,Manama,2024-04-20,Dormant
3520,Customer 3520,Small Business,Government,8,Oman,Oman,Muscat,2017-05-21,Dormant
3521,Customer 3521,Mid-Market,Financial Services,9,India West,India,Mumbai,2018-06-22,Dormant
3522,Customer 3522,Consumer,Healthcare,3,Saudi Central,Saudi Arabia,Riyadh,2019-07-23,Active
3523,Customer 3523,Small Business,Government,9,India West,India,Mumbai,2020-08-24,Active
3524,Customer 3524,Mid-Market,Retail,9,India West,India,Mumbai,2021-09-25,Dormant
3525,Customer 3525,Small Business,Education,3,Saudi Central,Saudi Arabia,Riyadh,2022-10-01,Active
3526,Customer 3526,Small Business,Retail,1,UAE North,UAE,Dubai,2023-11-02,Active
3527,Customer 3527,Small Business,Construction,7,Bahrain,Bahrain,Manama,2024-12-03,Dormant
3528,Customer 3528,Enterprise,Hospitality,10,India South,India,Bengaluru,2017-01-04,Active
3529,Customer 3529,Consumer,Healthcare,5,Qatar,Qatar,Doha,2018-02-05,Active
3530,Customer 3530,Mid-Market,Healthcare,6,Kuwait,Kuwait,Kuwait City,2019-03-06,Dormant
3531,Customer 3531,Small Business,Education,8,Oman,Oman,Muscat,2020-04-07,Active
3532,Customer 3532,Consumer,Technology,6,Kuwait,Kuwait,Kuwait City,2021-05-08,Active
3533,Customer 3533,Small Business,Healthcare,4,Saudi West,Saudi Arabia,Jeddah,2022-06-09,Active
3534,Customer 3534,Consumer,Education,7,Bahrain,Bahrain,Manama,2023-07-10,Active
3535,Customer 3535,Consumer,Hospitality,9,India West,India,Mumbai,2024-08-11,Active
3536,Customer 3536,Mid-Market,Hospitality,7,Bahrain,Bahrain,Manama,2017-09-12,Active
3537,Customer 3537,Small Business,Construction,3,Saudi Central,Saudi Arabia,Riyadh,2018-10-13,Dormant
3538,Customer 3538,Consumer,Construction,3,Saudi Central,Saudi Arabia,Riyadh,2019-11-14,Dormant
3539,Customer 3539,Consumer,Healthcare,3,Saudi Central,Saudi Arabia,Riyadh,2020-12-15,Dormant
3540,Customer 3540,Mid-Market,Education,10,India South,India,Bengaluru,2021-01-16,Active
3541,Customer 3541,Small Business,Construction,9,India West,India,Mumbai,2022-02-17,Active
3542,Customer 3542,Consumer,Hospitality,4,Saudi West,Saudi Arabia,Jeddah,2023-03-18,Dormant
3543,Customer 3543,Mid-Market,Government,6,Kuwait,Kuwait,Kuwait City,2024-04-19,Active
3544,Customer 3544,Consumer,Construction,7,Bahrain,Bahrain,Manama,2017-05-20,Active
3545,Customer 3545,Mid-Market,Government,10,India South,India,Bengaluru,2018-06-21,Active
3546,Customer 3546,Mid-Market,Education,5,Qatar,Qatar,Doha,2019-07-22,Active
3547,Customer 3547,Enterprise,Hospitality,10,India South,India,Bengaluru,2020-08-23,Active
3548,Customer 3548,Small Business,Healthcare,8,Oman,Oman,Muscat,2021-09-24,Active
3549,Customer 3549,Small Business,Construction,4,Saudi West,Saudi Arabia,Jeddah,2022-10-25,Active
3550,Customer 3550,Consumer,Hospitality,5,Qatar,Qatar,Doha,2023-11-01,Active
3551,Customer 3551,Small Business,Hospitality,4,Saudi West,Saudi Arabia,Jeddah,2024-12-02,Active
3552,Customer 3552,Small Business,Construction,5,Qatar,Qatar,Doha,2017-01-03,Active
3553,Customer 3553,Enterprise,Healthcare,4,Saudi West,Saudi Arabia,Jeddah,2018-02-04,Active
3554,Customer 3554,Consumer,Financial Services,10,India South,India,Bengaluru,2019-03-05,Dormant
3555,Customer 3555,Enterprise,Financial Services,9,India West,India,Mumbai,2020-04-06,Dormant
3556,Customer 3556,Enterprise,Technology,6,Kuwait,Kuwait,Kuwait City,2021-05-07,Active
3557,Customer 3557,Mid-Market,Hospitality,2,UAE South,UAE,Abu Dhabi,2022-06-08,Active
3558,Customer 3558,Mid-Market,Financial Services,6,Kuwait,Kuwait,Kuwait City,2023-07-09,Active
3559,Customer 3559,Small Business,Retail,10,India South,India,Bengaluru,2024-08-10,Active
3560,Customer 3560,Enterprise,Construction,8,Oman,Oman,Muscat,2017-09-11,Active
3561,Customer 3561,Consumer,Construction,4,Saudi West,Saudi Arabia,Jeddah,2018-10-12,Dormant
3562,Customer 3562,Consumer,Construction,3,Saudi Central,Saudi Arabia,Riyadh,2019-11-13,Dormant
3563,Customer 3563,Enterprise,Construction,7,Bahrain,Bahrain,Manama,2020-12-14,Dormant
3564,Customer 3564,Small Business,Technology,8,Oman,Oman,Muscat,2021-01-15,Active
3565,Customer 3565,Mid-Market,Construction,3,Saudi Central,Saudi Arabia,Riyadh,2022-02-16,Active
3566,Customer 3566,Small Business,Construction,5,Qatar,Qatar,Doha,2023-03-17,Dormant
3567,Customer 3567,Consumer,Construction,6,Kuwait,Kuwait,Kuwait City,2024-04-18,Active
3568,Customer 3568,Small Business,Technology,3,Saudi Central,Saudi Arabia,Riyadh,2017-05-19,Active
3569,Customer 3569,Consumer,Financial Services,2,UAE South,UAE,Abu Dhabi,2018-06-20,Active
3570,Customer 3570,Mid-Market,Retail,1,UAE North,UAE,Dubai,2019-07-21,Active
3571,Customer 3571,Mid-Market,Technology,1,UAE North,UAE,Dubai,2020-08-22,Active
3572,Customer 3572,Small Business,Education,4,Saudi West,Saudi Arabia,Jeddah,2021-09-23,Active
3573,Customer 3573,Mid-Market,Hospitality,4,Saudi West,Saudi Arabia,Jeddah,2022-10-24,Active
3574,Customer 3574,Enterprise,Retail,6,Kuwait,Kuwait,Kuwait City,2023-11-25,Active
3575,Customer 3575,Small Business,Education,6,Kuwait,Kuwait,Kuwait City,2024-12-01,Dormant
3576,Customer 3576,Consumer,Hospitality,9,India West,India,Mumbai,2017-01-02,Active
3577,Customer 3577,Mid-Market,Financial Services,5,Qatar,Qatar,Doha,2018-02-03,Dormant
3578,Customer 3578,Small Business,Government,10,India South,India,Bengaluru,2019-03-04,Active
3579,Customer 3579,Consumer,Education,8,Oman,Oman,Muscat,2020-04-05,Dormant
3580,Customer 3580,Consumer,Government,8,Oman,Oman,Muscat,2021-05-06,Active
3581,Customer 3581,Mid-Market,Retail,7,Bahrain,Bahrain,Manama,2022-06-07,Active
3582,Customer 3582,Consumer,Healthcare,6,Kuwait,Kuwait,Kuwait City,2023-07-08,Active
3583,Customer 3583,Mid-Market,Hospitality,5,Qatar,Qatar,Doha,2024-08-09,Active
3584,Customer 3584,Consumer,Hospitality,3,Saudi Central,Saudi Arabia,Riyadh,2017-09-10,Active
3585,Customer 3585,Consumer,Healthcare,4,Saudi West,Saudi Arabia,Jeddah,2018-10-11,Active
3586,Customer 3586,Mid-Market,Retail,10,India South,India,Bengaluru,2019-11-12,Active
3587,Customer 3587,Enterprise,Financial Services,10,India South,India,Bengaluru,2020-12-13,Active
3588,Customer 3588,Small Business,Financial Services,2,UAE South,UAE,Abu Dhabi,2021-01-14,Active
3589,Customer 3589,Mid-Market,Government,8,Oman,Oman,Muscat,2022-02-15,Active
3590,Customer 3590,Small Business,Government,1,UAE North,UAE,Dubai,2023-03-16,Dormant
3591,Customer 3591,Consumer,Government,9,India West,India,Mumbai,2024-04-17,Active
3592,Customer 3592,Consumer,Government,3,Saudi Central,Saudi Arabia,Riyadh,2017-05-18,Dormant
3593,Customer 3593,Mid-Market,Construction,6,Kuwait,Kuwait,Kuwait City,2018-06-19,Active
3594,Customer 3594,Mid-Market,Healthcare,8,Oman,Oman,Muscat,2019-07-20,Active
3595,Customer 3595,Mid-Market,Hospitality,6,Kuwait,Kuwait,Kuwait City,2020-08-21,Dormant
3596,Customer 3596,Consumer,Education,7,Bahrain,Bahrain,Manama,2021-09-22,Active
3597,Customer 3597,Enterprise,Healthcare,7,Bahrain,Bahrain,Manama,2022-10-23,Dormant
3598,Customer 3598,Small Business,Healthcare,2,UAE South,UAE,Abu Dhabi,2023-11-24,Active
3599,Customer 3599,Small Business,Education,8,Oman,Oman,Muscat,2024-12-25,Dormant
3600,Customer 3600,Consumer,Healthcare,4,Saudi West,Saudi Arabia,Jeddah,2017-01-01,Active
3601,Customer 3601,Mid-Market,Healthcare,6,Kuwait,Kuwait,Kuwait City,2018-02-02,Active
3602,Customer 3602,Consumer,Hospitality,7,Bahrain,Bahrain,Manama,2019-03-03,Dormant
3603,Customer 3603,Small Business,Hospitality,6,Kuwait,Kuwait,Kuwait City,2020-04-04,Active
3604,Customer 3604,Small Business,Healthcare,4,Saudi West,Saudi Arabia,Jeddah,2021-05-05,Active
3605,Customer 3605,Mid-Market,Construction,3,Saudi Central,Saudi Arabia,Riyadh,2022-06-06,Active
3606,Customer 3606,Consumer,Education,10,India South,India,Bengaluru,2023-07-07,Active
3607,Customer 3607,Consumer,Technology,9,India West,India,Mumbai,2024-08-08,Dormant
3608,Customer 3608,Small Business,Government,2,UAE South,UAE,Abu Dhabi,2017-09-09,Dormant
3609,Customer 3609,Mid-Market,Financial Services,4,Saudi West,Saudi Arabia,Jeddah,2018-10-10,Active
3610,Customer 3610,Consumer,Construction,4,Saudi West,Saudi Arabia,Jeddah,2019-11-11,Active
3611,Customer 3611,Small Business,Government,5,Qatar,Qatar,Doha,2020-12-12,Active
3612,Customer 3612,Consumer,Government,3,Saudi Central,Saudi Arabia,Riyadh,2021-01-13,Active
3613,Customer 3613,Small Business,Government,3,Saudi Central,Saudi Arabia,Riyadh,2022-02-14,Active
3614,Customer 3614,Enterprise,Education,3,Saudi Central,Saudi Arabia,Riyadh,2023-03-15,Dormant
3615,Customer 3615,Consumer,Hospitality,9,India West,India,Mumbai,2024-04-16,Active
3616,Customer 3616,Consumer,Construction,8,Oman,Oman,Muscat,2017-05-17,Active
3617,Customer 3617,Consumer,Education,10,India South,India,Bengaluru,2018-06-18,Active
3618,Customer 3618,Enterprise,Hospitality,3,Saudi Central,Saudi Arabia,Riyadh,2019-07-19,Active
3619,Customer 3619,Small Business,Retail,6,Kuwait,Kuwait,Kuwait City,2020-08-20,Active
3620,Customer 3620,Enterprise,Retail,3,Saudi Central,Saudi Arabia,Riyadh,2021-09-21,Active
3621,Customer 3621,Small Business,Government,9,India West,India,Mumbai,2022-10-22,Dormant
3622,Customer 3622,Small Business,Construction,6,Kuwait,Kuwait,Kuwait City,2023-11-23,Active
3623,Customer 3623,Mid-Market,Financial Services,3,Saudi Central,Saudi Arabia,Riyadh,2024-12-24,Active
3624,Customer 3624,Mid-Market,Technology,1,UAE North,UAE,Dubai,2017-01-25,Active
3625,Customer 3625,Consumer,Hospitality,4,Saudi West,Saudi Arabia,Jeddah,2018-02-01,Active
3626,Customer 3626,Small Business,Construction,2,UAE South,UAE,Abu Dhabi,2019-03-02,Active
3627,Customer 3627,Consumer,Hospitality,4,Saudi West,Saudi Arabia,Jeddah,2020-04-03,Active
3628,Customer 3628,Small Business,Healthcare,3,Saudi Central,Saudi Arabia,Riyadh,2021-05-04,Active
3629,Customer 3629,Enterprise,Education,1,UAE North,UAE,Dubai,2022-06-05,Dormant
3630,Customer 3630,Small Business,Education,5,Qatar,Qatar,Doha,2023-07-06,Active
3631,Customer 3631,Consumer,Retail,10,India South,India,Bengaluru,2024-08-07,Dormant
3632,Customer 3632,Enterprise,Government,8,Oman,Oman,Muscat,2017-09-08,Active
3633,Customer 3633,Consumer,Healthcare,10,India South,India,Bengaluru,2018-10-09,Dormant
3634,Customer 3634,Small Business,Healthcare,1,UAE North,UAE,Dubai,2019-11-10,Active
3635,Customer 3635,Mid-Market,Government,4,Saudi West,Saudi Arabia,Jeddah,2020-12-11,Dormant
3636,Customer 3636,Consumer,Healthcare,8,Oman,Oman,Muscat,2021-01-12,Active
3637,Customer 3637,Small Business,Hospitality,2,UAE South,UAE,Abu Dhabi,2022-02-13,Active
3638,Customer 3638,Small Business,Hospitality,2,UAE South,UAE,Abu Dhabi,2023-03-14,Active
3639,Customer 3639,Enterprise,Retail,3,Saudi Central,Saudi Arabia,Riyadh,2024-04-15,Dormant
3640,Customer 3640,Consumer,Government,3,Saudi Central,Saudi Arabia,Riyadh,2017-05-16,Active
3641,Customer 3641,Consumer,Education,4,Saudi West,Saudi Arabia,Jeddah,2018-06-17,Active
3642,Customer 3642,Small Business,Financial Services,5,Qatar,Qatar,Doha,2019-07-18,Dormant
3643,Customer 3643,Mid-Market,Retail,6,Kuwait,Kuwait,Kuwait City,2020-08-19,Active
3644,Customer 3644,Small Business,Technology,8,Oman,Oman,Muscat,2021-09-20,Active
3645,Customer 3645,Consumer,Technology,3,Saudi Central,Saudi Arabia,Riyadh,2022-10-21,Active
3646,Customer 3646,Enterprise,Retail,2,UAE South,UAE,Abu Dhabi,2023-11-22,Dormant
3647,Customer 3647,Mid-Market,Construction,9,India West,India,Mumbai,2024-12-23,Active
3648,Customer 3648,Small Business,Healthcare,10,India South,India,Bengaluru,2017-01-24,Active
3649,Customer 3649,Mid-Market,Healthcare,10,India South,India,Bengaluru,2018-02-25,Active
3650,Customer 3650,Mid-Market,Construction,10,India South,India,Bengaluru,2019-03-01,Active
3651,Customer 3651,Consumer,Hospitality,7,Bahrain,Bahrain,Manama,2020-04-02,Active
3652,Customer 3652,Consumer,Construction,4,Saudi West,Saudi Arabia,Jeddah,2021-05-03,Active
3653,Customer 3653,Small Business,Retail,10,India South,India,Bengaluru,2022-06-04,Active
3654,Customer 3654,Consumer,Hospitality,4,Saudi West,Saudi Arabia,Jeddah,2023-07-05,Active
3655,Customer 3655,Mid-Market,Construction,5,Qatar,Qatar,Doha,2024-08-06,Active
3656,Customer 3656,Mid-Market,Technology,9,India West,India,Mumbai,2017-09-07,Active
3657,Customer 3657,Consumer,Technology,4,Saudi West,Saudi Arabia,Jeddah,2018-10-08,Active
3658,Customer 3658,Enterprise,Government,3,Saudi Central,Saudi Arabia,Riyadh,2019-11-09,Active
3659,Customer 3659,Mid-Market,Healthcare,7,Bahrain,Bahrain,Manama,2020-12-10,Dormant
3660,Customer 3660,Small Business,Technology,4,Saudi West,Saudi Arabia,Jeddah,2021-01-11,Active
3661,Customer 3661,Small Business,Retail,3,Saudi Central,Saudi Arabia,Riyadh,2022-02-12,Dormant
3662,Customer 3662,Small Business,Retail,2,UAE South,UAE,Abu Dhabi,2023-03-13,Dormant
3663,Customer 3663,Mid-Market,Technology,4,Saudi West,Saudi Arabia,Jeddah,2024-04-14,Active
3664,Customer 3664,Mid-Market,Healthcare,6,Kuwait,Kuwait,Kuwait City,2017-05-15,Active
3665,Customer 3665,Consumer,Technology,4,Saudi West,Saudi Arabia,Jeddah,2018-06-16,Active
3666,Customer 3666,Enterprise,Retail,4,Saudi West,Saudi Arabia,Jeddah,2019-07-17,Active
3667,Customer 3667,Consumer,Government,7,Bahrain,Bahrain,Manama,2020-08-18,Active
3668,Customer 3668,Consumer,Technology,7,Bahrain,Bahrain,Manama,2021-09-19,Active
3669,Customer 3669,Small Business,Construction,6,Kuwait,Kuwait,Kuwait City,2022-10-20,Active
3670,Customer 3670,Small Business,Healthcare,5,Qatar,Qatar,Doha,2023-11-21,Active
3671,Customer 3671,Small Business,Hospitality,5,Qatar,Qatar,Doha,2024-12-22,Active
3672,Customer 3672,Small Business,Retail,5,Qatar,Qatar,Doha,2017-01-23,Active
3673,Customer 3673,Small Business,Hospitality,1,UAE North,UAE,Dubai,2018-02-24,Active
3674,Customer 3674,Mid-Market,Financial Services,1,UAE North,UAE,Dubai,2019-03-25,Active
3675,Customer 3675,Small Business,Technology,2,UAE South,UAE,Abu Dhabi,2020-04-01,Active
3676,Customer 3676,Mid-Market,Retail,8,Oman,Oman,Muscat,2021-05-02,Active
3677,Customer 3677,Enterprise,Construction,9,India West,India,Mumbai,2022-06-03,Dormant
3678,Customer 3678,Mid-Market,Retail,2,UAE South,UAE,Abu Dhabi,2023-07-04,Active
3679,Customer 3679,Consumer,Government,6,Kuwait,Kuwait,Kuwait City,2024-08-05,Active
3680,Customer 3680,Small Business,Financial Services,4,Saudi West,Saudi Arabia,Jeddah,2017-09-06,Dormant
3681,Customer 3681,Mid-Market,Government,2,UAE South,UAE,Abu Dhabi,2018-10-07,Active
3682,Customer 3682,Enterprise,Retail,6,Kuwait,Kuwait,Kuwait City,2019-11-08,Active
3683,Customer 3683,Consumer,Technology,6,Kuwait,Kuwait,Kuwait City,2020-12-09,Dormant
3684,Customer 3684,Mid-Market,Financial Services,5,Qatar,Qatar,Doha,2021-01-10,Active
3685,Customer 3685,Consumer,Retail,2,UAE South,UAE,Abu Dhabi,2022-02-11,Active
3686,Customer 3686,Small Business,Construction,10,India South,India,Bengaluru,2023-03-12,Active
3687,Customer 3687,Small Business,Financial Services,8,Oman,Oman,Muscat,2024-04-13,Active
3688,Customer 3688,Enterprise,Hospitality,8,Oman,Oman,Muscat,2017-05-14,Active
3689,Customer 3689,Mid-Market,Education,6,Kuwait,Kuwait,Kuwait City,2018-06-15,Dormant
3690,Customer 3690,Consumer,Government,3,Saudi Central,Saudi Arabia,Riyadh,2019-07-16,Active
3691,Customer 3691,Consumer,Financial Services,7,Bahrain,Bahrain,Manama,2020-08-17,Active
3692,Customer 3692,Mid-Market,Hospitality,2,UAE South,UAE,Abu Dhabi,2021-09-18,Active
3693,Customer 3693,Small Business,Government,3,Saudi Central,Saudi Arabia,Riyadh,2022-10-19,Active
3694,Customer 3694,Enterprise,Technology,1,UAE North,UAE,Dubai,2023-11-20,Dormant
3695,Customer 3695,Small Business,Technology,7,Bahrain,Bahrain,Manama,2024-12-21,Active
3696,Customer 3696,Enterprise,Hospitality,10,India South,India,Bengaluru,2017-01-22,Active
3697,Customer 3697,Small Business,Government,1,UAE North,UAE,Dubai,2018-02-23,Dormant
3698,Customer 3698,Consumer,Retail,2,UAE South,UAE,Abu Dhabi,2019-03-24,Active
3699,Customer 3699,Small Business,Hospitality,5,Qatar,Qatar,Doha,2020-04-25,Active
3700,Customer 3700,Enterprise,Education,10,India South,India,Bengaluru,2021-05-01,Active
3701,Customer 3701,Consumer,Retail,6,Kuwait,Kuwait,Kuwait City,2022-06-02,Active
3702,Customer 3702,Small Business,Retail,10,India South,India,Bengaluru,2023-07-03,Active
3703,Customer 3703,Consumer,Financial Services,10,India South,India,Bengaluru,2024-08-04,Dormant
3704,Customer 3704,Small Business,Education,4,Saudi West,Saudi Arabia,Jeddah,2017-09-05,Dormant
3705,Customer 3705,Small Business,Hospitality,10,India South,India,Bengaluru,2018-10-06,Dormant
3706,Customer 3706,Small Business,Technology,7,Bahrain,Bahrain,Manama,2019-11-07,Active
3707,Customer 3707,Consumer,Hospitality,7,Bahrain,Bahrain,Manama,2020-12-08,Active
3708,Customer 3708,Small Business,Retail,4,Saudi West,Saudi Arabia,Jeddah,2021-01-09,Dormant
3709,Customer 3709,Small Business,Education,8,Oman,Oman,Muscat,2022-02-10,Active
3710,Customer 3710,Consumer,Financial Services,3,Saudi Central,Saudi Arabia,Riyadh,2023-03-11,Active
3711,Customer 3711,Consumer,Technology,4,Saudi West,Saudi Arabia,Jeddah,2024-04-12,Active
3712,Customer 3712,Small Business,Retail,10,India South,India,Bengaluru,2017-05-13,Active
3713,Customer 3713,Mid-Market,Financial Services,5,Qatar,Qatar,Doha,2018-06-14,Active
3714,Customer 3714,Mid-Market,Retail,1,UAE North,UAE,Dubai,2019-07-15,Dormant
3715,Customer 3715,Consumer,Hospitality,9,India West,India,Mumbai,2020-08-16,Active
3716,Customer 3716,Enterprise,Healthcare,7,Bahrain,Bahrain,Manama,2021-09-17,Active
3717,Customer 3717,Enterprise,Hospitality,5,Qatar,Qatar,Doha,2022-10-18,Active
3718,Customer 3718,Small Business,Government,6,Kuwait,Kuwait,Kuwait City,2023-11-19,Active
3719,Customer 3719,Enterprise,Government,2,UAE South,UAE,Abu Dhabi,2024-12-20,Active
3720,Customer 3720,Small Business,Technology,9,India West,India,Mumbai,2017-01-21,Active
3721,Customer 3721,Consumer,Financial Services,2,UAE South,UAE,Abu Dhabi,2018-02-22,Active
3722,Customer 3722,Small Business,Healthcare,5,Qatar,Qatar,Doha,2019-03-23,Active
3723,Customer 3723,Consumer,Construction,8,Oman,Oman,Muscat,2020-04-24,Active
3724,Customer 3724,Consumer,Construction,10,India South,India,Bengaluru,2021-05-25,Dormant
3725,Customer 3725,Small Business,Retail,1,UAE North,UAE,Dubai,2022-06-01,Active
3726,Customer 3726,Small Business,Financial Services,5,Qatar,Qatar,Doha,2023-07-02,Dormant
3727,Customer 3727,Small Business,Hospitality,6,Kuwait,Kuwait,Kuwait City,2024-08-03,Active
3728,Customer 3728,Small Business,Hospitality,4,Saudi West,Saudi Arabia,Jeddah,2017-09-04,Active
3729,Customer 3729,Small Business,Hospitality,10,India South,India,Bengaluru,2018-10-05,Active
3730,Customer 3730,Consumer,Technology,9,India West,India,Mumbai,2019-11-06,Active
3731,Customer 3731,Small Business,Healthcare,10,India South,India,Bengaluru,2020-12-07,Dormant
3732,Customer 3732,Small Business,Government,7,Bahrain,Bahrain,Manama,2021-01-08,Active
3733,Customer 3733,Enterprise,Construction,5,Qatar,Qatar,Doha,2022-02-09,Active
3734,Customer 3734,Mid-Market,Hospitality,2,UAE South,UAE,Abu Dhabi,2023-03-10,Dormant
3735,Customer 3735,Mid-Market,Retail,2,UAE South,UAE,Abu Dhabi,2024-04-11,Dormant
3736,Customer 3736,Small Business,Healthcare,9,India West,India,Mumbai,2017-05-12,Dormant
3737,Customer 3737,Small Business,Education,5,Qatar,Qatar,Doha,2018-06-13,Active
3738,Customer 3738,Mid-Market,Government,7,Bahrain,Bahrain,Manama,2019-07-14,Dormant
3739,Customer 3739,Mid-Market,Retail,3,Saudi Central,Saudi Arabia,Riyadh,2020-08-15,Dormant
3740,Customer 3740,Consumer,Financial Services,5,Qatar,Qatar,Doha,2021-09-16,Dormant
3741,Customer 3741,Mid-Market,Technology,9,India West,India,Mumbai,2022-10-17,Dormant
3742,Customer 3742,Mid-Market,Technology,1,UAE North,UAE,Dubai,2023-11-18,Active
3743,Customer 3743,Small Business,Healthcare,2,UAE South,UAE,Abu Dhabi,2024-12-19,Active
3744,Customer 3744,Small Business,Healthcare,2,UAE South,UAE,Abu Dhabi,2017-01-20,Active
3745,Customer 3745,Consumer,Financial Services,10,India South,India,Bengaluru,2018-02-21,Active
3746,Customer 3746,Small Business,Retail,9,India West,India,Mumbai,2019-03-22,Active
3747,Customer 3747,Small Business,Education,5,Qatar,Qatar,Doha,2020-04-23,Active
3748,Customer 3748,Mid-Market,Technology,7,Bahrain,Bahrain,Manama,2021-05-24,Dormant
3749,Customer 3749,Mid-Market,Government,8,Oman,Oman,Muscat,2022-06-25,Active
3750,Customer 3750,Enterprise,Hospitality,7,Bahrain,Bahrain,Manama,2023-07-01,Active
3751,Customer 3751,Enterprise,Hospitality,5,Qatar,Qatar,Doha,2024-08-02,Active
3752,Customer 3752,Small Business,Healthcare,6,Kuwait,Kuwait,Kuwait City,2017-09-03,Active
3753,Customer 3753,Enterprise,Education,7,Bahrain,Bahrain,Manama,2018-10-04,Dormant
3754,Customer 3754,Consumer,Construction,7,Bahrain,Bahrain,Manama,2019-11-05,Active
3755,Customer 3755,Enterprise,Technology,4,Saudi West,Saudi Arabia,Jeddah,2020-12-06,Active
3756,Customer 3756,Small Business,Financial Services,9,India West,India,Mumbai,2021-01-07,Active
3757,Customer 3757,Consumer,Construction,1,UAE North,UAE,Dubai,2022-02-08,Active
3758,Customer 3758,Small Business,Technology,5,Qatar,Qatar,Doha,2023-03-09,Active
3759,Customer 3759,Enterprise,Construction,10,India South,India,Bengaluru,2024-04-10,Active
3760,Customer 3760,Small Business,Technology,4,Saudi West,Saudi Arabia,Jeddah,2017-05-11,Active
3761,Customer 3761,Small Business,Hospitality,10,India South,India,Bengaluru,2018-06-12,Dormant
3762,Customer 3762,Consumer,Hospitality,8,Oman,Oman,Muscat,2019-07-13,Active
3763,Customer 3763,Small Business,Retail,5,Qatar,Qatar,Doha,2020-08-14,Active
3764,Customer 3764,Small Business,Healthcare,7,Bahrain,Bahrain,Manama,2021-09-15,Active
3765,Customer 3765,Enterprise,Technology,5,Qatar,Qatar,Doha,2022-10-16,Dormant
3766,Customer 3766,Consumer,Hospitality,9,India West,India,Mumbai,2023-11-17,Active
3767,Customer 3767,Small Business,Financial Services,6,Kuwait,Kuwait,Kuwait City,2024-12-18,Dormant
3768,Customer 3768,Small Business,Education,5,Qatar,Qatar,Doha,2017-01-19,Dormant
3769,Customer 3769,Small Business,Technology,10,India South,India,Bengaluru,2018-02-20,Dormant
3770,Customer 3770,Mid-Market,Hospitality,10,India South,India,Bengaluru,2019-03-21,Active
3771,Customer 3771,Small Business,Construction,6,Kuwait,Kuwait,Kuwait City,2020-04-22,Active
3772,Customer 3772,Mid-Market,Healthcare,2,UAE South,UAE,Abu Dhabi,2021-05-23,Active
3773,Customer 3773,Consumer,Government,1,UAE North,UAE,Dubai,2022-06-24,Active
3774,Customer 3774,Small Business,Financial Services,4,Saudi West,Saudi Arabia,Jeddah,2023-07-25,Active
3775,Customer 3775,Enterprise,Government,6,Kuwait,Kuwait,Kuwait City,2024-08-01,Active
3776,Customer 3776,Small Business,Retail,7,Bahrain,Bahrain,Manama,2017-09-02,Active
3777,Customer 3777,Small Business,Financial Services,10,India South,India,Bengaluru,2018-10-03,Active
3778,Customer 3778,Mid-Market,Financial Services,7,Bahrain,Bahrain,Manama,2019-11-04,Active
3779,Customer 3779,Small Business,Technology,2,UAE South,UAE,Abu Dhabi,2020-12-05,Active
3780,Customer 3780,Small Business,Financial Services,6,Kuwait,Kuwait,Kuwait City,2021-01-06,Dormant
3781,Customer 3781,Enterprise,Technology,1,UAE North,UAE,Dubai,2022-02-07,Active
3782,Customer 3782,Small Business,Technology,5,Qatar,Qatar,Doha,2023-03-08,Active
3783,Customer 3783,Mid-Market,Financial Services,1,UAE North,UAE,Dubai,2024-04-09,Dormant
3784,Customer 3784,Consumer,Financial Services,5,Qatar,Qatar,Doha,2017-05-10,Dormant
3785,Customer 3785,Small Business,Construction,8,Oman,Oman,Muscat,2018-06-11,Dormant
3786,Customer 3786,Mid-Market,Technology,5,Qatar,Qatar,Doha,2019-07-12,Active
3787,Customer 3787,Consumer,Government,7,Bahrain,Bahrain,Manama,2020-08-13,Dormant
3788,Customer 3788,Small Business,Retail,6,Kuwait,Kuwait,Kuwait City,2021-09-14,Dormant
3789,Customer 3789,Consumer,Education,5,Qatar,Qatar,Doha,2022-10-15,Active
3790,Customer 3790,Consumer,Retail,9,India West,India,Mumbai,2023-11-16,Dormant
3791,Customer 3791,Mid-Market,Construction,3,Saudi Central,Saudi Arabia,Riyadh,2024-12-17,Active
3792,Customer 3792,Consumer,Healthcare,7,Bahrain,Bahrain,Manama,2017-01-18,Active
3793,Customer 3793,Mid-Market,Technology,7,Bahrain,Bahrain,Manama,2018-02-19,Active
3794,Customer 3794,Small Business,Construction,2,UAE South,UAE,Abu Dhabi,2019-03-20,Active
3795,Customer 3795,Consumer,Retail,4,Saudi West,Saudi Arabia,Jeddah,2020-04-21,Dormant
3796,Customer 3796,Consumer,Hospitality,3,Saudi Central,Saudi Arabia,Riyadh,2021-05-22,Active
3797,Customer 3797,Mid-Market,Government,3,Saudi Central,Saudi Arabia,Riyadh,2022-06-23,Dormant
3798,Customer 3798,Small Business,Government,8,Oman,Oman,Muscat,2023-07-24,Active
3799,Customer 3799,Mid-Market,Construction,7,Bahrain,Bahrain,Manama,2024-08-25,Active
3800,Customer 3800,Enterprise,Hospitality,7,Bahrain,Bahrain,Manama,2017-09-01,Active
3801,Customer 3801,Consumer,Hospitality,5,Qatar,Qatar,Doha,2018-10-02,Active
3802,Customer 3802,Consumer,Technology,6,Kuwait,Kuwait,Kuwait City,2019-11-03,Dormant
3803,Customer 3803,Enterprise,Retail,1,UAE North,UAE,Dubai,2020-12-04,Active
3804,Customer 3804,Small Business,Financial Services,8,Oman,Oman,Muscat,2021-01-05,Dormant
3805,Customer 3805,Consumer,Healthcare,8,Oman,Oman,Muscat,2022-02-06,Active
3806,Customer 3806,Mid-Market,Construction,2,UAE South,UAE,Abu Dhabi,2023-03-07,Dormant
3807,Customer 3807,Consumer,Technology,1,UAE North,UAE,Dubai,2024-04-08,Dormant
3808,Customer 3808,Consumer,Financial Services,3,Saudi Central,Saudi Arabia,Riyadh,2017-05-09,Active
3809,Customer 3809,Small Business,Financial Services,3,Saudi Central,Saudi Arabia,Riyadh,2018-06-10,Active
3810,Customer 3810,Consumer,Healthcare,3,Saudi Central,Saudi Arabia,Riyadh,2019-07-11,Active
3811,Customer 3811,Small Business,Education,4,Saudi West,Saudi Arabia,Jeddah,2020-08-12,Dormant
3812,Customer 3812,Mid-Market,Construction,6,Kuwait,Kuwait,Kuwait City,2021-09-13,Dormant
3813,Customer 3813,Enterprise,Construction,9,India West,India,Mumbai,2022-10-14,Active
3814,Customer 3814,Consumer,Healthcare,6,Kuwait,Kuwait,Kuwait City,2023-11-15,Active
3815,Customer 3815,Mid-Market,Education,3,Saudi Central,Saudi Arabia,Riyadh,2024-12-16,Active
3816,Customer 3816,Mid-Market,Technology,5,Qatar,Qatar,Doha,2017-01-17,Active
3817,Customer 3817,Small Business,Financial Services,1,UAE North,UAE,Dubai,2018-02-18,Active
3818,Customer 3818,Small Business,Technology,5,Qatar,Qatar,Doha,2019-03-19,Dormant
3819,Customer 3819,Consumer,Education,6,Kuwait,Kuwait,Kuwait City,2020-04-20,Active
3820,Customer 3820,Mid-Market,Education,2,UAE South,UAE,Abu Dhabi,2021-05-21,Active
3821,Customer 3821,Mid-Market,Government,8,Oman,Oman,Muscat,2022-06-22,Active
3822,Customer 3822,Small Business,Financial Services,8,Oman,Oman,Muscat,2023-07-23,Active
3823,Customer 3823,Small Business,Healthcare,4,Saudi West,Saudi Arabia,Jeddah,2024-08-24,Dormant
3824,Customer 3824,Enterprise,Financial Services,3,Saudi Central,Saudi Arabia,Riyadh,2017-09-25,Active
3825,Customer 3825,Consumer,Construction,2,UAE South,UAE,Abu Dhabi,2018-10-01,Active
3826,Customer 3826,Enterprise,Hospitality,9,India West,India,Mumbai,2019-11-02,Dormant
3827,Customer 3827,Consumer,Technology,4,Saudi West,Saudi Arabia,Jeddah,2020-12-03,Active
3828,Customer 3828,Enterprise,Education,4,Saudi West,Saudi Arabia,Jeddah,2021-01-04,Active
3829,Customer 3829,Small Business,Healthcare,9,India West,India,Mumbai,2022-02-05,Active
3830,Customer 3830,Consumer,Construction,10,India South,India,Bengaluru,2023-03-06,Active
3831,Customer 3831,Enterprise,Hospitality,5,Qatar,Qatar,Doha,2024-04-07,Active
3832,Customer 3832,Small Business,Technology,7,Bahrain,Bahrain,Manama,2017-05-08,Active
3833,Customer 3833,Mid-Market,Healthcare,7,Bahrain,Bahrain,Manama,2018-06-09,Active
3834,Customer 3834,Mid-Market,Construction,5,Qatar,Qatar,Doha,2019-07-10,Active
3835,Customer 3835,Small Business,Education,5,Qatar,Qatar,Doha,2020-08-11,Active
3836,Customer 3836,Small Business,Education,2,UAE South,UAE,Abu Dhabi,2021-09-12,Dormant
3837,Customer 3837,Enterprise,Construction,9,India West,India,Mumbai,2022-10-13,Active
3838,Customer 3838,Mid-Market,Government,10,India South,India,Bengaluru,2023-11-14,Active
3839,Customer 3839,Consumer,Financial Services,9,India West,India,Mumbai,2024-12-15,Active
3840,Customer 3840,Enterprise,Construction,10,India South,India,Bengaluru,2017-01-16,Dormant
3841,Customer 3841,Consumer,Government,10,India South,India,Bengaluru,2018-02-17,Active
3842,Customer 3842,Consumer,Healthcare,5,Qatar,Qatar,Doha,2019-03-18,Active
3843,Customer 3843,Mid-Market,Hospitality,7,Bahrain,Bahrain,Manama,2020-04-19,Dormant
3844,Customer 3844,Mid-Market,Healthcare,5,Qatar,Qatar,Doha,2021-05-20,Active
3845,Customer 3845,Small Business,Government,9,India West,India,Mumbai,2022-06-21,Active
3846,Customer 3846,Mid-Market,Hospitality,9,India West,India,Mumbai,2023-07-22,Active
3847,Customer 3847,Consumer,Government,2,UAE South,UAE,Abu Dhabi,2024-08-23,Active
3848,Customer 3848,Consumer,Healthcare,7,Bahrain,Bahrain,Manama,2017-09-24,Active
3849,Customer 3849,Small Business,Retail,3,Saudi Central,Saudi Arabia,Riyadh,2018-10-25,Active
3850,Customer 3850,Mid-Market,Retail,3,Saudi Central,Saudi Arabia,Riyadh,2019-11-01,Active
3851,Customer 3851,Mid-Market,Healthcare,1,UAE North,UAE,Dubai,2020-12-02,Active
3852,Customer 3852,Enterprise,Financial Services,1,UAE North,UAE,Dubai,2021-01-03,Dormant
3853,Customer 3853,Small Business,Retail,7,Bahrain,Bahrain,Manama,2022-02-04,Active
3854,Customer 3854,Consumer,Government,9,India West,India,Mumbai,2023-03-05,Dormant
3855,Customer 3855,Enterprise,Hospitality,2,UAE South,UAE,Abu Dhabi,2024-04-06,Active
3856,Customer 3856,Small Business,Hospitality,4,Saudi West,Saudi Arabia,Jeddah,2017-05-07,Active
3857,Customer 3857,Consumer,Education,1,UAE North,UAE,Dubai,2018-06-08,Active
3858,Customer 3858,Small Business,Hospitality,6,Kuwait,Kuwait,Kuwait City,2019-07-09,Active
3859,Customer 3859,Mid-Market,Healthcare,8,Oman,Oman,Muscat,2020-08-10,Active
3860,Customer 3860,Mid-Market,Construction,6,Kuwait,Kuwait,Kuwait City,2021-09-11,Active
3861,Customer 3861,Enterprise,Retail,1,UAE North,UAE,Dubai,2022-10-12,Dormant
3862,Customer 3862,Consumer,Retail,7,Bahrain,Bahrain,Manama,2023-11-13,Active
3863,Customer 3863,Consumer,Financial Services,5,Qatar,Qatar,Doha,2024-12-14,Dormant
3864,Customer 3864,Mid-Market,Retail,2,UAE South,UAE,Abu Dhabi,2017-01-15,Dormant
3865,Customer 3865,Consumer,Financial Services,7,Bahrain,Bahrain,Manama,2018-02-16,Dormant
3866,Customer 3866,Enterprise,Retail,5,Qatar,Qatar,Doha,2019-03-17,Dormant
3867,Customer 3867,Mid-Market,Hospitality,6,Kuwait,Kuwait,Kuwait City,2020-04-18,Active
3868,Customer 3868,Consumer,Retail,4,Saudi West,Saudi Arabia,Jeddah,2021-05-19,Dormant
3869,Customer 3869,Mid-Market,Financial Services,9,India West,India,Mumbai,2022-06-20,Active
3870,Customer 3870,Small Business,Retail,10,India South,India,Bengaluru,2023-07-21,Active
3871,Customer 3871,Consumer,Financial Services,9,India West,India,Mumbai,2024-08-22,Dormant
3872,Customer 3872,Mid-Market,Healthcare,9,India West,India,Mumbai,2017-09-23,Dormant
3873,Customer 3873,Consumer,Financial Services,9,India West,India,Mumbai,2018-10-24,Active
3874,Customer 3874,Small Business,Retail,7,Bahrain,Bahrain,Manama,2019-11-25,Active
3875,Customer 3875,Small Business,Hospitality,9,India West,India,Mumbai,2020-12-01,Dormant
3876,Customer 3876,Consumer,Government,9,India West,India,Mumbai,2021-01-02,Active
3877,Customer 3877,Enterprise,Financial Services,6,Kuwait,Kuwait,Kuwait City,2022-02-03,Active
3878,Customer 3878,Small Business,Hospitality,6,Kuwait,Kuwait,Kuwait City,2023-03-04,Dormant
3879,Customer 3879,Enterprise,Education,7,Bahrain,Bahrain,Manama,2024-04-05,Active
3880,Customer 3880,Consumer,Healthcare,1,UAE North,UAE,Dubai,2017-05-06,Dormant
3881,Customer 3881,Small Business,Healthcare,6,Kuwait,Kuwait,Kuwait City,2018-06-07,Dormant
3882,Customer 3882,Mid-Market,Hospitality,1,UAE North,UAE,Dubai,2019-07-08,Active
3883,Customer 3883,Mid-Market,Healthcare,10,India South,India,Bengaluru,2020-08-09,Active
3884,Customer 3884,Mid-Market,Construction,8,Oman,Oman,Muscat,2021-09-10,Active
3885,Customer 3885,Small Business,Technology,8,Oman,Oman,Muscat,2022-10-11,Active
3886,Customer 3886,Small Business,Financial Services,3,Saudi Central,Saudi Arabia,Riyadh,2023-11-12,Active
3887,Customer 3887,Enterprise,Healthcare,2,UAE South,UAE,Abu Dhabi,2024-12-13,Active
3888,Customer 3888,Small Business,Financial Services,2,UAE South,UAE,Abu Dhabi,2017-01-14,Active
3889,Customer 3889,Mid-Market,Healthcare,7,Bahrain,Bahrain,Manama,2018-02-15,Active
3890,Customer 3890,Consumer,Construction,10,India South,India,Bengaluru,2019-03-16,Active
3891,Customer 3891,Enterprise,Technology,8,Oman,Oman,Muscat,2020-04-17,Active
3892,Customer 3892,Consumer,Hospitality,5,Qatar,Qatar,Doha,2021-05-18,Active
3893,Customer 3893,Small Business,Retail,5,Qatar,Qatar,Doha,2022-06-19,Active
3894,Customer 3894,Consumer,Healthcare,7,Bahrain,Bahrain,Manama,2023-07-20,Active
3895,Customer 3895,Mid-Market,Construction,10,India South,India,Bengaluru,2024-08-21,Dormant
3896,Customer 3896,Consumer,Retail,1,UAE North,UAE,Dubai,2017-09-22,Active
3897,Customer 3897,Small Business,Education,2,UAE South,UAE,Abu Dhabi,2018-10-23,Active
3898,Customer 3898,Mid-Market,Retail,7,Bahrain,Bahrain,Manama,2019-11-24,Dormant
3899,Customer 3899,Mid-Market,Healthcare,3,Saudi Central,Saudi Arabia,Riyadh,2020-12-25,Active
3900,Customer 3900,Consumer,Healthcare,8,Oman,Oman,Muscat,2021-01-01,Active
3901,Customer 3901,Enterprise,Hospitality,5,Qatar,Qatar,Doha,2022-02-02,Dormant
3902,Customer 3902,Small Business,Healthcare,9,India West,India,Mumbai,2023-03-03,Active
3903,Customer 3903,Consumer,Education,5,Qatar,Qatar,Doha,2024-04-04,Active
3904,Customer 3904,Consumer,Hospitality,3,Saudi Central,Saudi Arabia,Riyadh,2017-05-05,Dormant
3905,Customer 3905,Consumer,Construction,9,India West,India,Mumbai,2018-06-06,Active
3906,Customer 3906,Enterprise,Construction,8,Oman,Oman,Muscat,2019-07-07,Active
3907,Customer 3907,Enterprise,Construction,2,UAE South,UAE,Abu Dhabi,2020-08-08,Active
3908,Customer 3908,Mid-Market,Government,10,India South,India,Bengaluru,2021-09-09,Active
3909,Customer 3909,Mid-Market,Financial Services,2,UAE South,UAE,Abu Dhabi,2022-10-10,Active
3910,Customer 3910,Consumer,Education,1,UAE North,UAE,Dubai,2023-11-11,Dormant
3911,Customer 3911,Consumer,Healthcare,1,UAE North,UAE,Dubai,2024-12-12,Active
3912,Customer 3912,Enterprise,Hospitality,1,UAE North,UAE,Dubai,2017-01-13,Dormant
3913,Customer 3913,Mid-Market,Retail,10,India South,India,Bengaluru,2018-02-14,Active
3914,Customer 3914,Mid-Market,Hospitality,8,Oman,Oman,Muscat,2019-03-15,Active
3915,Customer 3915,Consumer,Technology,9,India West,India,Mumbai,2020-04-16,Active
3916,Customer 3916,Consumer,Government,3,Saudi Central,Saudi Arabia,Riyadh,2021-05-17,Dormant
3917,Customer 3917,Small Business,Education,10,India South,India,Bengaluru,2022-06-18,Dormant
3918,Customer 3918,Mid-Market,Technology,6,Kuwait,Kuwait,Kuwait City,2023-07-19,Active
3919,Customer 3919,Consumer,Financial Services,8,Oman,Oman,Muscat,2024-08-20,Active
3920,Customer 3920,Consumer,Healthcare,10,India South,India,Bengaluru,2017-09-21,Dormant
3921,Customer 3921,Consumer,Hospitality,4,Saudi West,Saudi Arabia,Jeddah,2018-10-22,Active
3922,Customer 3922,Enterprise,Construction,2,UAE South,UAE,Abu Dhabi,2019-11-23,Active
3923,Customer 3923,Mid-Market,Financial Services,3,Saudi Central,Saudi Arabia,Riyadh,2020-12-24,Active
3924,Customer 3924,Enterprise,Technology,3,Saudi Central,Saudi Arabia,Riyadh,2021-01-25,Active
3925,Customer 3925,Small Business,Education,6,Kuwait,Kuwait,Kuwait City,2022-02-01,Active
3926,Customer 3926,Small Business,Retail,3,Saudi Central,Saudi Arabia,Riyadh,2023-03-02,Dormant
3927,Customer 3927,Consumer,Financial Services,5,Qatar,Qatar,Doha,2024-04-03,Active
3928,Customer 3928,Small Business,Education,7,Bahrain,Bahrain,Manama,2017-05-04,Active
3929,Customer 3929,Consumer,Education,5,Qatar,Qatar,Doha,2018-06-05,Active
3930,Customer 3930,Mid-Market,Education,3,Saudi Central,Saudi Arabia,Riyadh,2019-07-06,Dormant
3931,Customer 3931,Small Business,Healthcare,5,Qatar,Qatar,Doha,2020-08-07,Active
3932,Customer 3932,Mid-Market,Government,6,Kuwait,Kuwait,Kuwait City,2021-09-08,Dormant
3933,Customer 3933,Consumer,Financial Services,5,Qatar,Qatar,Doha,2022-10-09,Active
3934,Customer 3934,Small Business,Construction,8,Oman,Oman,Muscat,2023-11-10,Active
3935,Customer 3935,Consumer,Healthcare,6,Kuwait,Kuwait,Kuwait City,2024-12-11,Active
3936,Customer 3936,Mid-Market,Retail,10,India South,India,Bengaluru,2017-01-12,Active
3937,Customer 3937,Consumer,Construction,9,India West,India,Mumbai,2018-02-13,Active
3938,Customer 3938,Small Business,Technology,1,UAE North,UAE,Dubai,2019-03-14,Active
3939,Customer 3939,Enterprise,Education,10,India South,India,Bengaluru,2020-04-15,Active
3940,Customer 3940,Consumer,Government,2,UAE South,UAE,Abu Dhabi,2021-05-16,Dormant
3941,Customer 3941,Small Business,Retail,2,UAE South,UAE,Abu Dhabi,2022-06-17,Active
3942,Customer 3942,Consumer,Government,6,Kuwait,Kuwait,Kuwait City,2023-07-18,Dormant
3943,Customer 3943,Small Business,Healthcare,1,UAE North,UAE,Dubai,2024-08-19,Active
3944,Customer 3944,Small Business,Construction,1,UAE North,UAE,Dubai,2017-09-20,Active
3945,Customer 3945,Consumer,Technology,6,Kuwait,Kuwait,Kuwait City,2018-10-21,Active
3946,Customer 3946,Consumer,Hospitality,3,Saudi Central,Saudi Arabia,Riyadh,2019-11-22,Active
3947,Customer 3947,Small Business,Construction,3,Saudi Central,Saudi Arabia,Riyadh,2020-12-23,Active
3948,Customer 3948,Enterprise,Financial Services,1,UAE North,UAE,Dubai,2021-01-24,Active
3949,Customer 3949,Mid-Market,Construction,2,UAE South,UAE,Abu Dhabi,2022-02-25,Active
3950,Customer 3950,Consumer,Construction,3,Saudi Central,Saudi Arabia,Riyadh,2023-03-01,Active
3951,Customer 3951,Small Business,Construction,8,Oman,Oman,Muscat,2024-04-02,Active
3952,Customer 3952,Mid-Market,Government,8,Oman,Oman,Muscat,2017-05-03,Active
3953,Customer 3953,Consumer,Healthcare,8,Oman,Oman,Muscat,2018-06-04,Dormant
3954,Customer 3954,Small Business,Construction,10,India South,India,Bengaluru,2019-07-05,Active
3955,Customer 3955,Consumer,Hospitality,1,UAE North,UAE,Dubai,2020-08-06,Active
3956,Customer 3956,Consumer,Technology,1,UAE North,UAE,Dubai,2021-09-07,Active
3957,Customer 3957,Consumer,Retail,5,Qatar,Qatar,Doha,2022-10-08,Active
3958,Customer 3958,Enterprise,Technology,10,India South,India,Bengaluru,2023-11-09,Active
3959,Customer 3959,Consumer,Education,3,Saudi Central,Saudi Arabia,Riyadh,2024-12-10,Dormant
3960,Customer 3960,Small Business,Technology,1,UAE North,UAE,Dubai,2017-01-11,Active
3961,Customer 3961,Small Business,Hospitality,2,UAE South,UAE,Abu Dhabi,2018-02-12,Active
3962,Customer 3962,Consumer,Healthcare,6,Kuwait,Kuwait,Kuwait City,2019-03-13,Active
3963,Customer 3963,Consumer,Education,6,Kuwait,Kuwait,Kuwait City,2020-04-14,Active
3964,Customer 3964,Mid-Market,Retail,10,India South,India,Bengaluru,2021-05-15,Active
3965,Customer 3965,Enterprise,Retail,7,Bahrain,Bahrain,Manama,2022-06-16,Dormant
3966,Customer 3966,Small Business,Retail,8,Oman,Oman,Muscat,2023-07-17,Active
3967,Customer 3967,Small Business,Retail,7,Bahrain,Bahrain,Manama,2024-08-18,Active
3968,Customer 3968,Small Business,Government,9,India West,India,Mumbai,2017-09-19,Dormant
3969,Customer 3969,Enterprise,Education,5,Qatar,Qatar,Doha,2018-10-20,Dormant
3970,Customer 3970,Mid-Market,Healthcare,9,India West,India,Mumbai,2019-11-21,Active
3971,Customer 3971,Small Business,Technology,4,Saudi West,Saudi Arabia,Jeddah,2020-12-22,Active
3972,Customer 3972,Small Business,Construction,10,India South,India,Bengaluru,2021-01-23,Active
3973,Customer 3973,Enterprise,Government,1,UAE North,UAE,Dubai,2022-02-24,Dormant
3974,Customer 3974,Consumer,Healthcare,7,Bahrain,Bahrain,Manama,2023-03-25,Active
3975,Customer 3975,Enterprise,Healthcare,6,Kuwait,Kuwait,Kuwait City,2024-04-01,Active
3976,Customer 3976,Enterprise,Education,1,UAE North,UAE,Dubai,2017-05-02,Dormant
3977,Customer 3977,Mid-Market,Financial Services,6,Kuwait,Kuwait,Kuwait City,2018-06-03,Active
3978,Customer 3978,Enterprise,Technology,5,Qatar,Qatar,Doha,2019-07-04,Active
3979,Customer 3979,Enterprise,Healthcare,10,India South,India,Bengaluru,2020-08-05,Active
3980,Customer 3980,Consumer,Technology,4,Saudi West,Saudi Arabia,Jeddah,2021-09-06,Active
3981,Customer 3981,Enterprise,Retail,2,UAE South,UAE,Abu Dhabi,2022-10-07,Active
3982,Customer 3982,Consumer,Retail,7,Bahrain,Bahrain,Manama,2023-11-08,Active
3983,Customer 3983,Enterprise,Financial Services,4,Saudi West,Saudi Arabia,Jeddah,2024-12-09,Active
3984,Customer 3984,Enterprise,Hospitality,4,Saudi West,Saudi Arabia,Jeddah,2017-01-10,Active
3985,Customer 3985,Small Business,Education,7,Bahrain,Bahrain,Manama,2018-02-11,Active
3986,Customer 3986,Consumer,Technology,10,India South,India,Bengaluru,2019-03-12,Active
3987,Customer 3987,Mid-Market,Government,8,Oman,Oman,Muscat,2020-04-13,Active
3988,Customer 3988,Consumer,Hospitality,10,India South,India,Bengaluru,2021-05-14,Active
3989,Customer 3989,Consumer,Financial Services,10,India South,India,Bengaluru,2022-06-15,Active
3990,Customer 3990,Small Business,Education,3,Saudi Central,Saudi Arabia,Riyadh,2023-07-16,Active
3991,Customer 3991,Small Business,Healthcare,7,Bahrain,Bahrain,Manama,2024-08-17,Active
3992,Customer 3992,Small Business,Construction,3,Saudi Central,Saudi Arabia,Riyadh,2017-09-18,Active
3993,Customer 3993,Mid-Market,Government,2,UAE South,UAE,Abu Dhabi,2018-10-19,Active
3994,Customer 3994,Mid-Market,Government,10,India South,India,Bengaluru,2019-11-20,Active
3995,Customer 3995,Consumer,Healthcare,2,UAE South,UAE,Abu Dhabi,2020-12-21,Active
3996,Customer 3996,Enterprise,Education,9,India West,India,Mumbai,2021-01-22,Dormant
3997,Customer 3997,Enterprise,Healthcare,3,Saudi Central,Saudi Arabia,Riyadh,2022-02-23,Active
3998,Customer 3998,Consumer,Hospitality,6,Kuwait,Kuwait,Kuwait City,2023-03-24,Dormant
3999,Customer 3999,Small Business,Hospitality,1,UAE North,UAE,Dubai,2024-04-25,Dormant
4000,Customer 4000,Consumer,Financial Services,2,UAE South,UAE,Abu Dhabi,2017-05-01,Active
4001,Customer 4001,Small Business,Hospitality,9,India West,India,Mumbai,2018-06-02,Active
4002,Customer 4002,Consumer,Government,10,India South,India,Bengaluru,2019-07-03,Active
4003,Customer 4003,Small Business,Retail,2,UAE South,UAE,Abu Dhabi,2020-08-04,Active
4004,Customer 4004,Consumer,Government,6,Kuwait,Kuwait,Kuwait City,2021-09-05,Active
4005,Customer 4005,Small Business,Financial Services,2,UAE South,UAE,Abu Dhabi,2022-10-06,Active
4006,Customer 4006,Consumer,Government,9,India West,India,Mumbai,2023-11-07,Active
4007,Customer 4007,Mid-Market,Technology,9,India West,India,Mumbai,2024-12-08,Active
4008,Customer 4008,Consumer,Healthcare,2,UAE South,UAE,Abu Dhabi,2017-01-09,Active
4009,Customer 4009,Mid-Market,Retail,8,Oman,Oman,Muscat,2018-02-10,Active
4010,Customer 4010,Mid-Market,Technology,9,India West,India,Mumbai,2019-03-11,Active
4011,Customer 4011,Mid-Market,Healthcare,4,Saudi West,Saudi Arabia,Jeddah,2020-04-12,Active
4012,Customer 4012,Enterprise,Technology,5,Qatar,Qatar,Doha,2021-05-13,Dormant
4013,Customer 4013,Small Business,Healthcare,5,Qatar,Qatar,Doha,2022-06-14,Active
4014,Customer 4014,Small Business,Construction,2,UAE South,UAE,Abu Dhabi,2023-07-15,Active
4015,Customer 4015,Small Business,Retail,1,UAE North,UAE,Dubai,2024-08-16,Active
4016,Customer 4016,Small Business,Retail,1,UAE North,UAE,Dubai,2017-09-17,Active
4017,Customer 4017,Mid-Market,Healthcare,3,Saudi Central,Saudi Arabia,Riyadh,2018-10-18,Active
4018,Customer 4018,Small Business,Healthcare,8,Oman,Oman,Muscat,2019-11-19,Active
4019,Customer 4019,Small Business,Education,4,Saudi West,Saudi Arabia,Jeddah,2020-12-20,Active
4020,Customer 4020,Small Business,Financial Services,3,Saudi Central,Saudi Arabia,Riyadh,2021-01-21,Active
4021,Customer 4021,Small Business,Financial Services,1,UAE North,UAE,Dubai,2022-02-22,Active
4022,Customer 4022,Small Business,Retail,1,UAE North,UAE,Dubai,2023-03-23,Active
4023,Customer 4023,Mid-Market,Government,10,India South,India,Bengaluru,2024-04-24,Dormant
4024,Customer 4024,Mid-Market,Hospitality,8,Oman,Oman,Muscat,2017-05-25,Active
4025,Customer 4025,Consumer,Retail,3,Saudi Central,Saudi Arabia,Riyadh,2018-06-01,Active
4026,Customer 4026,Enterprise,Hospitality,10,India South,India,Bengaluru,2019-07-02,Dormant
4027,Customer 4027,Small Business,Retail,5,Qatar,Qatar,Doha,2020-08-03,Active
4028,Customer 4028,Consumer,Education,10,India South,India,Bengaluru,2021-09-04,Active
4029,Customer 4029,Mid-Market,Technology,1,UAE North,UAE,Dubai,2022-10-05,Active
4030,Customer 4030,Small Business,Healthcare,10,India South,India,Bengaluru,2023-11-06,Active
4031,Customer 4031,Enterprise,Education,10,India South,India,Bengaluru,2024-12-07,Active
4032,Customer 4032,Small Business,Retail,7,Bahrain,Bahrain,Manama,2017-01-08,Active
4033,Customer 4033,Small Business,Construction,7,Bahrain,Bahrain,Manama,2018-02-09,Dormant
4034,Customer 4034,Small Business,Retail,7,Bahrain,Bahrain,Manama,2019-03-10,Dormant
4035,Customer 4035,Consumer,Healthcare,4,Saudi West,Saudi Arabia,Jeddah,2020-04-11,Active
4036,Customer 4036,Small Business,Financial Services,10,India South,India,Bengaluru,2021-05-12,Active
4037,Customer 4037,Enterprise,Technology,6,Kuwait,Kuwait,Kuwait City,2022-06-13,Active
4038,Customer 4038,Small Business,Government,5,Qatar,Qatar,Doha,2023-07-14,Dormant
4039,Customer 4039,Consumer,Technology,7,Bahrain,Bahrain,Manama,2024-08-15,Active
4040,Customer 4040,Small Business,Construction,4,Saudi West,Saudi Arabia,Jeddah,2017-09-16,Active
4041,Customer 4041,Small Business,Financial Services,5,Qatar,Qatar,Doha,2018-10-17,Active
4042,Customer 4042,Mid-Market,Healthcare,8,Oman,Oman,Muscat,2019-11-18,Dormant
4043,Customer 4043,Small Business,Hospitality,3,Saudi Central,Saudi Arabia,Riyadh,2020-12-19,Active
4044,Customer 4044,Consumer,Technology,5,Qatar,Qatar,Doha,2021-01-20,Active
4045,Customer 4045,Small Business,Construction,7,Bahrain,Bahrain,Manama,2022-02-21,Active
4046,Customer 4046,Small Business,Hospitality,5,Qatar,Qatar,Doha,2023-03-22,Active
4047,Customer 4047,Consumer,Hospitality,9,India West,India,Mumbai,2024-04-23,Dormant
4048,Customer 4048,Small Business,Technology,3,Saudi Central,Saudi Arabia,Riyadh,2017-05-24,Active
4049,Customer 4049,Small Business,Financial Services,10,India South,India,Bengaluru,2018-06-25,Active
4050,Customer 4050,Mid-Market,Construction,4,Saudi West,Saudi Arabia,Jeddah,2019-07-01,Active
4051,Customer 4051,Consumer,Technology,3,Saudi Central,Saudi Arabia,Riyadh,2020-08-02,Dormant
4052,Customer 4052,Consumer,Retail,3,Saudi Central,Saudi Arabia,Riyadh,2021-09-03,Active
4053,Customer 4053,Mid-Market,Education,9,India West,India,Mumbai,2022-10-04,Active
4054,Customer 4054,Consumer,Retail,4,Saudi West,Saudi Arabia,Jeddah,2023-11-05,Active
4055,Customer 4055,Enterprise,Construction,2,UAE South,UAE,Abu Dhabi,2024-12-06,Dormant
4056,Customer 4056,Enterprise,Technology,7,Bahrain,Bahrain,Manama,2017-01-07,Active
4057,Customer 4057,Consumer,Financial Services,8,Oman,Oman,Muscat,2018-02-08,Active
4058,Customer 4058,Mid-Market,Government,8,Oman,Oman,Muscat,2019-03-09,Dormant
4059,Customer 4059,Consumer,Technology,10,India South,India,Bengaluru,2020-04-10,Active
4060,Customer 4060,Mid-Market,Education,4,Saudi West,Saudi Arabia,Jeddah,2021-05-11,Dormant
4061,Customer 4061,Small Business,Technology,6,Kuwait,Kuwait,Kuwait City,2022-06-12,Dormant
4062,Customer 4062,Consumer,Financial Services,7,Bahrain,Bahrain,Manama,2023-07-13,Active
4063,Customer 4063,Mid-Market,Technology,7,Bahrain,Bahrain,Manama,2024-08-14,Active
4064,Customer 4064,Mid-Market,Technology,2,UAE South,UAE,Abu Dhabi,2017-09-15,Active
4065,Customer 4065,Small Business,Retail,1,UAE North,UAE,Dubai,2018-10-16,Active
4066,Customer 4066,Consumer,Technology,10,India South,India,Bengaluru,2019-11-17,Active
4067,Customer 4067,Mid-Market,Financial Services,6,Kuwait,Kuwait,Kuwait City,2020-12-18,Active
4068,Customer 4068,Consumer,Construction,6,Kuwait,Kuwait,Kuwait City,2021-01-19,Dormant
4069,Customer 4069,Mid-Market,Government,7,Bahrain,Bahrain,Manama,2022-02-20,Active
4070,Customer 4070,Consumer,Education,2,UAE South,UAE,Abu Dhabi,2023-03-21,Active
4071,Customer 4071,Consumer,Technology,8,Oman,Oman,Muscat,2024-04-22,Active
4072,Customer 4072,Mid-Market,Hospitality,4,Saudi West,Saudi Arabia,Jeddah,2017-05-23,Active
4073,Customer 4073,Small Business,Technology,3,Saudi Central,Saudi Arabia,Riyadh,2018-06-24,Active
4074,Customer 4074,Small Business,Education,5,Qatar,Qatar,Doha,2019-07-25,Active
4075,Customer 4075,Consumer,Hospitality,3,Saudi Central,Saudi Arabia,Riyadh,2020-08-01,Active
4076,Customer 4076,Consumer,Education,6,Kuwait,Kuwait,Kuwait City,2021-09-02,Active
4077,Customer 4077,Small Business,Education,8,Oman,Oman,Muscat,2022-10-03,Dormant
4078,Customer 4078,Enterprise,Retail,4,Saudi West,Saudi Arabia,Jeddah,2023-11-04,Active
4079,Customer 4079,Small Business,Hospitality,9,India West,India,Mumbai,2024-12-05,Dormant
4080,Customer 4080,Consumer,Healthcare,9,India West,India,Mumbai,2017-01-06,Active
4081,Customer 4081,Enterprise,Government,2,UAE South,UAE,Abu Dhabi,2018-02-07,Active
4082,Customer 4082,Mid-Market,Healthcare,9,India West,India,Mumbai,2019-03-08,Active
4083,Customer 4083,Consumer,Technology,6,Kuwait,Kuwait,Kuwait City,2020-04-09,Active
4084,Customer 4084,Consumer,Government,7,Bahrain,Bahrain,Manama,2021-05-10,Active
4085,Customer 4085,Consumer,Government,5,Qatar,Qatar,Doha,2022-06-11,Active
4086,Customer 4086,Small Business,Healthcare,2,UAE South,UAE,Abu Dhabi,2023-07-12,Active
4087,Customer 4087,Small Business,Construction,9,India West,India,Mumbai,2024-08-13,Active
4088,Customer 4088,Consumer,Government,4,Saudi West,Saudi Arabia,Jeddah,2017-09-14,Dormant
4089,Customer 4089,Small Business,Financial Services,3,Saudi Central,Saudi Arabia,Riyadh,2018-10-15,Active
4090,Customer 4090,Mid-Market,Government,7,Bahrain,Bahrain,Manama,2019-11-16,Active
4091,Customer 4091,Mid-Market,Retail,2,UAE South,UAE,Abu Dhabi,2020-12-17,Active
4092,Customer 4092,Consumer,Government,6,Kuwait,Kuwait,Kuwait City,2021-01-18,Active
4093,Customer 4093,Consumer,Construction,1,UAE North,UAE,Dubai,2022-02-19,Active
4094,Customer 4094,Small Business,Retail,9,India West,India,Mumbai,2023-03-20,Active
4095,Customer 4095,Consumer,Government,1,UAE North,UAE,Dubai,2024-04-21,Active
4096,Customer 4096,Enterprise,Healthcare,3,Saudi Central,Saudi Arabia,Riyadh,2017-05-22,Active
4097,Customer 4097,Small Business,Education,8,Oman,Oman,Muscat,2018-06-23,Active
4098,Customer 4098,Enterprise,Technology,7,Bahrain,Bahrain,Manama,2019-07-24,Active
4099,Customer 4099,Small Business,Hospitality,10,India South,India,Bengaluru,2020-08-25,Active
4100,Customer 4100,Small Business,Hospitality,7,Bahrain,Bahrain,Manama,2021-09-01,Dormant
4101,Customer 4101,Consumer,Education,3,Saudi Central,Saudi Arabia,Riyadh,2022-10-02,Active
4102,Customer 4102,Small Business,Construction,4,Saudi West,Saudi Arabia,Jeddah,2023-11-03,Active
4103,Customer 4103,Small Business,Financial Services,3,Saudi Central,Saudi Arabia,Riyadh,2024-12-04,Active
4104,Customer 4104,Small Business,Healthcare,1,UAE North,UAE,Dubai,2017-01-05,Dormant
4105,Customer 4105,Mid-Market,Construction,4,Saudi West,Saudi Arabia,Jeddah,2018-02-06,Active
4106,Customer 4106,Consumer,Healthcare,4,Saudi West,Saudi Arabia,Jeddah,2019-03-07,Active
4107,Customer 4107,Small Business,Government,3,Saudi Central,Saudi Arabia,Riyadh,2020-04-08,Active
4108,Customer 4108,Mid-Market,Healthcare,10,India South,India,Bengaluru,2021-05-09,Active
4109,Customer 4109,Mid-Market,Government,5,Qatar,Qatar,Doha,2022-06-10,Active
4110,Customer 4110,Mid-Market,Education,6,Kuwait,Kuwait,Kuwait City,2023-07-11,Dormant
4111,Customer 4111,Enterprise,Construction,7,Bahrain,Bahrain,Manama,2024-08-12,Active
4112,Customer 4112,Small Business,Retail,8,Oman,Oman,Muscat,2017-09-13,Dormant
4113,Customer 4113,Small Business,Financial Services,1,UAE North,UAE,Dubai,2018-10-14,Dormant
4114,Customer 4114,Consumer,Healthcare,2,UAE South,UAE,Abu Dhabi,2019-11-15,Active
4115,Customer 4115,Enterprise,Retail,7,Bahrain,Bahrain,Manama,2020-12-16,Dormant
4116,Customer 4116,Mid-Market,Hospitality,2,UAE South,UAE,Abu Dhabi,2021-01-17,Active
4117,Customer 4117,Mid-Market,Healthcare,9,India West,India,Mumbai,2022-02-18,Active
4118,Customer 4118,Small Business,Financial Services,8,Oman,Oman,Muscat,2023-03-19,Active
4119,Customer 4119,Consumer,Financial Services,9,India West,India,Mumbai,2024-04-20,Dormant
4120,Customer 4120,Mid-Market,Technology,4,Saudi West,Saudi Arabia,Jeddah,2017-05-21,Active
4121,Customer 4121,Mid-Market,Education,3,Saudi Central,Saudi Arabia,Riyadh,2018-06-22,Active
4122,Customer 4122,Consumer,Retail,3,Saudi Central,Saudi Arabia,Riyadh,2019-07-23,Active
4123,Customer 4123,Mid-Market,Healthcare,10,India South,India,Bengaluru,2020-08-24,Active
4124,Customer 4124,Consumer,Healthcare,9,India West,India,Mumbai,2021-09-25,Active
4125,Customer 4125,Consumer,Construction,3,Saudi Central,Saudi Arabia,Riyadh,2022-10-01,Dormant
4126,Customer 4126,Small Business,Construction,1,UAE North,UAE,Dubai,2023-11-02,Active
4127,Customer 4127,Small Business,Financial Services,6,Kuwait,Kuwait,Kuwait City,2024-12-03,Active
4128,Customer 4128,Consumer,Education,8,Oman,Oman,Muscat,2017-01-04,Active
4129,Customer 4129,Small Business,Technology,2,UAE South,UAE,Abu Dhabi,2018-02-05,Dormant
4130,Customer 4130,Mid-Market,Education,8,Oman,Oman,Muscat,2019-03-06,Active
4131,Customer 4131,Small Business,Education,8,Oman,Oman,Muscat,2020-04-07,Active
4132,Customer 4132,Small Business,Construction,2,UAE South,UAE,Abu Dhabi,2021-05-08,Active
4133,Customer 4133,Consumer,Hospitality,1,UAE North,UAE,Dubai,2022-06-09,Active
4134,Customer 4134,Mid-Market,Retail,7,Bahrain,Bahrain,Manama,2023-07-10,Active
4135,Customer 4135,Mid-Market,Government,7,Bahrain,Bahrain,Manama,2024-08-11,Active
4136,Customer 4136,Enterprise,Technology,7,Bahrain,Bahrain,Manama,2017-09-12,Dormant
4137,Customer 4137,Mid-Market,Technology,1,UAE North,UAE,Dubai,2018-10-13,Active
4138,Customer 4138,Consumer,Hospitality,3,Saudi Central,Saudi Arabia,Riyadh,2019-11-14,Active
4139,Customer 4139,Small Business,Technology,2,UAE South,UAE,Abu Dhabi,2020-12-15,Active
4140,Customer 4140,Small Business,Construction,2,UAE South,UAE,Abu Dhabi,2021-01-16,Active
4141,Customer 4141,Mid-Market,Hospitality,7,Bahrain,Bahrain,Manama,2022-02-17,Dormant
4142,Customer 4142,Consumer,Construction,10,India South,India,Bengaluru,2023-03-18,Dormant
4143,Customer 4143,Small Business,Healthcare,9,India West,India,Mumbai,2024-04-19,Active
4144,Customer 4144,Consumer,Healthcare,8,Oman,Oman,Muscat,2017-05-20,Active
4145,Customer 4145,Mid-Market,Healthcare,5,Qatar,Qatar,Doha,2018-06-21,Active
4146,Customer 4146,Small Business,Government,2,UAE South,UAE,Abu Dhabi,2019-07-22,Active
4147,Customer 4147,Consumer,Hospitality,3,Saudi Central,Saudi Arabia,Riyadh,2020-08-23,Active
4148,Customer 4148,Enterprise,Education,5,Qatar,Qatar,Doha,2021-09-24,Active
4149,Customer 4149,Consumer,Financial Services,7,Bahrain,Bahrain,Manama,2022-10-25,Dormant
4150,Customer 4150,Small Business,Government,9,India West,India,Mumbai,2023-11-01,Dormant
4151,Customer 4151,Small Business,Government,1,UAE North,UAE,Dubai,2024-12-02,Active
4152,Customer 4152,Mid-Market,Government,2,UAE South,UAE,Abu Dhabi,2017-01-03,Dormant
4153,Customer 4153,Enterprise,Healthcare,4,Saudi West,Saudi Arabia,Jeddah,2018-02-04,Active
4154,Customer 4154,Small Business,Retail,8,Oman,Oman,Muscat,2019-03-05,Dormant
4155,Customer 4155,Small Business,Government,6,Kuwait,Kuwait,Kuwait City,2020-04-06,Dormant
4156,Customer 4156,Mid-Market,Education,6,Kuwait,Kuwait,Kuwait City,2021-05-07,Active
4157,Customer 4157,Enterprise,Hospitality,4,Saudi West,Saudi Arabia,Jeddah,2022-06-08,Dormant
4158,Customer 4158,Mid-Market,Retail,6,Kuwait,Kuwait,Kuwait City,2023-07-09,Active
4159,Customer 4159,Mid-Market,Healthcare,3,Saudi Central,Saudi Arabia,Riyadh,2024-08-10,Active
4160,Customer 4160,Mid-Market,Hospitality,3,Saudi Central,Saudi Arabia,Riyadh,2017-09-11,Active
4161,Customer 4161,Consumer,Government,1,UAE North,UAE,Dubai,2018-10-12,Dormant
4162,Customer 4162,Consumer,Government,5,Qatar,Qatar,Doha,2019-11-13,Active
4163,Customer 4163,Enterprise,Retail,8,Oman,Oman,Muscat,2020-12-14,Active
4164,Customer 4164,Small Business,Government,3,Saudi Central,Saudi Arabia,Riyadh,2021-01-15,Dormant
4165,Customer 4165,Mid-Market,Financial Services,5,Qatar,Qatar,Doha,2022-02-16,Dormant
4166,Customer 4166,Mid-Market,Government,7,Bahrain,Bahrain,Manama,2023-03-17,Dormant
4167,Customer 4167,Consumer,Hospitality,5,Qatar,Qatar,Doha,2024-04-18,Dormant
4168,Customer 4168,Small Business,Construction,4,Saudi West,Saudi Arabia,Jeddah,2017-05-19,Dormant
4169,Customer 4169,Mid-Market,Construction,1,UAE North,UAE,Dubai,2018-06-20,Active
4170,Customer 4170,Small Business,Construction,1,UAE North,UAE,Dubai,2019-07-21,Active
4171,Customer 4171,Small Business,Retail,4,Saudi West,Saudi Arabia,Jeddah,2020-08-22,Dormant
4172,Customer 4172,Small Business,Healthcare,5,Qatar,Qatar,Doha,2021-09-23,Dormant
4173,Customer 4173,Enterprise,Construction,8,Oman,Oman,Muscat,2022-10-24,Active
4174,Customer 4174,Small Business,Education,10,India South,India,Bengaluru,2023-11-25,Active
4175,Customer 4175,Enterprise,Construction,4,Saudi West,Saudi Arabia,Jeddah,2024-12-01,Dormant
4176,Customer 4176,Mid-Market,Construction,1,UAE North,UAE,Dubai,2017-01-02,Active
4177,Customer 4177,Small Business,Government,3,Saudi Central,Saudi Arabia,Riyadh,2018-02-03,Dormant
4178,Customer 4178,Small Business,Education,4,Saudi West,Saudi Arabia,Jeddah,2019-03-04,Active
4179,Customer 4179,Small Business,Construction,6,Kuwait,Kuwait,Kuwait City,2020-04-05,Dormant
4180,Customer 4180,Consumer,Financial Services,6,Kuwait,Kuwait,Kuwait City,2021-05-06,Dormant
4181,Customer 4181,Mid-Market,Construction,4,Saudi West,Saudi Arabia,Jeddah,2022-06-07,Active
4182,Customer 4182,Consumer,Technology,5,Qatar,Qatar,Doha,2023-07-08,Active
4183,Customer 4183,Consumer,Technology,2,UAE South,UAE,Abu Dhabi,2024-08-09,Active
4184,Customer 4184,Small Business,Education,7,Bahrain,Bahrain,Manama,2017-09-10,Active
4185,Customer 4185,Mid-Market,Government,5,Qatar,Qatar,Doha,2018-10-11,Active
4186,Customer 4186,Small Business,Technology,4,Saudi West,Saudi Arabia,Jeddah,2019-11-12,Dormant
4187,Customer 4187,Enterprise,Healthcare,5,Qatar,Qatar,Doha,2020-12-13,Active
4188,Customer 4188,Enterprise,Construction,4,Saudi West,Saudi Arabia,Jeddah,2021-01-14,Dormant
4189,Customer 4189,Small Business,Government,3,Saudi Central,Saudi Arabia,Riyadh,2022-02-15,Active
4190,Customer 4190,Small Business,Technology,10,India South,India,Bengaluru,2023-03-16,Active
4191,Customer 4191,Mid-Market,Retail,4,Saudi West,Saudi Arabia,Jeddah,2024-04-17,Dormant
4192,Customer 4192,Enterprise,Healthcare,3,Saudi Central,Saudi Arabia,Riyadh,2017-05-18,Active
4193,Customer 4193,Consumer,Government,8,Oman,Oman,Muscat,2018-06-19,Active
4194,Customer 4194,Consumer,Construction,5,Qatar,Qatar,Doha,2019-07-20,Active
4195,Customer 4195,Small Business,Financial Services,5,Qatar,Qatar,Doha,2020-08-21,Active
4196,Customer 4196,Small Business,Healthcare,6,Kuwait,Kuwait,Kuwait City,2021-09-22,Active
4197,Customer 4197,Mid-Market,Retail,1,UAE North,UAE,Dubai,2022-10-23,Active
4198,Customer 4198,Small Business,Technology,5,Qatar,Qatar,Doha,2023-11-24,Dormant
4199,Customer 4199,Mid-Market,Education,2,UAE South,UAE,Abu Dhabi,2024-12-25,Active
4200,Customer 4200,Mid-Market,Construction,1,UAE North,UAE,Dubai,2017-01-01,Active
4201,Customer 4201,Consumer,Education,3,Saudi Central,Saudi Arabia,Riyadh,2018-02-02,Dormant
4202,Customer 4202,Consumer,Construction,6,Kuwait,Kuwait,Kuwait City,2019-03-03,Dormant
4203,Customer 4203,Mid-Market,Construction,4,Saudi West,Saudi Arabia,Jeddah,2020-04-04,Dormant
4204,Customer 4204,Small Business,Financial Services,1,UAE North,UAE,Dubai,2021-05-05,Active
4205,Customer 4205,Small Business,Hospitality,10,India South,India,Bengaluru,2022-06-06,Active
4206,Customer 4206,Small Business,Education,6,Kuwait,Kuwait,Kuwait City,2023-07-07,Active
4207,Customer 4207,Small Business,Education,6,Kuwait,Kuwait,Kuwait City,2024-08-08,Active
4208,Customer 4208,Mid-Market,Construction,2,UAE South,UAE,Abu Dhabi,2017-09-09,Active
4209,Customer 4209,Mid-Market,Healthcare,4,Saudi West,Saudi Arabia,Jeddah,2018-10-10,Active
4210,Customer 4210,Mid-Market,Healthcare,7,Bahrain,Bahrain,Manama,2019-11-11,Active
4211,Customer 4211,Mid-Market,Government,4,Saudi West,Saudi Arabia,Jeddah,2020-12-12,Active
4212,Customer 4212,Mid-Market,Education,3,Saudi Central,Saudi Arabia,Riyadh,2021-01-13,Active
4213,Customer 4213,Mid-Market,Government,1,UAE North,UAE,Dubai,2022-02-14,Dormant
4214,Customer 4214,Consumer,Financial Services,9,India West,India,Mumbai,2023-03-15,Active
4215,Customer 4215,Small Business,Construction,1,UAE North,UAE,Dubai,2024-04-16,Active
4216,Customer 4216,Consumer,Financial Services,10,India South,India,Bengaluru,2017-05-17,Active
4217,Customer 4217,Consumer,Hospitality,3,Saudi Central,Saudi Arabia,Riyadh,2018-06-18,Dormant
4218,Customer 4218,Consumer,Hospitality,8,Oman,Oman,Muscat,2019-07-19,Dormant
4219,Customer 4219,Mid-Market,Retail,5,Qatar,Qatar,Doha,2020-08-20,Active
4220,Customer 4220,Consumer,Retail,4,Saudi West,Saudi Arabia,Jeddah,2021-09-21,Active
4221,Customer 4221,Small Business,Construction,4,Saudi West,Saudi Arabia,Jeddah,2022-10-22,Active
4222,Customer 4222,Mid-Market,Technology,3,Saudi Central,Saudi Arabia,Riyadh,2023-11-23,Dormant
4223,Customer 4223,Mid-Market,Government,7,Bahrain,Bahrain,Manama,2024-12-24,Active
4224,Customer 4224,Mid-Market,Healthcare,3,Saudi Central,Saudi Arabia,Riyadh,2017-01-25,Active
4225,Customer 4225,Consumer,Retail,10,India South,India,Bengaluru,2018-02-01,Active
4226,Customer 4226,Mid-Market,Financial Services,1,UAE North,UAE,Dubai,2019-03-02,Active
4227,Customer 4227,Mid-Market,Retail,4,Saudi West,Saudi Arabia,Jeddah,2020-04-03,Active
4228,Customer 4228,Mid-Market,Technology,1,UAE North,UAE,Dubai,2021-05-04,Dormant
4229,Customer 4229,Small Business,Hospitality,8,Oman,Oman,Muscat,2022-06-05,Dormant
4230,Customer 4230,Mid-Market,Retail,8,Oman,Oman,Muscat,2023-07-06,Dormant
4231,Customer 4231,Mid-Market,Government,7,Bahrain,Bahrain,Manama,2024-08-07,Active
4232,Customer 4232,Mid-Market,Retail,6,Kuwait,Kuwait,Kuwait City,2017-09-08,Active
4233,Customer 4233,Small Business,Education,5,Qatar,Qatar,Doha,2018-10-09,Active
4234,Customer 4234,Consumer,Healthcare,2,UAE South,UAE,Abu Dhabi,2019-11-10,Active
4235,Customer 4235,Small Business,Technology,10,India South,India,Bengaluru,2020-12-11,Dormant
4236,Customer 4236,Mid-Market,Education,3,Saudi Central,Saudi Arabia,Riyadh,2021-01-12,Active
4237,Customer 4237,Enterprise,Technology,3,Saudi Central,Saudi Arabia,Riyadh,2022-02-13,Dormant
4238,Customer 4238,Consumer,Retail,2,UAE South,UAE,Abu Dhabi,2023-03-14,Active
4239,Customer 4239,Consumer,Healthcare,8,Oman,Oman,Muscat,2024-04-15,Active
4240,Customer 4240,Enterprise,Construction,5,Qatar,Qatar,Doha,2017-05-16,Active
4241,Customer 4241,Consumer,Financial Services,8,Oman,Oman,Muscat,2018-06-17,Active
4242,Customer 4242,Small Business,Hospitality,9,India West,India,Mumbai,2019-07-18,Dormant
4243,Customer 4243,Mid-Market,Technology,8,Oman,Oman,Muscat,2020-08-19,Dormant
4244,Customer 4244,Small Business,Healthcare,2,UAE South,UAE,Abu Dhabi,2021-09-20,Active
4245,Customer 4245,Small Business,Education,1,UAE North,UAE,Dubai,2022-10-21,Dormant
4246,Customer 4246,Consumer,Government,3,Saudi Central,Saudi Arabia,Riyadh,2023-11-22,Active
4247,Customer 4247,Small Business,Hospitality,6,Kuwait,Kuwait,Kuwait City,2024-12-23,Active
4248,Customer 4248,Mid-Market,Retail,3,Saudi Central,Saudi Arabia,Riyadh,2017-01-24,Active
4249,Customer 4249,Small Business,Technology,7,Bahrain,Bahrain,Manama,2018-02-25,Active
4250,Customer 4250,Consumer,Healthcare,9,India West,India,Mumbai,2019-03-01,Active
4251,Customer 4251,Mid-Market,Education,8,Oman,Oman,Muscat,2020-04-02,Dormant
4252,Customer 4252,Consumer,Hospitality,10,India South,India,Bengaluru,2021-05-03,Active
4253,Customer 4253,Mid-Market,Hospitality,2,UAE South,UAE,Abu Dhabi,2022-06-04,Active
4254,Customer 4254,Small Business,Retail,2,UAE South,UAE,Abu Dhabi,2023-07-05,Active
4255,Customer 4255,Consumer,Financial Services,6,Kuwait,Kuwait,Kuwait City,2024-08-06,Active
4256,Customer 4256,Small Business,Retail,2,UAE South,UAE,Abu Dhabi,2017-09-07,Dormant
4257,Customer 4257,Small Business,Education,5,Qatar,Qatar,Doha,2018-10-08,Active
4258,Customer 4258,Enterprise,Technology,6,Kuwait,Kuwait,Kuwait City,2019-11-09,Active
4259,Customer 4259,Small Business,Hospitality,3,Saudi Central,Saudi Arabia,Riyadh,2020-12-10,Dormant
4260,Customer 4260,Mid-Market,Healthcare,2,UAE South,UAE,Abu Dhabi,2021-01-11,Dormant
4261,Customer 4261,Consumer,Education,7,Bahrain,Bahrain,Manama,2022-02-12,Active
4262,Customer 4262,Small Business,Healthcare,9,India West,India,Mumbai,2023-03-13,Active
4263,Customer 4263,Consumer,Healthcare,6,Kuwait,Kuwait,Kuwait City,2024-04-14,Active
4264,Customer 4264,Small Business,Financial Services,2,UAE South,UAE,Abu Dhabi,2017-05-15,Active
4265,Customer 4265,Small Business,Financial Services,5,Qatar,Qatar,Doha,2018-06-16,Active
4266,Customer 4266,Consumer,Retail,4,Saudi West,Saudi Arabia,Jeddah,2019-07-17,Active
4267,Customer 4267,Consumer,Technology,4,Saudi West,Saudi Arabia,Jeddah,2020-08-18,Active
4268,Customer 4268,Consumer,Retail,8,Oman,Oman,Muscat,2021-09-19,Active
4269,Customer 4269,Consumer,Government,9,India West,India,Mumbai,2022-10-20,Active
4270,Customer 4270,Mid-Market,Retail,1,UAE North,UAE,Dubai,2023-11-21,Active
4271,Customer 4271,Consumer,Financial Services,1,UAE North,UAE,Dubai,2024-12-22,Active
4272,Customer 4272,Small Business,Construction,2,UAE South,UAE,Abu Dhabi,2017-01-23,Active
4273,Customer 4273,Small Business,Healthcare,8,Oman,Oman,Muscat,2018-02-24,Dormant
4274,Customer 4274,Small Business,Education,7,Bahrain,Bahrain,Manama,2019-03-25,Active
4275,Customer 4275,Consumer,Financial Services,10,India South,India,Bengaluru,2020-04-01,Active
4276,Customer 4276,Mid-Market,Government,5,Qatar,Qatar,Doha,2021-05-02,Dormant
4277,Customer 4277,Consumer,Healthcare,6,Kuwait,Kuwait,Kuwait City,2022-06-03,Active
4278,Customer 4278,Mid-Market,Financial Services,10,India South,India,Bengaluru,2023-07-04,Active
4279,Customer 4279,Mid-Market,Hospitality,7,Bahrain,Bahrain,Manama,2024-08-05,Active
4280,Customer 4280,Mid-Market,Construction,10,India South,India,Bengaluru,2017-09-06,Active
4281,Customer 4281,Small Business,Hospitality,3,Saudi Central,Saudi Arabia,Riyadh,2018-10-07,Active
4282,Customer 4282,Consumer,Financial Services,6,Kuwait,Kuwait,Kuwait City,2019-11-08,Active
4283,Customer 4283,Mid-Market,Construction,1,UAE North,UAE,Dubai,2020-12-09,Active
4284,Customer 4284,Small Business,Financial Services,10,India South,India,Bengaluru,2021-01-10,Active
4285,Customer 4285,Small Business,Healthcare,8,Oman,Oman,Muscat,2022-02-11,Dormant
4286,Customer 4286,Consumer,Technology,3,Saudi Central,Saudi Arabia,Riyadh,2023-03-12,Active
4287,Customer 4287,Small Business,Hospitality,1,UAE North,UAE,Dubai,2024-04-13,Active
4288,Customer 4288,Small Business,Retail,5,Qatar,Qatar,Doha,2017-05-14,Active
4289,Customer 4289,Mid-Market,Hospitality,2,UAE South,UAE,Abu Dhabi,2018-06-15,Active
4290,Customer 4290,Consumer,Retail,9,India West,India,Mumbai,2019-07-16,Active
4291,Customer 4291,Small Business,Education,5,Qatar,Qatar,Doha,2020-08-17,Active
4292,Customer 4292,Consumer,Hospitality,2,UAE South,UAE,Abu Dhabi,2021-09-18,Active
4293,Customer 4293,Enterprise,Healthcare,3,Saudi Central,Saudi Arabia,Riyadh,2022-10-19,Active
4294,Customer 4294,Consumer,Hospitality,6,Kuwait,Kuwait,Kuwait City,2023-11-20,Active
4295,Customer 4295,Mid-Market,Financial Services,9,India West,India,Mumbai,2024-12-21,Dormant
4296,Customer 4296,Small Business,Financial Services,9,India West,India,Mumbai,2017-01-22,Active
4297,Customer 4297,Enterprise,Hospitality,1,UAE North,UAE,Dubai,2018-02-23,Active
4298,Customer 4298,Small Business,Retail,5,Qatar,Qatar,Doha,2019-03-24,Dormant
4299,Customer 4299,Consumer,Healthcare,5,Qatar,Qatar,Doha,2020-04-25,Active
4300,Customer 4300,Consumer,Healthcare,1,UAE North,UAE,Dubai,2021-05-01,Dormant
4301,Customer 4301,Small Business,Government,8,Oman,Oman,Muscat,2022-06-02,Active
4302,Customer 4302,Small Business,Financial Services,6,Kuwait,Kuwait,Kuwait City,2023-07-03,Dormant
4303,Customer 4303,Consumer,Financial Services,5,Qatar,Qatar,Doha,2024-08-04,Active
4304,Customer 4304,Small Business,Healthcare,2,UAE South,UAE,Abu Dhabi,2017-09-05,Active
4305,Customer 4305,Small Business,Hospitality,5,Qatar,Qatar,Doha,2018-10-06,Active
4306,Customer 4306,Consumer,Healthcare,7,Bahrain,Bahrain,Manama,2019-11-07,Active
4307,Customer 4307,Mid-Market,Technology,4,Saudi West,Saudi Arabia,Jeddah,2020-12-08,Active
4308,Customer 4308,Mid-Market,Technology,1,UAE North,UAE,Dubai,2021-01-09,Active
4309,Customer 4309,Mid-Market,Government,2,UAE South,UAE,Abu Dhabi,2022-02-10,Active
4310,Customer 4310,Small Business,Government,2,UAE South,UAE,Abu Dhabi,2023-03-11,Active
4311,Customer 4311,Small Business,Technology,7,Bahrain,Bahrain,Manama,2024-04-12,Active
4312,Customer 4312,Small Business,Education,3,Saudi Central,Saudi Arabia,Riyadh,2017-05-13,Active
4313,Customer 4313,Enterprise,Education,9,India West,India,Mumbai,2018-06-14,Dormant
4314,Customer 4314,Small Business,Healthcare,7,Bahrain,Bahrain,Manama,2019-07-15,Active
4315,Customer 4315,Enterprise,Education,1,UAE North,UAE,Dubai,2020-08-16,Active
4316,Customer 4316,Mid-Market,Financial Services,9,India West,India,Mumbai,2021-09-17,Active
4317,Customer 4317,Enterprise,Retail,2,UAE South,UAE,Abu Dhabi,2022-10-18,Active
4318,Customer 4318,Mid-Market,Education,3,Saudi Central,Saudi Arabia,Riyadh,2023-11-19,Active
4319,Customer 4319,Small Business,Healthcare,6,Kuwait,Kuwait,Kuwait City,2024-12-20,Dormant
4320,Customer 4320,Mid-Market,Retail,10,India South,India,Bengaluru,2017-01-21,Active
4321,Customer 4321,Small Business,Financial Services,8,Oman,Oman,Muscat,2018-02-22,Active
4322,Customer 4322,Consumer,Education,8,Oman,Oman,Muscat,2019-03-23,Active
4323,Customer 4323,Consumer,Education,3,Saudi Central,Saudi Arabia,Riyadh,2020-04-24,Dormant
4324,Customer 4324,Mid-Market,Government,4,Saudi West,Saudi Arabia,Jeddah,2021-05-25,Dormant
4325,Customer 4325,Small Business,Hospitality,2,UAE South,UAE,Abu Dhabi,2022-06-01,Dormant
4326,Customer 4326,Small Business,Hospitality,3,Saudi Central,Saudi Arabia,Riyadh,2023-07-02,Active
4327,Customer 4327,Small Business,Hospitality,7,Bahrain,Bahrain,Manama,2024-08-03,Active
4328,Customer 4328,Mid-Market,Healthcare,2,UAE South,UAE,Abu Dhabi,2017-09-04,Active
4329,Customer 4329,Consumer,Healthcare,4,Saudi West,Saudi Arabia,Jeddah,2018-10-05,Active
4330,Customer 4330,Consumer,Education,9,India West,India,Mumbai,2019-11-06,Active
4331,Customer 4331,Small Business,Hospitality,3,Saudi Central,Saudi Arabia,Riyadh,2020-12-07,Dormant
4332,Customer 4332,Consumer,Retail,6,Kuwait,Kuwait,Kuwait City,2021-01-08,Dormant
4333,Customer 4333,Small Business,Hospitality,8,Oman,Oman,Muscat,2022-02-09,Active
4334,Customer 4334,Consumer,Construction,7,Bahrain,Bahrain,Manama,2023-03-10,Active
4335,Customer 4335,Small Business,Hospitality,1,UAE North,UAE,Dubai,2024-04-11,Active
4336,Customer 4336,Consumer,Healthcare,4,Saudi West,Saudi Arabia,Jeddah,2017-05-12,Dormant
4337,Customer 4337,Small Business,Financial Services,10,India South,India,Bengaluru,2018-06-13,Active
4338,Customer 4338,Consumer,Hospitality,8,Oman,Oman,Muscat,2019-07-14,Active
4339,Customer 4339,Small Business,Education,10,India South,India,Bengaluru,2020-08-15,Active
4340,Customer 4340,Small Business,Healthcare,6,Kuwait,Kuwait,Kuwait City,2021-09-16,Active
4341,Customer 4341,Consumer,Financial Services,3,Saudi Central,Saudi Arabia,Riyadh,2022-10-17,Active
4342,Customer 4342,Small Business,Healthcare,7,Bahrain,Bahrain,Manama,2023-11-18,Active
4343,Customer 4343,Consumer,Healthcare,10,India South,India,Bengaluru,2024-12-19,Active
4344,Customer 4344,Mid-Market,Healthcare,8,Oman,Oman,Muscat,2017-01-20,Active
4345,Customer 4345,Mid-Market,Technology,6,Kuwait,Kuwait,Kuwait City,2018-02-21,Dormant
4346,Customer 4346,Consumer,Technology,1,UAE North,UAE,Dubai,2019-03-22,Active
4347,Customer 4347,Consumer,Retail,10,India South,India,Bengaluru,2020-04-23,Dormant
4348,Customer 4348,Small Business,Healthcare,5,Qatar,Qatar,Doha,2021-05-24,Dormant
4349,Customer 4349,Small Business,Technology,7,Bahrain,Bahrain,Manama,2022-06-25,Active
4350,Customer 4350,Small Business,Financial Services,8,Oman,Oman,Muscat,2023-07-01,Dormant
4351,Customer 4351,Small Business,Government,1,UAE North,UAE,Dubai,2024-08-02,Active
4352,Customer 4352,Mid-Market,Construction,8,Oman,Oman,Muscat,2017-09-03,Active
4353,Customer 4353,Mid-Market,Education,7,Bahrain,Bahrain,Manama,2018-10-04,Active
4354,Customer 4354,Small Business,Education,2,UAE South,UAE,Abu Dhabi,2019-11-05,Active
4355,Customer 4355,Small Business,Construction,8,Oman,Oman,Muscat,2020-12-06,Active
4356,Customer 4356,Consumer,Hospitality,7,Bahrain,Bahrain,Manama,2021-01-07,Dormant
4357,Customer 4357,Consumer,Retail,5,Qatar,Qatar,Doha,2022-02-08,Active
4358,Customer 4358,Mid-Market,Healthcare,5,Qatar,Qatar,Doha,2023-03-09,Dormant
4359,Customer 4359,Mid-Market,Healthcare,1,UAE North,UAE,Dubai,2024-04-10,Active
4360,Customer 4360,Mid-Market,Healthcare,1,UAE North,UAE,Dubai,2017-05-11,Dormant
4361,Customer 4361,Small Business,Technology,1,UAE North,UAE,Dubai,2018-06-12,Active
4362,Customer 4362,Consumer,Healthcare,1,UAE North,UAE,Dubai,2019-07-13,Active
4363,Customer 4363,Consumer,Construction,9,India West,India,Mumbai,2020-08-14,Active
4364,Customer 4364,Enterprise,Education,4,Saudi West,Saudi Arabia,Jeddah,2021-09-15,Active
4365,Customer 4365,Small Business,Education,6,Kuwait,Kuwait,Kuwait City,2022-10-16,Dormant
4366,Customer 4366,Consumer,Hospitality,5,Qatar,Qatar,Doha,2023-11-17,Active
4367,Customer 4367,Consumer,Education,7,Bahrain,Bahrain,Manama,2024-12-18,Active
4368,Customer 4368,Consumer,Government,3,Saudi Central,Saudi Arabia,Riyadh,2017-01-19,Active
4369,Customer 4369,Enterprise,Education,1,UAE North,UAE,Dubai,2018-02-20,Active
4370,Customer 4370,Consumer,Financial Services,6,Kuwait,Kuwait,Kuwait City,2019-03-21,Active
4371,Customer 4371,Consumer,Construction,10,India South,India,Bengaluru,2020-04-22,Active
4372,Customer 4372,Consumer,Construction,1,UAE North,UAE,Dubai,2021-05-23,Dormant
4373,Customer 4373,Enterprise,Technology,5,Qatar,Qatar,Doha,2022-06-24,Active
4374,Customer 4374,Consumer,Technology,8,Oman,Oman,Muscat,2023-07-25,Dormant
4375,Customer 4375,Small Business,Government,8,Oman,Oman,Muscat,2024-08-01,Active
4376,Customer 4376,Small Business,Healthcare,2,UAE South,UAE,Abu Dhabi,2017-09-02,Dormant
4377,Customer 4377,Enterprise,Education,1,UAE North,UAE,Dubai,2018-10-03,Dormant
4378,Customer 4378,Consumer,Hospitality,6,Kuwait,Kuwait,Kuwait City,2019-11-04,Active
4379,Customer 4379,Mid-Market,Technology,4,Saudi West,Saudi Arabia,Jeddah,2020-12-05,Active
4380,Customer 4380,Mid-Market,Retail,5,Qatar,Qatar,Doha,2021-01-06,Dormant
4381,Customer 4381,Mid-Market,Construction,8,Oman,Oman,Muscat,2022-02-07,Dormant
4382,Customer 4382,Consumer,Financial Services,9,India West,India,Mumbai,2023-03-08,Active
4383,Customer 4383,Mid-Market,Retail,3,Saudi Central,Saudi Arabia,Riyadh,2024-04-09,Dormant
4384,Customer 4384,Consumer,Healthcare,3,Saudi Central,Saudi Arabia,Riyadh,2017-05-10,Active
4385,Customer 4385,Consumer,Financial Services,6,Kuwait,Kuwait,Kuwait City,2018-06-11,Dormant
4386,Customer 4386,Mid-Market,Financial Services,3,Saudi Central,Saudi Arabia,Riyadh,2019-07-12,Active
4387,Customer 4387,Consumer,Healthcare,3,Saudi Central,Saudi Arabia,Riyadh,2020-08-13,Active
4388,Customer 4388,Enterprise,Education,10,India South,India,Bengaluru,2021-09-14,Active
4389,Customer 4389,Small Business,Retail,5,Qatar,Qatar,Doha,2022-10-15,Active
4390,Customer 4390,Mid-Market,Financial Services,8,Oman,Oman,Muscat,2023-11-16,Active
4391,Customer 4391,Mid-Market,Construction,9,India West,India,Mumbai,2024-12-17,Active
4392,Customer 4392,Mid-Market,Financial Services,10,India South,India,Bengaluru,2017-01-18,Active
4393,Customer 4393,Enterprise,Education,3,Saudi Central,Saudi Arabia,Riyadh,2018-02-19,Active
4394,Customer 4394,Enterprise,Hospitality,6,Kuwait,Kuwait,Kuwait City,2019-03-20,Active
4395,Customer 4395,Mid-Market,Construction,5,Qatar,Qatar,Doha,2020-04-21,Active
4396,Customer 4396,Mid-Market,Retail,2,UAE South,UAE,Abu Dhabi,2021-05-22,Active
4397,Customer 4397,Small Business,Healthcare,4,Saudi West,Saudi Arabia,Jeddah,2022-06-23,Active
4398,Customer 4398,Consumer,Government,2,UAE South,UAE,Abu Dhabi,2023-07-24,Active
4399,Customer 4399,Small Business,Government,3,Saudi Central,Saudi Arabia,Riyadh,2024-08-25,Dormant
4400,Customer 4400,Small Business,Technology,3,Saudi Central,Saudi Arabia,Riyadh,2017-09-01,Active
4401,Customer 4401,Mid-Market,Construction,10,India South,India,Bengaluru,2018-10-02,Active
4402,Customer 4402,Mid-Market,Healthcare,9,India West,India,Mumbai,2019-11-03,Active
4403,Customer 4403,Small Business,Construction,3,Saudi Central,Saudi Arabia,Riyadh,2020-12-04,Active
4404,Customer 4404,Enterprise,Hospitality,6,Kuwait,Kuwait,Kuwait City,2021-01-05,Active
4405,Customer 4405,Mid-Market,Hospitality,8,Oman,Oman,Muscat,2022-02-06,Dormant
4406,Customer 4406,Enterprise,Retail,2,UAE South,UAE,Abu Dhabi,2023-03-07,Active
4407,Customer 4407,Mid-Market,Hospitality,6,Kuwait,Kuwait,Kuwait City,2024-04-08,Active
4408,Customer 4408,Small Business,Technology,8,Oman,Oman,Muscat,2017-05-09,Dormant
4409,Customer 4409,Consumer,Education,4,Saudi West,Saudi Arabia,Jeddah,2018-06-10,Active
4410,Customer 4410,Mid-Market,Technology,3,Saudi Central,Saudi Arabia,Riyadh,2019-07-11,Active
4411,Customer 4411,Enterprise,Technology,8,Oman,Oman,Muscat,2020-08-12,Dormant
4412,Customer 4412,Mid-Market,Education,4,Saudi West,Saudi Arabia,Jeddah,2021-09-13,Active
4413,Customer 4413,Mid-Market,Retail,6,Kuwait,Kuwait,Kuwait City,2022-10-14,Active
4414,Customer 4414,Mid-Market,Education,4,Saudi West,Saudi Arabia,Jeddah,2023-11-15,Dormant
4415,Customer 4415,Consumer,Hospitality,2,UAE South,UAE,Abu Dhabi,2024-12-16,Active
4416,Customer 4416,Consumer,Healthcare,4,Saudi West,Saudi Arabia,Jeddah,2017-01-17,Dormant
4417,Customer 4417,Small Business,Healthcare,1,UAE North,UAE,Dubai,2018-02-18,Active
4418,Customer 4418,Consumer,Government,6,Kuwait,Kuwait,Kuwait City,2019-03-19,Dormant
4419,Customer 4419,Enterprise,Financial Services,4,Saudi West,Saudi Arabia,Jeddah,2020-04-20,Active
4420,Customer 4420,Small Business,Construction,6,Kuwait,Kuwait,Kuwait City,2021-05-21,Active
4421,Customer 4421,Small Business,Technology,2,UAE South,UAE,Abu Dhabi,2022-06-22,Dormant
4422,Customer 4422,Consumer,Education,6,Kuwait,Kuwait,Kuwait City,2023-07-23,Active
4423,Customer 4423,Small Business,Retail,4,Saudi West,Saudi Arabia,Jeddah,2024-08-24,Active
4424,Customer 4424,Small Business,Hospitality,9,India West,India,Mumbai,2017-09-25,Active
4425,Customer 4425,Small Business,Education,7,Bahrain,Bahrain,Manama,2018-10-01,Active
4426,Customer 4426,Consumer,Government,5,Qatar,Qatar,Doha,2019-11-02,Active
4427,Customer 4427,Small Business,Financial Services,8,Oman,Oman,Muscat,2020-12-03,Active
4428,Customer 4428,Consumer,Hospitality,10,India South,India,Bengaluru,2021-01-04,Active
4429,Customer 4429,Mid-Market,Financial Services,4,Saudi West,Saudi Arabia,Jeddah,2022-02-05,Active
4430,Customer 4430,Small Business,Technology,10,India South,India,Bengaluru,2023-03-06,Dormant
4431,Customer 4431,Mid-Market,Construction,7,Bahrain,Bahrain,Manama,2024-04-07,Active
4432,Customer 4432,Small Business,Retail,10,India South,India,Bengaluru,2017-05-08,Active
4433,Customer 4433,Enterprise,Construction,2,UAE South,UAE,Abu Dhabi,2018-06-09,Dormant
4434,Customer 4434,Small Business,Education,4,Saudi West,Saudi Arabia,Jeddah,2019-07-10,Active
4435,Customer 4435,Enterprise,Hospitality,3,Saudi Central,Saudi Arabia,Riyadh,2020-08-11,Dormant
4436,Customer 4436,Mid-Market,Technology,9,India West,India,Mumbai,2021-09-12,Active
4437,Customer 4437,Small Business,Technology,5,Qatar,Qatar,Doha,2022-10-13,Dormant
4438,Customer 4438,Small Business,Healthcare,10,India South,India,Bengaluru,2023-11-14,Active
4439,Customer 4439,Mid-Market,Construction,8,Oman,Oman,Muscat,2024-12-15,Active
4440,Customer 4440,Consumer,Retail,9,India West,India,Mumbai,2017-01-16,Active
4441,Customer 4441,Enterprise,Government,3,Saudi Central,Saudi Arabia,Riyadh,2018-02-17,Active
4442,Customer 4442,Mid-Market,Education,3,Saudi Central,Saudi Arabia,Riyadh,2019-03-18,Dormant
4443,Customer 4443,Small Business,Construction,2,UAE South,UAE,Abu Dhabi,2020-04-19,Active
4444,Customer 4444,Consumer,Hospitality,5,Qatar,Qatar,Doha,2021-05-20,Active
4445,Customer 4445,Small Business,Healthcare,4,Saudi West,Saudi Arabia,Jeddah,2022-06-21,Dormant
4446,Customer 4446,Enterprise,Healthcare,9,India West,India,Mumbai,2023-07-22,Active
4447,Customer 4447,Mid-Market,Construction,1,UAE North,UAE,Dubai,2024-08-23,Dormant
4448,Customer 4448,Enterprise,Hospitality,9,India West,India,Mumbai,2017-09-24,Active
4449,Customer 4449,Consumer,Government,10,India South,India,Bengaluru,2018-10-25,Active
4450,Customer 4450,Consumer,Construction,5,Qatar,Qatar,Doha,2019-11-01,Active
4451,Customer 4451,Consumer,Healthcare,1,UAE North,UAE,Dubai,2020-12-02,Active
4452,Customer 4452,Small Business,Retail,8,Oman,Oman,Muscat,2021-01-03,Active
4453,Customer 4453,Mid-Market,Financial Services,6,Kuwait,Kuwait,Kuwait City,2022-02-04,Dormant
4454,Customer 4454,Mid-Market,Construction,10,India South,India,Bengaluru,2023-03-05,Active
4455,Customer 4455,Consumer,Retail,6,Kuwait,Kuwait,Kuwait City,2024-04-06,Dormant
4456,Customer 4456,Consumer,Construction,1,UAE North,UAE,Dubai,2017-05-07,Active
4457,Customer 4457,Small Business,Retail,3,Saudi Central,Saudi Arabia,Riyadh,2018-06-08,Active
4458,Customer 4458,Small Business,Hospitality,2,UAE South,UAE,Abu Dhabi,2019-07-09,Active
4459,Customer 4459,Consumer,Healthcare,4,Saudi West,Saudi Arabia,Jeddah,2020-08-10,Dormant
4460,Customer 4460,Mid-Market,Construction,5,Qatar,Qatar,Doha,2021-09-11,Active
4461,Customer 4461,Mid-Market,Financial Services,2,UAE South,UAE,Abu Dhabi,2022-10-12,Active
4462,Customer 4462,Enterprise,Construction,10,India South,India,Bengaluru,2023-11-13,Active
4463,Customer 4463,Consumer,Retail,9,India West,India,Mumbai,2024-12-14,Active
4464,Customer 4464,Enterprise,Healthcare,6,Kuwait,Kuwait,Kuwait City,2017-01-15,Active
4465,Customer 4465,Consumer,Education,4,Saudi West,Saudi Arabia,Jeddah,2018-02-16,Dormant
4466,Customer 4466,Consumer,Government,2,UAE South,UAE,Abu Dhabi,2019-03-17,Active
4467,Customer 4467,Consumer,Healthcare,7,Bahrain,Bahrain,Manama,2020-04-18,Dormant
4468,Customer 4468,Mid-Market,Construction,2,UAE South,UAE,Abu Dhabi,2021-05-19,Dormant
4469,Customer 4469,Mid-Market,Construction,10,India South,India,Bengaluru,2022-06-20,Active
4470,Customer 4470,Enterprise,Retail,10,India South,India,Bengaluru,2023-07-21,Active
4471,Customer 4471,Mid-Market,Financial Services,9,India West,India,Mumbai,2024-08-22,Active
4472,Customer 4472,Small Business,Technology,6,Kuwait,Kuwait,Kuwait City,2017-09-23,Dormant
4473,Customer 4473,Enterprise,Construction,4,Saudi West,Saudi Arabia,Jeddah,2018-10-24,Dormant
4474,Customer 4474,Mid-Market,Government,7,Bahrain,Bahrain,Manama,2019-11-25,Active
4475,Customer 4475,Mid-Market,Hospitality,6,Kuwait,Kuwait,Kuwait City,2020-12-01,Active
4476,Customer 4476,Mid-Market,Financial Services,7,Bahrain,Bahrain,Manama,2021-01-02,Active
4477,Customer 4477,Consumer,Education,3,Saudi Central,Saudi Arabia,Riyadh,2022-02-03,Dormant
4478,Customer 4478,Mid-Market,Retail,8,Oman,Oman,Muscat,2023-03-04,Active
4479,Customer 4479,Small Business,Financial Services,9,India West,India,Mumbai,2024-04-05,Dormant
4480,Customer 4480,Mid-Market,Education,1,UAE North,UAE,Dubai,2017-05-06,Active
4481,Customer 4481,Small Business,Financial Services,3,Saudi Central,Saudi Arabia,Riyadh,2018-06-07,Active
4482,Customer 4482,Enterprise,Financial Services,5,Qatar,Qatar,Doha,2019-07-08,Active
4483,Customer 4483,Consumer,Government,1,UAE North,UAE,Dubai,2020-08-09,Active
4484,Customer 4484,Mid-Market,Technology,4,Saudi West,Saudi Arabia,Jeddah,2021-09-10,Dormant
4485,Customer 4485,Enterprise,Construction,5,Qatar,Qatar,Doha,2022-10-11,Active
4486,Customer 4486,Mid-Market,Retail,1,UAE North,UAE,Dubai,2023-11-12,Active
4487,Customer 4487,Consumer,Retail,8,Oman,Oman,Muscat,2024-12-13,Active
4488,Customer 4488,Small Business,Education,3,Saudi Central,Saudi Arabia,Riyadh,2017-01-14,Dormant
4489,Customer 4489,Consumer,Hospitality,3,Saudi Central,Saudi Arabia,Riyadh,2018-02-15,Active
4490,Customer 4490,Small Business,Government,5,Qatar,Qatar,Doha,2019-03-16,Active
4491,Customer 4491,Consumer,Education,9,India West,India,Mumbai,2020-04-17,Active
4492,Customer 4492,Consumer,Financial Services,4,Saudi West,Saudi Arabia,Jeddah,2021-05-18,Active
4493,Customer 4493,Small Business,Technology,7,Bahrain,Bahrain,Manama,2022-06-19,Active
4494,Customer 4494,Mid-Market,Technology,10,India South,India,Bengaluru,2023-07-20,Dormant
4495,Customer 4495,Consumer,Construction,5,Qatar,Qatar,Doha,2024-08-21,Active
4496,Customer 4496,Consumer,Construction,4,Saudi West,Saudi Arabia,Jeddah,2017-09-22,Dormant
4497,Customer 4497,Consumer,Hospitality,3,Saudi Central,Saudi Arabia,Riyadh,2018-10-23,Dormant
4498,Customer 4498,Consumer,Retail,5,Qatar,Qatar,Doha,2019-11-24,Dormant
4499,Customer 4499,Consumer,Hospitality,9,India West,India,Mumbai,2020-12-25,Active
4500,Customer 4500,Consumer,Technology,7,Bahrain,Bahrain,Manama,2021-01-01,Active
4501,Customer 4501,Mid-Market,Education,4,Saudi West,Saudi Arabia,Jeddah,2022-02-02,Active
4502,Customer 4502,Small Business,Government,9,India West,India,Mumbai,2023-03-03,Dormant
4503,Customer 4503,Consumer,Education,6,Kuwait,Kuwait,Kuwait City,2024-04-04,Active
4504,Customer 4504,Small Business,Government,4,Saudi West,Saudi Arabia,Jeddah,2017-05-05,Dormant
4505,Customer 4505,Consumer,Hospitality,1,UAE North,UAE,Dubai,2018-06-06,Active
4506,Customer 4506,Small Business,Hospitality,1,UAE North,UAE,Dubai,2019-07-07,Active
4507,Customer 4507,Small Business,Financial Services,4,Saudi West,Saudi Arabia,Jeddah,2020-08-08,Active
4508,Customer 4508,Small Business,Financial Services,3,Saudi Central,Saudi Arabia,Riyadh,2021-09-09,Active
4509,Customer 4509,Mid-Market,Healthcare,6,Kuwait,Kuwait,Kuwait City,2022-10-10,Active
4510,Customer 4510,Enterprise,Healthcare,5,Qatar,Qatar,Doha,2023-11-11,Active
4511,Customer 4511,Small Business,Construction,2,UAE South,UAE,Abu Dhabi,2024-12-12,Dormant
4512,Customer 4512,Mid-Market,Technology,8,Oman,Oman,Muscat,2017-01-13,Active
4513,Customer 4513,Enterprise,Government,2,UAE South,UAE,Abu Dhabi,2018-02-14,Active
4514,Customer 4514,Small Business,Healthcare,2,UAE South,UAE,Abu Dhabi,2019-03-15,Active
4515,Customer 4515,Consumer,Education,6,Kuwait,Kuwait,Kuwait City,2020-04-16,Active
4516,Customer 4516,Small Business,Technology,1,UAE North,UAE,Dubai,2021-05-17,Active
4517,Customer 4517,Mid-Market,Technology,3,Saudi Central,Saudi Arabia,Riyadh,2022-06-18,Dormant
4518,Customer 4518,Small Business,Government,1,UAE North,UAE,Dubai,2023-07-19,Active
4519,Customer 4519,Consumer,Financial Services,7,Bahrain,Bahrain,Manama,2024-08-20,Active
4520,Customer 4520,Mid-Market,Hospitality,3,Saudi Central,Saudi Arabia,Riyadh,2017-09-21,Dormant
4521,Customer 4521,Consumer,Healthcare,5,Qatar,Qatar,Doha,2018-10-22,Active
4522,Customer 4522,Mid-Market,Education,1,UAE North,UAE,Dubai,2019-11-23,Active
4523,Customer 4523,Enterprise,Retail,7,Bahrain,Bahrain,Manama,2020-12-24,Active
4524,Customer 4524,Mid-Market,Financial Services,4,Saudi West,Saudi Arabia,Jeddah,2021-01-25,Active
4525,Customer 4525,Mid-Market,Government,7,Bahrain,Bahrain,Manama,2022-02-01,Active
4526,Customer 4526,Small Business,Government,3,Saudi Central,Saudi Arabia,Riyadh,2023-03-02,Active
4527,Customer 4527,Consumer,Healthcare,1,UAE North,UAE,Dubai,2024-04-03,Active
4528,Customer 4528,Small Business,Education,1,UAE North,UAE,Dubai,2017-05-04,Dormant
4529,Customer 4529,Consumer,Hospitality,7,Bahrain,Bahrain,Manama,2018-06-05,Active
4530,Customer 4530,Small Business,Retail,4,Saudi West,Saudi Arabia,Jeddah,2019-07-06,Active
4531,Customer 4531,Small Business,Construction,6,Kuwait,Kuwait,Kuwait City,2020-08-07,Active
4532,Customer 4532,Enterprise,Education,1,UAE North,UAE,Dubai,2021-09-08,Active
4533,Customer 4533,Consumer,Retail,6,Kuwait,Kuwait,Kuwait City,2022-10-09,Active
4534,Customer 4534,Mid-Market,Government,8,Oman,Oman,Muscat,2023-11-10,Active
4535,Customer 4535,Consumer,Retail,4,Saudi West,Saudi Arabia,Jeddah,2024-12-11,Dormant
4536,Customer 4536,Mid-Market,Hospitality,3,Saudi Central,Saudi Arabia,Riyadh,2017-01-12,Active
4537,Customer 4537,Consumer,Retail,9,India West,India,Mumbai,2018-02-13,Dormant
4538,Customer 4538,Small Business,Government,2,UAE South,UAE,Abu Dhabi,2019-03-14,Active
4539,Customer 4539,Enterprise,Technology,3,Saudi Central,Saudi Arabia,Riyadh,2020-04-15,Active
4540,Customer 4540,Consumer,Hospitality,5,Qatar,Qatar,Doha,2021-05-16,Dormant
4541,Customer 4541,Small Business,Hospitality,2,UAE South,UAE,Abu Dhabi,2022-06-17,Dormant
4542,Customer 4542,Small Business,Technology,1,UAE North,UAE,Dubai,2023-07-18,Active
4543,Customer 4543,Enterprise,Healthcare,7,Bahrain,Bahrain,Manama,2024-08-19,Active
4544,Customer 4544,Mid-Market,Healthcare,5,Qatar,Qatar,Doha,2017-09-20,Active
4545,Customer 4545,Mid-Market,Financial Services,6,Kuwait,Kuwait,Kuwait City,2018-10-21,Active
4546,Customer 4546,Mid-Market,Education,3,Saudi Central,Saudi Arabia,Riyadh,2019-11-22,Active
4547,Customer 4547,Mid-Market,Retail,2,UAE South,UAE,Abu Dhabi,2020-12-23,Active
4548,Customer 4548,Consumer,Government,5,Qatar,Qatar,Doha,2021-01-24,Dormant
4549,Customer 4549,Small Business,Retail,3,Saudi Central,Saudi Arabia,Riyadh,2022-02-25,Active
4550,Customer 4550,Small Business,Construction,3,Saudi Central,Saudi Arabia,Riyadh,2023-03-01,Active
4551,Customer 4551,Mid-Market,Healthcare,2,UAE South,UAE,Abu Dhabi,2024-04-02,Dormant
4552,Customer 4552,Enterprise,Government,7,Bahrain,Bahrain,Manama,2017-05-03,Active
4553,Customer 4553,Enterprise,Healthcare,9,India West,India,Mumbai,2018-06-04,Active
4554,Customer 4554,Consumer,Construction,6,Kuwait,Kuwait,Kuwait City,2019-07-05,Active
4555,Customer 4555,Small Business,Healthcare,2,UAE South,UAE,Abu Dhabi,2020-08-06,Active
4556,Customer 4556,Small Business,Hospitality,2,UAE South,UAE,Abu Dhabi,2021-09-07,Active
4557,Customer 4557,Small Business,Hospitality,9,India West,India,Mumbai,2022-10-08,Active
4558,Customer 4558,Small Business,Financial Services,7,Bahrain,Bahrain,Manama,2023-11-09,Active
4559,Customer 4559,Consumer,Financial Services,10,India South,India,Bengaluru,2024-12-10,Active
4560,Customer 4560,Small Business,Financial Services,8,Oman,Oman,Muscat,2017-01-11,Active
4561,Customer 4561,Small Business,Retail,4,Saudi West,Saudi Arabia,Jeddah,2018-02-12,Active
4562,Customer 4562,Small Business,Technology,9,India West,India,Mumbai,2019-03-13,Dormant
4563,Customer 4563,Enterprise,Education,5,Qatar,Qatar,Doha,2020-04-14,Dormant
4564,Customer 4564,Consumer,Hospitality,9,India West,India,Mumbai,2021-05-15,Active
4565,Customer 4565,Mid-Market,Healthcare,8,Oman,Oman,Muscat,2022-06-16,Active
4566,Customer 4566,Mid-Market,Retail,7,Bahrain,Bahrain,Manama,2023-07-17,Dormant
4567,Customer 4567,Consumer,Education,10,India South,India,Bengaluru,2024-08-18,Dormant
4568,Customer 4568,Consumer,Healthcare,10,India South,India,Bengaluru,2017-09-19,Active
4569,Customer 4569,Consumer,Technology,6,Kuwait,Kuwait,Kuwait City,2018-10-20,Active
4570,Customer 4570,Small Business,Government,9,India West,India,Mumbai,2019-11-21,Active
4571,Customer 4571,Mid-Market,Education,9,India West,India,Mumbai,2020-12-22,Dormant
4572,Customer 4572,Mid-Market,Healthcare,6,Kuwait,Kuwait,Kuwait City,2021-01-23,Active
4573,Customer 4573,Mid-Market,Healthcare,1,UAE North,UAE,Dubai,2022-02-24,Active
4574,Customer 4574,Small Business,Healthcare,8,Oman,Oman,Muscat,2023-03-25,Active
4575,Customer 4575,Consumer,Retail,6,Kuwait,Kuwait,Kuwait City,2024-04-01,Active
4576,Customer 4576,Enterprise,Retail,4,Saudi West,Saudi Arabia,Jeddah,2017-05-02,Active
4577,Customer 4577,Small Business,Education,9,India West,India,Mumbai,2018-06-03,Active
4578,Customer 4578,Small Business,Hospitality,7,Bahrain,Bahrain,Manama,2019-07-04,Active
4579,Customer 4579,Small Business,Hospitality,1,UAE North,UAE,Dubai,2020-08-05,Active
4580,Customer 4580,Enterprise,Retail,5,Qatar,Qatar,Doha,2021-09-06,Active
4581,Customer 4581,Consumer,Hospitality,10,India South,India,Bengaluru,2022-10-07,Dormant
4582,Customer 4582,Consumer,Healthcare,10,India South,India,Bengaluru,2023-11-08,Active
4583,Customer 4583,Small Business,Education,3,Saudi Central,Saudi Arabia,Riyadh,2024-12-09,Dormant
4584,Customer 4584,Small Business,Government,10,India South,India,Bengaluru,2017-01-10,Active
4585,Customer 4585,Enterprise,Construction,7,Bahrain,Bahrain,Manama,2018-02-11,Active
4586,Customer 4586,Consumer,Hospitality,9,India West,India,Mumbai,2019-03-12,Dormant
4587,Customer 4587,Consumer,Financial Services,8,Oman,Oman,Muscat,2020-04-13,Active
4588,Customer 4588,Enterprise,Technology,1,UAE North,UAE,Dubai,2021-05-14,Active
4589,Customer 4589,Small Business,Hospitality,4,Saudi West,Saudi Arabia,Jeddah,2022-06-15,Active
4590,Customer 4590,Enterprise,Hospitality,8,Oman,Oman,Muscat,2023-07-16,Active
4591,Customer 4591,Enterprise,Construction,6,Kuwait,Kuwait,Kuwait City,2024-08-17,Active
4592,Customer 4592,Small Business,Technology,6,Kuwait,Kuwait,Kuwait City,2017-09-18,Active
4593,Customer 4593,Mid-Market,Technology,1,UAE North,UAE,Dubai,2018-10-19,Active
4594,Customer 4594,Mid-Market,Construction,2,UAE South,UAE,Abu Dhabi,2019-11-20,Active
4595,Customer 4595,Small Business,Retail,5,Qatar,Qatar,Doha,2020-12-21,Dormant
4596,Customer 4596,Small Business,Technology,6,Kuwait,Kuwait,Kuwait City,2021-01-22,Active
4597,Customer 4597,Consumer,Technology,10,India South,India,Bengaluru,2022-02-23,Dormant
4598,Customer 4598,Small Business,Retail,7,Bahrain,Bahrain,Manama,2023-03-24,Active
4599,Customer 4599,Small Business,Technology,1,UAE North,UAE,Dubai,2024-04-25,Active
4600,Customer 4600,Consumer,Hospitality,3,Saudi Central,Saudi Arabia,Riyadh,2017-05-01,Active
4601,Customer 4601,Small Business,Government,3,Saudi Central,Saudi Arabia,Riyadh,2018-06-02,Active
4602,Customer 4602,Mid-Market,Financial Services,1,UAE North,UAE,Dubai,2019-07-03,Active
4603,Customer 4603,Small Business,Hospitality,1,UAE North,UAE,Dubai,2020-08-04,Dormant
4604,Customer 4604,Small Business,Healthcare,5,Qatar,Qatar,Doha,2021-09-05,Dormant
4605,Customer 4605,Consumer,Construction,4,Saudi West,Saudi Arabia,Jeddah,2022-10-06,Active
4606,Customer 4606,Mid-Market,Education,7,Bahrain,Bahrain,Manama,2023-11-07,Active
4607,Customer 4607,Enterprise,Technology,8,Oman,Oman,Muscat,2024-12-08,Active
4608,Customer 4608,Small Business,Healthcare,3,Saudi Central,Saudi Arabia,Riyadh,2017-01-09,Active
4609,Customer 4609,Small Business,Financial Services,2,UAE South,UAE,Abu Dhabi,2018-02-10,Active
4610,Customer 4610,Consumer,Construction,3,Saudi Central,Saudi Arabia,Riyadh,2019-03-11,Active
4611,Customer 4611,Enterprise,Financial Services,10,India South,India,Bengaluru,2020-04-12,Active
4612,Customer 4612,Enterprise,Healthcare,1,UAE North,UAE,Dubai,2021-05-13,Active
4613,Customer 4613,Mid-Market,Financial Services,1,UAE North,UAE,Dubai,2022-06-14,Active
4614,Customer 4614,Enterprise,Education,1,UAE North,UAE,Dubai,2023-07-15,Active
4615,Customer 4615,Enterprise,Hospitality,8,Oman,Oman,Muscat,2024-08-16,Active
4616,Customer 4616,Consumer,Healthcare,4,Saudi West,Saudi Arabia,Jeddah,2017-09-17,Dormant
4617,Customer 4617,Mid-Market,Healthcare,2,UAE South,UAE,Abu Dhabi,2018-10-18,Active
4618,Customer 4618,Consumer,Construction,5,Qatar,Qatar,Doha,2019-11-19,Active
4619,Customer 4619,Consumer,Financial Services,8,Oman,Oman,Muscat,2020-12-20,Active
4620,Customer 4620,Consumer,Technology,4,Saudi West,Saudi Arabia,Jeddah,2021-01-21,Active
4621,Customer 4621,Consumer,Technology,7,Bahrain,Bahrain,Manama,2022-02-22,Active
4622,Customer 4622,Consumer,Financial Services,3,Saudi Central,Saudi Arabia,Riyadh,2023-03-23,Active
4623,Customer 4623,Small Business,Retail,5,Qatar,Qatar,Doha,2024-04-24,Active
4624,Customer 4624,Enterprise,Education,10,India South,India,Bengaluru,2017-05-25,Active
4625,Customer 4625,Small Business,Education,6,Kuwait,Kuwait,Kuwait City,2018-06-01,Active
4626,Customer 4626,Consumer,Technology,8,Oman,Oman,Muscat,2019-07-02,Active
4627,Customer 4627,Small Business,Financial Services,6,Kuwait,Kuwait,Kuwait City,2020-08-03,Active
4628,Customer 4628,Consumer,Healthcare,8,Oman,Oman,Muscat,2021-09-04,Active
4629,Customer 4629,Consumer,Healthcare,6,Kuwait,Kuwait,Kuwait City,2022-10-05,Dormant
4630,Customer 4630,Small Business,Retail,3,Saudi Central,Saudi Arabia,Riyadh,2023-11-06,Dormant
4631,Customer 4631,Consumer,Financial Services,7,Bahrain,Bahrain,Manama,2024-12-07,Active
4632,Customer 4632,Consumer,Healthcare,7,Bahrain,Bahrain,Manama,2017-01-08,Active
4633,Customer 4633,Consumer,Government,2,UAE South,UAE,Abu Dhabi,2018-02-09,Dormant
4634,Customer 4634,Small Business,Technology,9,India West,India,Mumbai,2019-03-10,Active
4635,Customer 4635,Small Business,Hospitality,8,Oman,Oman,Muscat,2020-04-11,Active
4636,Customer 4636,Enterprise,Education,10,India South,India,Bengaluru,2021-05-12,Active
4637,Customer 4637,Enterprise,Hospitality,1,UAE North,UAE,Dubai,2022-06-13,Active
4638,Customer 4638,Small Business,Technology,9,India West,India,Mumbai,2023-07-14,Active
4639,Customer 4639,Mid-Market,Technology,3,Saudi Central,Saudi Arabia,Riyadh,2024-08-15,Active
4640,Customer 4640,Enterprise,Financial Services,5,Qatar,Qatar,Doha,2017-09-16,Dormant
4641,Customer 4641,Mid-Market,Hospitality,9,India West,India,Mumbai,2018-10-17,Active
4642,Customer 4642,Mid-Market,Financial Services,2,UAE South,UAE,Abu Dhabi,2019-11-18,Active
4643,Customer 4643,Consumer,Construction,10,India South,India,Bengaluru,2020-12-19,Active
4644,Customer 4644,Mid-Market,Healthcare,6,Kuwait,Kuwait,Kuwait City,2021-01-20,Active
4645,Customer 4645,Small Business,Technology,7,Bahrain,Bahrain,Manama,2022-02-21,Active
4646,Customer 4646,Consumer,Hospitality,2,UAE South,UAE,Abu Dhabi,2023-03-22,Dormant
4647,Customer 4647,Small Business,Hospitality,4,Saudi West,Saudi Arabia,Jeddah,2024-04-23,Active
4648,Customer 4648,Mid-Market,Financial Services,8,Oman,Oman,Muscat,2017-05-24,Active
4649,Customer 4649,Mid-Market,Technology,5,Qatar,Qatar,Doha,2018-06-25,Active
4650,Customer 4650,Small Business,Technology,2,UAE South,UAE,Abu Dhabi,2019-07-01,Dormant
4651,Customer 4651,Enterprise,Financial Services,9,India West,India,Mumbai,2020-08-02,Dormant
4652,Customer 4652,Consumer,Retail,5,Qatar,Qatar,Doha,2021-09-03,Active
4653,Customer 4653,Consumer,Retail,2,UAE South,UAE,Abu Dhabi,2022-10-04,Active
4654,Customer 4654,Mid-Market,Construction,2,UAE South,UAE,Abu Dhabi,2023-11-05,Active
4655,Customer 4655,Small Business,Technology,4,Saudi West,Saudi Arabia,Jeddah,2024-12-06,Active
4656,Customer 4656,Mid-Market,Retail,3,Saudi Central,Saudi Arabia,Riyadh,2017-01-07,Active
4657,Customer 4657,Enterprise,Financial Services,7,Bahrain,Bahrain,Manama,2018-02-08,Active
4658,Customer 4658,Small Business,Hospitality,4,Saudi West,Saudi Arabia,Jeddah,2019-03-09,Dormant
4659,Customer 4659,Consumer,Education,1,UAE North,UAE,Dubai,2020-04-10,Active
4660,Customer 4660,Consumer,Education,1,UAE North,UAE,Dubai,2021-05-11,Active
4661,Customer 4661,Small Business,Retail,10,India South,India,Bengaluru,2022-06-12,Active
4662,Customer 4662,Consumer,Retail,2,UAE South,UAE,Abu Dhabi,2023-07-13,Active
4663,Customer 4663,Mid-Market,Government,4,Saudi West,Saudi Arabia,Jeddah,2024-08-14,Active
4664,Customer 4664,Enterprise,Government,4,Saudi West,Saudi Arabia,Jeddah,2017-09-15,Active
4665,Customer 4665,Consumer,Financial Services,10,India South,India,Bengaluru,2018-10-16,Active
4666,Customer 4666,Consumer,Financial Services,2,UAE South,UAE,Abu Dhabi,2019-11-17,Active
4667,Customer 4667,Small Business,Retail,6,Kuwait,Kuwait,Kuwait City,2020-12-18,Active
4668,Customer 4668,Small Business,Technology,2,UAE South,UAE,Abu Dhabi,2021-01-19,Dormant
4669,Customer 4669,Mid-Market,Construction,9,India West,India,Mumbai,2022-02-20,Active
4670,Customer 4670,Enterprise,Government,2,UAE South,UAE,Abu Dhabi,2023-03-21,Active
4671,Customer 4671,Mid-Market,Healthcare,4,Saudi West,Saudi Arabia,Jeddah,2024-04-22,Active
4672,Customer 4672,Small Business,Healthcare,1,UAE North,UAE,Dubai,2017-05-23,Dormant
4673,Customer 4673,Consumer,Government,9,India West,India,Mumbai,2018-06-24,Active
4674,Customer 4674,Small Business,Retail,8,Oman,Oman,Muscat,2019-07-25,Active
4675,Customer 4675,Enterprise,Financial Services,8,Oman,Oman,Muscat,2020-08-01,Active
4676,Customer 4676,Enterprise,Hospitality,7,Bahrain,Bahrain,Manama,2021-09-02,Dormant
4677,Customer 4677,Mid-Market,Education,3,Saudi Central,Saudi Arabia,Riyadh,2022-10-03,Dormant
4678,Customer 4678,Small Business,Hospitality,5,Qatar,Qatar,Doha,2023-11-04,Active
4679,Customer 4679,Mid-Market,Education,8,Oman,Oman,Muscat,2024-12-05,Active
4680,Customer 4680,Consumer,Hospitality,8,Oman,Oman,Muscat,2017-01-06,Active
4681,Customer 4681,Consumer,Retail,3,Saudi Central,Saudi Arabia,Riyadh,2018-02-07,Active
4682,Customer 4682,Small Business,Retail,6,Kuwait,Kuwait,Kuwait City,2019-03-08,Active
4683,Customer 4683,Small Business,Technology,3,Saudi Central,Saudi Arabia,Riyadh,2020-04-09,Active
4684,Customer 4684,Mid-Market,Financial Services,3,Saudi Central,Saudi Arabia,Riyadh,2021-05-10,Active
4685,Customer 4685,Consumer,Hospitality,3,Saudi Central,Saudi Arabia,Riyadh,2022-06-11,Dormant
4686,Customer 4686,Enterprise,Financial Services,10,India South,India,Bengaluru,2023-07-12,Dormant
4687,Customer 4687,Mid-Market,Government,9,India West,India,Mumbai,2024-08-13,Active
4688,Customer 4688,Small Business,Retail,7,Bahrain,Bahrain,Manama,2017-09-14,Dormant
4689,Customer 4689,Small Business,Construction,8,Oman,Oman,Muscat,2018-10-15,Active
4690,Customer 4690,Small Business,Hospitality,7,Bahrain,Bahrain,Manama,2019-11-16,Active
4691,Customer 4691,Consumer,Construction,10,India South,India,Bengaluru,2020-12-17,Active
4692,Customer 4692,Mid-Market,Hospitality,2,UAE South,UAE,Abu Dhabi,2021-01-18,Dormant
4693,Customer 4693,Consumer,Financial Services,5,Qatar,Qatar,Doha,2022-02-19,Active
4694,Customer 4694,Small Business,Retail,1,UAE North,UAE,Dubai,2023-03-20,Active
4695,Customer 4695,Mid-Market,Technology,4,Saudi West,Saudi Arabia,Jeddah,2024-04-21,Active
4696,Customer 4696,Consumer,Hospitality,5,Qatar,Qatar,Doha,2017-05-22,Active
4697,Customer 4697,Mid-Market,Technology,10,India South,India,Bengaluru,2018-06-23,Active
4698,Customer 4698,Enterprise,Technology,4,Saudi West,Saudi Arabia,Jeddah,2019-07-24,Active
4699,Customer 4699,Small Business,Hospitality,7,Bahrain,Bahrain,Manama,2020-08-25,Active
4700,Customer 4700,Consumer,Retail,6,Kuwait,Kuwait,Kuwait City,2021-09-01,Active
4701,Customer 4701,Mid-Market,Hospitality,2,UAE South,UAE,Abu Dhabi,2022-10-02,Dormant
4702,Customer 4702,Consumer,Financial Services,8,Oman,Oman,Muscat,2023-11-03,Active
4703,Customer 4703,Consumer,Education,7,Bahrain,Bahrain,Manama,2024-12-04,Active
4704,Customer 4704,Consumer,Education,10,India South,India,Bengaluru,2017-01-05,Active
4705,Customer 4705,Enterprise,Retail,9,India West,India,Mumbai,2018-02-06,Active
4706,Customer 4706,Consumer,Technology,1,UAE North,UAE,Dubai,2019-03-07,Dormant
4707,Customer 4707,Mid-Market,Healthcare,7,Bahrain,Bahrain,Manama,2020-04-08,Dormant
4708,Customer 4708,Consumer,Financial Services,9,India West,India,Mumbai,2021-05-09,Active
4709,Customer 4709,Small Business,Construction,6,Kuwait,Kuwait,Kuwait City,2022-06-10,Active
4710,Customer 4710,Mid-Market,Hospitality,2,UAE South,UAE,Abu Dhabi,2023-07-11,Dormant
4711,Customer 4711,Mid-Market,Hospitality,8,Oman,Oman,Muscat,2024-08-12,Active
4712,Customer 4712,Small Business,Government,4,Saudi West,Saudi Arabia,Jeddah,2017-09-13,Active
4713,Customer 4713,Mid-Market,Healthcare,6,Kuwait,Kuwait,Kuwait City,2018-10-14,Dormant
4714,Customer 4714,Consumer,Government,1,UAE North,UAE,Dubai,2019-11-15,Active
4715,Customer 4715,Consumer,Retail,4,Saudi West,Saudi Arabia,Jeddah,2020-12-16,Active
4716,Customer 4716,Consumer,Financial Services,5,Qatar,Qatar,Doha,2021-01-17,Active
4717,Customer 4717,Small Business,Government,5,Qatar,Qatar,Doha,2022-02-18,Dormant
4718,Customer 4718,Enterprise,Hospitality,3,Saudi Central,Saudi Arabia,Riyadh,2023-03-19,Dormant
4719,Customer 4719,Enterprise,Education,2,UAE South,UAE,Abu Dhabi,2024-04-20,Active
4720,Customer 4720,Small Business,Construction,9,India West,India,Mumbai,2017-05-21,Dormant
4721,Customer 4721,Consumer,Government,5,Qatar,Qatar,Doha,2018-06-22,Active
4722,Customer 4722,Small Business,Retail,8,Oman,Oman,Muscat,2019-07-23,Active
4723,Customer 4723,Small Business,Technology,2,UAE South,UAE,Abu Dhabi,2020-08-24,Active
4724,Customer 4724,Enterprise,Healthcare,9,India West,India,Mumbai,2021-09-25,Dormant
4725,Customer 4725,Consumer,Technology,5,Qatar,Qatar,Doha,2022-10-01,Active
4726,Customer 4726,Small Business,Financial Services,8,Oman,Oman,Muscat,2023-11-02,Active
4727,Customer 4727,Small Business,Construction,3,Saudi Central,Saudi Arabia,Riyadh,2024-12-03,Active
4728,Customer 4728,Small Business,Financial Services,7,Bahrain,Bahrain,Manama,2017-01-04,Active
4729,Customer 4729,Mid-Market,Technology,8,Oman,Oman,Muscat,2018-02-05,Active
4730,Customer 4730,Small Business,Technology,8,Oman,Oman,Muscat,2019-03-06,Active
4731,Customer 4731,Small Business,Financial Services,1,UAE North,UAE,Dubai,2020-04-07,Active
4732,Customer 4732,Small Business,Hospitality,3,Saudi Central,Saudi Arabia,Riyadh,2021-05-08,Active
4733,Customer 4733,Mid-Market,Financial Services,6,Kuwait,Kuwait,Kuwait City,2022-06-09,Dormant
4734,Customer 4734,Small Business,Construction,7,Bahrain,Bahrain,Manama,2023-07-10,Active
4735,Customer 4735,Consumer,Financial Services,4,Saudi West,Saudi Arabia,Jeddah,2024-08-11,Dormant
4736,Customer 4736,Enterprise,Retail,10,India South,India,Bengaluru,2017-09-12,Active
4737,Customer 4737,Consumer,Financial Services,9,India West,India,Mumbai,2018-10-13,Active
4738,Customer 4738,Enterprise,Construction,3,Saudi Central,Saudi Arabia,Riyadh,2019-11-14,Active
4739,Customer 4739,Mid-Market,Construction,4,Saudi West,Saudi Arabia,Jeddah,2020-12-15,Active
4740,Customer 4740,Consumer,Healthcare,9,India West,India,Mumbai,2021-01-16,Dormant
4741,Customer 4741,Small Business,Hospitality,4,Saudi West,Saudi Arabia,Jeddah,2022-02-17,Active
4742,Customer 4742,Consumer,Financial Services,10,India South,India,Bengaluru,2023-03-18,Active
4743,Customer 4743,Mid-Market,Construction,1,UAE North,UAE,Dubai,2024-04-19,Dormant
4744,Customer 4744,Enterprise,Government,8,Oman,Oman,Muscat,2017-05-20,Dormant
4745,Customer 4745,Consumer,Construction,8,Oman,Oman,Muscat,2018-06-21,Active
4746,Customer 4746,Small Business,Hospitality,3,Saudi Central,Saudi Arabia,Riyadh,2019-07-22,Active
4747,Customer 4747,Consumer,Technology,4,Saudi West,Saudi Arabia,Jeddah,2020-08-23,Active
4748,Customer 4748,Small Business,Financial Services,3,Saudi Central,Saudi Arabia,Riyadh,2021-09-24,Active
4749,Customer 4749,Consumer,Healthcare,8,Oman,Oman,Muscat,2022-10-25,Active
4750,Customer 4750,Mid-Market,Healthcare,3,Saudi Central,Saudi Arabia,Riyadh,2023-11-01,Dormant
4751,Customer 4751,Enterprise,Hospitality,2,UAE South,UAE,Abu Dhabi,2024-12-02,Dormant
4752,Customer 4752,Small Business,Government,6,Kuwait,Kuwait,Kuwait City,2017-01-03,Dormant
4753,Customer 4753,Mid-Market,Government,10,India South,India,Bengaluru,2018-02-04,Active
4754,Customer 4754,Mid-Market,Technology,7,Bahrain,Bahrain,Manama,2019-03-05,Active
4755,Customer 4755,Consumer,Construction,10,India South,India,Bengaluru,2020-04-06,Active
4756,Customer 4756,Mid-Market,Financial Services,5,Qatar,Qatar,Doha,2021-05-07,Active
4757,Customer 4757,Small Business,Hospitality,1,UAE North,UAE,Dubai,2022-06-08,Dormant
4758,Customer 4758,Enterprise,Healthcare,10,India South,India,Bengaluru,2023-07-09,Active
4759,Customer 4759,Consumer,Financial Services,1,UAE North,UAE,Dubai,2024-08-10,Active
4760,Customer 4760,Consumer,Technology,2,UAE South,UAE,Abu Dhabi,2017-09-11,Active
4761,Customer 4761,Mid-Market,Hospitality,7,Bahrain,Bahrain,Manama,2018-10-12,Active
4762,Customer 4762,Small Business,Hospitality,7,Bahrain,Bahrain,Manama,2019-11-13,Dormant
4763,Customer 4763,Consumer,Retail,8,Oman,Oman,Muscat,2020-12-14,Active
4764,Customer 4764,Small Business,Education,2,UAE South,UAE,Abu Dhabi,2021-01-15,Dormant
4765,Customer 4765,Consumer,Retail,1,UAE North,UAE,Dubai,2022-02-16,Active
4766,Customer 4766,Small Business,Education,5,Qatar,Qatar,Doha,2023-03-17,Active
4767,Customer 4767,Consumer,Healthcare,7,Bahrain,Bahrain,Manama,2024-04-18,Active
4768,Customer 4768,Small Business,Education,5,Qatar,Qatar,Doha,2017-05-19,Active
4769,Customer 4769,Mid-Market,Technology,8,Oman,Oman,Muscat,2018-06-20,Dormant
4770,Customer 4770,Consumer,Retail,7,Bahrain,Bahrain,Manama,2019-07-21,Active
4771,Customer 4771,Enterprise,Financial Services,10,India South,India,Bengaluru,2020-08-22,Active
4772,Customer 4772,Enterprise,Construction,5,Qatar,Qatar,Doha,2021-09-23,Active
4773,Customer 4773,Small Business,Education,2,UAE South,UAE,Abu Dhabi,2022-10-24,Active
4774,Customer 4774,Small Business,Healthcare,3,Saudi Central,Saudi Arabia,Riyadh,2023-11-25,Dormant
4775,Customer 4775,Small Business,Hospitality,3,Saudi Central,Saudi Arabia,Riyadh,2024-12-01,Active
4776,Customer 4776,Enterprise,Financial Services,10,India South,India,Bengaluru,2017-01-02,Active
4777,Customer 4777,Small Business,Technology,6,Kuwait,Kuwait,Kuwait City,2018-02-03,Dormant
4778,Customer 4778,Mid-Market,Financial Services,1,UAE North,UAE,Dubai,2019-03-04,Dormant
4779,Customer 4779,Small Business,Construction,8,Oman,Oman,Muscat,2020-04-05,Active
4780,Customer 4780,Consumer,Technology,8,Oman,Oman,Muscat,2021-05-06,Active
4781,Customer 4781,Small Business,Technology,4,Saudi West,Saudi Arabia,Jeddah,2022-06-07,Active
4782,Customer 4782,Small Business,Retail,1,UAE North,UAE,Dubai,2023-07-08,Dormant
4783,Customer 4783,Consumer,Financial Services,5,Qatar,Qatar,Doha,2024-08-09,Dormant
4784,Customer 4784,Consumer,Retail,6,Kuwait,Kuwait,Kuwait City,2017-09-10,Active
4785,Customer 4785,Small Business,Hospitality,1,UAE North,UAE,Dubai,2018-10-11,Active
4786,Customer 4786,Enterprise,Healthcare,10,India South,India,Bengaluru,2019-11-12,Active
4787,Customer 4787,Consumer,Technology,6,Kuwait,Kuwait,Kuwait City,2020-12-13,Active
4788,Customer 4788,Enterprise,Technology,10,India South,India,Bengaluru,2021-01-14,Active
4789,Customer 4789,Mid-Market,Healthcare,10,India South,India,Bengaluru,2022-02-15,Active
4790,Customer 4790,Mid-Market,Healthcare,4,Saudi West,Saudi Arabia,Jeddah,2023-03-16,Active
4791,Customer 4791,Mid-Market,Hospitality,3,Saudi Central,Saudi Arabia,Riyadh,2024-04-17,Active
4792,Customer 4792,Consumer,Construction,3,Saudi Central,Saudi Arabia,Riyadh,2017-05-18,Active
4793,Customer 4793,Enterprise,Education,1,UAE North,UAE,Dubai,2018-06-19,Active
4794,Customer 4794,Mid-Market,Retail,5,Qatar,Qatar,Doha,2019-07-20,Active
4795,Customer 4795,Small Business,Technology,7,Bahrain,Bahrain,Manama,2020-08-21,Active
4796,Customer 4796,Mid-Market,Education,10,India South,India,Bengaluru,2021-09-22,Active
4797,Customer 4797,Mid-Market,Education,3,Saudi Central,Saudi Arabia,Riyadh,2022-10-23,Dormant
4798,Customer 4798,Small Business,Healthcare,3,Saudi Central,Saudi Arabia,Riyadh,2023-11-24,Active
4799,Customer 4799,Enterprise,Education,9,India West,India,Mumbai,2024-12-25,Active
4800,Customer 4800,Consumer,Technology,3,Saudi Central,Saudi Arabia,Riyadh,2017-01-01,Active
4801,Customer 4801,Mid-Market,Retail,2,UAE South,UAE,Abu Dhabi,2018-02-02,Dormant
4802,Customer 4802,Consumer,Financial Services,6,Kuwait,Kuwait,Kuwait City,2019-03-03,Active
4803,Customer 4803,Small Business,Healthcare,10,India South,India,Bengaluru,2020-04-04,Active
4804,Customer 4804,Mid-Market,Government,2,UAE South,UAE,Abu Dhabi,2021-05-05,Dormant
4805,Customer 4805,Enterprise,Government,4,Saudi West,Saudi Arabia,Jeddah,2022-06-06,Active
4806,Customer 4806,Small Business,Healthcare,10,India South,India,Bengaluru,2023-07-07,Active
4807,Customer 4807,Small Business,Technology,1,UAE North,UAE,Dubai,2024-08-08,Active
4808,Customer 4808,Mid-Market,Government,10,India South,India,Bengaluru,2017-09-09,Active
4809,Customer 4809,Consumer,Hospitality,10,India South,India,Bengaluru,2018-10-10,Active
4810,Customer 4810,Small Business,Hospitality,3,Saudi Central,Saudi Arabia,Riyadh,2019-11-11,Active
4811,Customer 4811,Small Business,Education,2,UAE South,UAE,Abu Dhabi,2020-12-12,Dormant
4812,Customer 4812,Consumer,Technology,3,Saudi Central,Saudi Arabia,Riyadh,2021-01-13,Dormant
4813,Customer 4813,Mid-Market,Financial Services,6,Kuwait,Kuwait,Kuwait City,2022-02-14,Active
4814,Customer 4814,Enterprise,Healthcare,7,Bahrain,Bahrain,Manama,2023-03-15,Active
4815,Customer 4815,Small Business,Government,10,India South,India,Bengaluru,2024-04-16,Active
4816,Customer 4816,Enterprise,Healthcare,1,UAE North,UAE,Dubai,2017-05-17,Active
4817,Customer 4817,Consumer,Technology,6,Kuwait,Kuwait,Kuwait City,2018-06-18,Active
4818,Customer 4818,Mid-Market,Hospitality,4,Saudi West,Saudi Arabia,Jeddah,2019-07-19,Active
4819,Customer 4819,Small Business,Construction,6,Kuwait,Kuwait,Kuwait City,2020-08-20,Active
4820,Customer 4820,Mid-Market,Technology,1,UAE North,UAE,Dubai,2021-09-21,Active
4821,Customer 4821,Enterprise,Hospitality,3,Saudi Central,Saudi Arabia,Riyadh,2022-10-22,Active
4822,Customer 4822,Small Business,Retail,4,Saudi West,Saudi Arabia,Jeddah,2023-11-23,Dormant
4823,Customer 4823,Consumer,Government,8,Oman,Oman,Muscat,2024-12-24,Active
4824,Customer 4824,Small Business,Healthcare,5,Qatar,Qatar,Doha,2017-01-25,Active
4825,Customer 4825,Consumer,Healthcare,5,Qatar,Qatar,Doha,2018-02-01,Active
4826,Customer 4826,Small Business,Technology,9,India West,India,Mumbai,2019-03-02,Active
4827,Customer 4827,Consumer,Healthcare,9,India West,India,Mumbai,2020-04-03,Active
4828,Customer 4828,Consumer,Government,5,Qatar,Qatar,Doha,2021-05-04,Dormant
4829,Customer 4829,Small Business,Financial Services,1,UAE North,UAE,Dubai,2022-06-05,Active
4830,Customer 4830,Consumer,Healthcare,4,Saudi West,Saudi Arabia,Jeddah,2023-07-06,Dormant
4831,Customer 4831,Enterprise,Retail,6,Kuwait,Kuwait,Kuwait City,2024-08-07,Active
4832,Customer 4832,Small Business,Technology,6,Kuwait,Kuwait,Kuwait City,2017-09-08,Dormant
4833,Customer 4833,Enterprise,Construction,5,Qatar,Qatar,Doha,2018-10-09,Active
4834,Customer 4834,Small Business,Healthcare,9,India West,India,Mumbai,2019-11-10,Active
4835,Customer 4835,Consumer,Government,7,Bahrain,Bahrain,Manama,2020-12-11,Active
4836,Customer 4836,Consumer,Retail,7,Bahrain,Bahrain,Manama,2021-01-12,Active
4837,Customer 4837,Small Business,Healthcare,7,Bahrain,Bahrain,Manama,2022-02-13,Active
4838,Customer 4838,Consumer,Construction,5,Qatar,Qatar,Doha,2023-03-14,Active
4839,Customer 4839,Consumer,Financial Services,2,UAE South,UAE,Abu Dhabi,2024-04-15,Active
4840,Customer 4840,Mid-Market,Healthcare,9,India West,India,Mumbai,2017-05-16,Active
4841,Customer 4841,Consumer,Healthcare,1,UAE North,UAE,Dubai,2018-06-17,Active
4842,Customer 4842,Mid-Market,Technology,7,Bahrain,Bahrain,Manama,2019-07-18,Dormant
4843,Customer 4843,Small Business,Education,3,Saudi Central,Saudi Arabia,Riyadh,2020-08-19,Active
4844,Customer 4844,Small Business,Hospitality,3,Saudi Central,Saudi Arabia,Riyadh,2021-09-20,Active
4845,Customer 4845,Mid-Market,Technology,3,Saudi Central,Saudi Arabia,Riyadh,2022-10-21,Active
4846,Customer 4846,Small Business,Healthcare,5,Qatar,Qatar,Doha,2023-11-22,Active
4847,Customer 4847,Small Business,Financial Services,1,UAE North,UAE,Dubai,2024-12-23,Dormant
4848,Customer 4848,Consumer,Government,3,Saudi Central,Saudi Arabia,Riyadh,2017-01-24,Active
4849,Customer 4849,Small Business,Retail,3,Saudi Central,Saudi Arabia,Riyadh,2018-02-25,Active
4850,Customer 4850,Consumer,Retail,6,Kuwait,Kuwait,Kuwait City,2019-03-01,Active
4851,Customer 4851,Mid-Market,Hospitality,7,Bahrain,Bahrain,Manama,2020-04-02,Dormant
4852,Customer 4852,Small Business,Retail,5,Qatar,Qatar,Doha,2021-05-03,Active
4853,Customer 4853,Enterprise,Hospitality,10,India South,India,Bengaluru,2022-06-04,Active
4854,Customer 4854,Small Business,Education,4,Saudi West,Saudi Arabia,Jeddah,2023-07-05,Active
4855,Customer 4855,Mid-Market,Government,3,Saudi Central,Saudi Arabia,Riyadh,2024-08-06,Active
4856,Customer 4856,Consumer,Education,2,UAE South,UAE,Abu Dhabi,2017-09-07,Dormant
4857,Customer 4857,Small Business,Financial Services,1,UAE North,UAE,Dubai,2018-10-08,Active
4858,Customer 4858,Mid-Market,Government,9,India West,India,Mumbai,2019-11-09,Active
4859,Customer 4859,Small Business,Financial Services,6,Kuwait,Kuwait,Kuwait City,2020-12-10,Active
4860,Customer 4860,Consumer,Retail,7,Bahrain,Bahrain,Manama,2021-01-11,Dormant
4861,Customer 4861,Consumer,Financial Services,7,Bahrain,Bahrain,Manama,2022-02-12,Active
4862,Customer 4862,Consumer,Construction,4,Saudi West,Saudi Arabia,Jeddah,2023-03-13,Active
4863,Customer 4863,Small Business,Education,1,UAE North,UAE,Dubai,2024-04-14,Dormant
4864,Customer 4864,Mid-Market,Financial Services,3,Saudi Central,Saudi Arabia,Riyadh,2017-05-15,Active
4865,Customer 4865,Consumer,Healthcare,8,Oman,Oman,Muscat,2018-06-16,Active
4866,Customer 4866,Mid-Market,Education,2,UAE South,UAE,Abu Dhabi,2019-07-17,Dormant
4867,Customer 4867,Enterprise,Technology,2,UAE South,UAE,Abu Dhabi,2020-08-18,Active
4868,Customer 4868,Consumer,Technology,2,UAE South,UAE,Abu Dhabi,2021-09-19,Active
4869,Customer 4869,Consumer,Financial Services,4,Saudi West,Saudi Arabia,Jeddah,2022-10-20,Active
4870,Customer 4870,Consumer,Technology,5,Qatar,Qatar,Doha,2023-11-21,Active
4871,Customer 4871,Small Business,Government,4,Saudi West,Saudi Arabia,Jeddah,2024-12-22,Dormant
4872,Customer 4872,Small Business,Government,7,Bahrain,Bahrain,Manama,2017-01-23,Dormant
4873,Customer 4873,Small Business,Education,1,UAE North,UAE,Dubai,2018-02-24,Active
4874,Customer 4874,Mid-Market,Retail,10,India South,India,Bengaluru,2019-03-25,Active
4875,Customer 4875,Consumer,Government,7,Bahrain,Bahrain,Manama,2020-04-01,Active
4876,Customer 4876,Enterprise,Government,6,Kuwait,Kuwait,Kuwait City,2021-05-02,Active
4877,Customer 4877,Consumer,Government,2,UAE South,UAE,Abu Dhabi,2022-06-03,Active
4878,Customer 4878,Mid-Market,Healthcare,3,Saudi Central,Saudi Arabia,Riyadh,2023-07-04,Active
4879,Customer 4879,Mid-Market,Education,3,Saudi Central,Saudi Arabia,Riyadh,2024-08-05,Dormant
4880,Customer 4880,Mid-Market,Technology,5,Qatar,Qatar,Doha,2017-09-06,Active
4881,Customer 4881,Mid-Market,Technology,8,Oman,Oman,Muscat,2018-10-07,Active
4882,Customer 4882,Consumer,Education,7,Bahrain,Bahrain,Manama,2019-11-08,Dormant
4883,Customer 4883,Mid-Market,Retail,10,India South,India,Bengaluru,2020-12-09,Active
4884,Customer 4884,Consumer,Construction,6,Kuwait,Kuwait,Kuwait City,2021-01-10,Active
4885,Customer 4885,Consumer,Healthcare,7,Bahrain,Bahrain,Manama,2022-02-11,Dormant
4886,Customer 4886,Small Business,Technology,9,India West,India,Mumbai,2023-03-12,Dormant
4887,Customer 4887,Mid-Market,Financial Services,3,Saudi Central,Saudi Arabia,Riyadh,2024-04-13,Active
4888,Customer 4888,Small Business,Retail,2,UAE South,UAE,Abu Dhabi,2017-05-14,Active
4889,Customer 4889,Small Business,Construction,4,Saudi West,Saudi Arabia,Jeddah,2018-06-15,Active
4890,Customer 4890,Consumer,Technology,8,Oman,Oman,Muscat,2019-07-16,Active
4891,Customer 4891,Small Business,Technology,2,UAE South,UAE,Abu Dhabi,2020-08-17,Active
4892,Customer 4892,Consumer,Retail,6,Kuwait,Kuwait,Kuwait City,2021-09-18,Active
4893,Customer 4893,Consumer,Government,10,India South,India,Bengaluru,2022-10-19,Active
4894,Customer 4894,Small Business,Retail,5,Qatar,Qatar,Doha,2023-11-20,Active
4895,Customer 4895,Consumer,Financial Services,8,Oman,Oman,Muscat,2024-12-21,Active
4896,Customer 4896,Mid-Market,Technology,5,Qatar,Qatar,Doha,2017-01-22,Active
4897,Customer 4897,Small Business,Financial Services,4,Saudi West,Saudi Arabia,Jeddah,2018-02-23,Dormant
4898,Customer 4898,Small Business,Government,2,UAE South,UAE,Abu Dhabi,2019-03-24,Active
4899,Customer 4899,Mid-Market,Financial Services,7,Bahrain,Bahrain,Manama,2020-04-25,Dormant
4900,Customer 4900,Small Business,Financial Services,3,Saudi Central,Saudi Arabia,Riyadh,2021-05-01,Active
4901,Customer 4901,Small Business,Hospitality,7,Bahrain,Bahrain,Manama,2022-06-02,Active
4902,Customer 4902,Consumer,Hospitality,5,Qatar,Qatar,Doha,2023-07-03,Active
4903,Customer 4903,Consumer,Retail,9,India West,India,Mumbai,2024-08-04,Active
4904,Customer 4904,Small Business,Healthcare,3,Saudi Central,Saudi Arabia,Riyadh,2017-09-05,Active
4905,Customer 4905,Consumer,Technology,1,UAE North,UAE,Dubai,2018-10-06,Active
4906,Customer 4906,Small Business,Financial Services,1,UAE North,UAE,Dubai,2019-11-07,Active
4907,Customer 4907,Consumer,Construction,5,Qatar,Qatar,Doha,2020-12-08,Dormant
4908,Customer 4908,Enterprise,Retail,7,Bahrain,Bahrain,Manama,2021-01-09,Active
4909,Customer 4909,Small Business,Financial Services,4,Saudi West,Saudi Arabia,Jeddah,2022-02-10,Active
4910,Customer 4910,Enterprise,Government,4,Saudi West,Saudi Arabia,Jeddah,2023-03-11,Dormant
4911,Customer 4911,Enterprise,Financial Services,4,Saudi West,Saudi Arabia,Jeddah,2024-04-12,Dormant
4912,Customer 4912,Small Business,Healthcare,2,UAE South,UAE,Abu Dhabi,2017-05-13,Active
4913,Customer 4913,Small Business,Government,3,Saudi Central,Saudi Arabia,Riyadh,2018-06-14,Active
4914,Customer 4914,Small Business,Government,2,UAE South,UAE,Abu Dhabi,2019-07-15,Dormant
4915,Customer 4915,Mid-Market,Construction,6,Kuwait,Kuwait,Kuwait City,2020-08-16,Active
4916,Customer 4916,Small Business,Education,7,Bahrain,Bahrain,Manama,2021-09-17,Dormant
4917,Customer 4917,Mid-Market,Healthcare,4,Saudi West,Saudi Arabia,Jeddah,2022-10-18,Dormant
4918,Customer 4918,Enterprise,Construction,7,Bahrain,Bahrain,Manama,2023-11-19,Active
4919,Customer 4919,Consumer,Technology,1,UAE North,UAE,Dubai,2024-12-20,Active
4920,Customer 4920,Consumer,Government,3,Saudi Central,Saudi Arabia,Riyadh,2017-01-21,Active
4921,Customer 4921,Small Business,Financial Services,5,Qatar,Qatar,Doha,2018-02-22,Active
4922,Customer 4922,Consumer,Government,9,India West,India,Mumbai,2019-03-23,Active
4923,Customer 4923,Small Business,Healthcare,7,Bahrain,Bahrain,Manama,2020-04-24,Active
4924,Customer 4924,Small Business,Healthcare,2,UAE South,UAE,Abu Dhabi,2021-05-25,Active
4925,Customer 4925,Mid-Market,Healthcare,8,Oman,Oman,Muscat,2022-06-01,Active
4926,Customer 4926,Consumer,Healthcare,10,India South,India,Bengaluru,2023-07-02,Dormant
4927,Customer 4927,Small Business,Financial Services,2,UAE South,UAE,Abu Dhabi,2024-08-03,Active
4928,Customer 4928,Consumer,Education,4,Saudi West,Saudi Arabia,Jeddah,2017-09-04,Dormant
4929,Customer 4929,Small Business,Retail,2,UAE South,UAE,Abu Dhabi,2018-10-05,Dormant
4930,Customer 4930,Small Business,Healthcare,5,Qatar,Qatar,Doha,2019-11-06,Dormant
4931,Customer 4931,Mid-Market,Retail,10,India South,India,Bengaluru,2020-12-07,Active
4932,Customer 4932,Small Business,Education,10,India South,India,Bengaluru,2021-01-08,Active
4933,Customer 4933,Consumer,Technology,4,Saudi West,Saudi Arabia,Jeddah,2022-02-09,Active
4934,Customer 4934,Mid-Market,Financial Services,2,UAE South,UAE,Abu Dhabi,2023-03-10,Dormant
4935,Customer 4935,Consumer,Healthcare,1,UAE North,UAE,Dubai,2024-04-11,Active
4936,Customer 4936,Mid-Market,Government,10,India South,India,Bengaluru,2017-05-12,Active
4937,Customer 4937,Mid-Market,Healthcare,1,UAE North,UAE,Dubai,2018-06-13,Active
4938,Customer 4938,Small Business,Technology,4,Saudi West,Saudi Arabia,Jeddah,2019-07-14,Active
4939,Customer 4939,Small Business,Hospitality,1,UAE North,UAE,Dubai,2020-08-15,Dormant
4940,Customer 4940,Enterprise,Government,9,India West,India,Mumbai,2021-09-16,Active
4941,Customer 4941,Small Business,Technology,7,Bahrain,Bahrain,Manama,2022-10-17,Active
4942,Customer 4942,Mid-Market,Retail,2,UAE South,UAE,Abu Dhabi,2023-11-18,Active
4943,Customer 4943,Small Business,Technology,7,Bahrain,Bahrain,Manama,2024-12-19,Active
4944,Customer 4944,Enterprise,Retail,9,India West,India,Mumbai,2017-01-20,Active
4945,Customer 4945,Consumer,Hospitality,8,Oman,Oman,Muscat,2018-02-21,Dormant
4946,Customer 4946,Consumer,Healthcare,1,UAE North,UAE,Dubai,2019-03-22,Dormant
4947,Customer 4947,Enterprise,Retail,5,Qatar,Qatar,Doha,2020-04-23,Active
4948,Customer 4948,Small Business,Retail,1,UAE North,UAE,Dubai,2021-05-24,Active
4949,Customer 4949,Mid-Market,Healthcare,8,Oman,Oman,Muscat,2022-06-25,Active
4950,Customer 4950,Consumer,Healthcare,10,India South,India,Bengaluru,2023-07-01,Active
4951,Customer 4951,Consumer,Construction,5,Qatar,Qatar,Doha,2024-08-02,Active
4952,Customer 4952,Small Business,Construction,1,UAE North,UAE,Dubai,2017-09-03,Active
4953,Customer 4953,Small Business,Hospitality,8,Oman,Oman,Muscat,2018-10-04,Active
4954,Customer 4954,Small Business,Financial Services,7,Bahrain,Bahrain,Manama,2019-11-05,Active
4955,Customer 4955,Consumer,Financial Services,10,India South,India,Bengaluru,2020-12-06,Active
4956,Customer 4956,Consumer,Financial Services,3,Saudi Central,Saudi Arabia,Riyadh,2021-01-07,Dormant
4957,Customer 4957,Enterprise,Retail,3,Saudi Central,Saudi Arabia,Riyadh,2022-02-08,Active
4958,Customer 4958,Mid-Market,Hospitality,1,UAE North,UAE,Dubai,2023-03-09,Dormant
4959,Customer 4959,Small Business,Healthcare,1,UAE North,UAE,Dubai,2024-04-10,Dormant
4960,Customer 4960,Small Business,Technology,4,Saudi West,Saudi Arabia,Jeddah,2017-05-11,Active
4961,Customer 4961,Mid-Market,Financial Services,5,Qatar,Qatar,Doha,2018-06-12,Active
4962,Customer 4962,Mid-Market,Government,5,Qatar,Qatar,Doha,2019-07-13,Active
4963,Customer 4963,Mid-Market,Technology,2,UAE South,UAE,Abu Dhabi,2020-08-14,Active
4964,Customer 4964,Mid-Market,Construction,5,Qatar,Qatar,Doha,2021-09-15,Active
4965,Customer 4965,Small Business,Hospitality,7,Bahrain,Bahrain,Manama,2022-10-16,Active
4966,Customer 4966,Small Business,Education,4,Saudi West,Saudi Arabia,Jeddah,2023-11-17,Active
4967,Customer 4967,Small Business,Technology,3,Saudi Central,Saudi Arabia,Riyadh,2024-12-18,Dormant
4968,Customer 4968,Consumer,Retail,7,Bahrain,Bahrain,Manama,2017-01-19,Active
4969,Customer 4969,Small Business,Government,10,India South,India,Bengaluru,2018-02-20,Active
4970,Customer 4970,Consumer,Technology,3,Saudi Central,Saudi Arabia,Riyadh,2019-03-21,Active
4971,Customer 4971,Mid-Market,Technology,7,Bahrain,Bahrain,Manama,2020-04-22,Active
4972,Customer 4972,Mid-Market,Financial Services,6,Kuwait,Kuwait,Kuwait City,2021-05-23,Active
4973,Customer 4973,Consumer,Government,9,India West,India,Mumbai,2022-06-24,Active
4974,Customer 4974,Small Business,Education,5,Qatar,Qatar,Doha,2023-07-25,Dormant
4975,Customer 4975,Consumer,Healthcare,5,Qatar,Qatar,Doha,2024-08-01,Active
4976,Customer 4976,Consumer,Government,6,Kuwait,Kuwait,Kuwait City,2017-09-02,Dormant
4977,Customer 4977,Small Business,Technology,4,Saudi West,Saudi Arabia,Jeddah,2018-10-03,Dormant
4978,Customer 4978,Mid-Market,Education,7,Bahrain,Bahrain,Manama,2019-11-04,Active
4979,Customer 4979,Small Business,Financial Services,4,Saudi West,Saudi Arabia,Jeddah,2020-12-05,Dormant
4980,Customer 4980,Small Business,Financial Services,8,Oman,Oman,Muscat,2021-01-06,Active
4981,Customer 4981,Enterprise,Construction,10,India South,India,Bengaluru,2022-02-07,Active
4982,Customer 4982,Consumer,Healthcare,10,India South,India,Bengaluru,2023-03-08,Active
4983,Customer 4983,Consumer,Healthcare,1,UAE North,UAE,Dubai,2024-04-09,Dormant
4984,Customer 4984,Mid-Market,Financial Services,3,Saudi Central,Saudi Arabia,Riyadh,2017-05-10,Active
4985,Customer 4985,Small Business,Financial Services,1,UAE North,UAE,Dubai,2018-06-11,Active
4986,Customer 4986,Consumer,Financial Services,8,Oman,Oman,Muscat,2019-07-12,Active
4987,Customer 4987,Consumer,Financial Services,4,Saudi West,Saudi Arabia,Jeddah,2020-08-13,Active
4988,Customer 4988,Consumer,Education,10,India South,India,Bengaluru,2021-09-14,Active
4989,Customer 4989,Consumer,Government,6,Kuwait,Kuwait,Kuwait City,2022-10-15,Dormant
4990,Customer 4990,Small Business,Government,9,India West,India,Mumbai,2023-11-16,Dormant
4991,Customer 4991,Mid-Market,Financial Services,10,India South,India,Bengaluru,2024-12-17,Active
4992,Customer 4992,Mid-Market,Technology,5,Qatar,Qatar,Doha,2017-01-18,Active
4993,Customer 4993,Small Business,Technology,1,UAE North,UAE,Dubai,2018-02-19,Active
4994,Customer 4994,Mid-Market,Education,2,UAE South,UAE,Abu Dhabi,2019-03-20,Active
4995,Customer 4995,Consumer,Financial Services,3,Saudi Central,Saudi Arabia,Riyadh,2020-04-21,Active
4996,Customer 4996,Enterprise,Hospitality,1,UAE North,UAE,Dubai,2021-05-22,Active
4997,Customer 4997,Enterprise,Government,5,Qatar,Qatar,Doha,2022-06-23,Dormant
4998,Customer 4998,Consumer,Hospitality,3,Saudi Central,Saudi Arabia,Riyadh,2023-07-24,Active
4999,Customer 4999,Consumer,Technology,4,Saudi West,Saudi Arabia,Jeddah,2024-08-25,Active
5000,Customer 5000,Mid-Market,Retail,4,Saudi West,Saudi Arabia,Jeddah,2017-09-01,Active
