TargetKey,MonthStartDateKey,SalespersonKey,RegionKey,TargetSales,TargetProfit,TargetOrders
1,20220101,1,1,143120.95,29879.49,117
2,20220201,1,1,149788.04,38217.46,84
3,20220301,1,1,146224.56,43840.82,92
4,20220401,1,1,143591.4,31236.06,152
5,20220501,1,1,145401.73,40339.07,81
6,20220601,1,1,147689.98,39201.22,101
7,20220701,1,1,111574.08,30052.6,108
8,20220801,1,1,122205.84,36526.94,118
9,20220901,1,1,128157.2,32947.5,84
10,20221001,1,1,132002.22,27274.06,89
11,20221101,1,1,169730.3,50562.24,173
12,20221201,1,1,153220.14,39911.58,101
13,20230101,1,1,145325.14,32626.78,82
14,20230201,1,1,151206.11,42058.14,85
15,20230301,1,1,135075.57,31761.38,146
16,20230401,1,1,146960.5,43148.17,118
17,20230501,1,1,147585.49,39768.18,107
18,20230601,1,1,129031.58,34186.83,72
19,20230701,1,1,111554.05,24106.33,69
20,20230801,1,1,114253.72,32198.42,101
21,20230901,1,1,131836.53,32242.57,102
22,20231001,1,1,127864.05,32869.86,112
23,20231101,1,1,180443.56,38723.03,101
24,20231201,1,1,177820.54,35818.5,185
25,20240101,1,1,147017.47,31449.99,151
26,20240201,1,1,133692.37,31397.28,122
27,20240301,1,1,148143.94,44328.0,159
28,20240401,1,1,134116.68,39558.44,107
29,20240501,1,1,132454.34,36034.37,137
30,20240601,1,1,136984.93,31522.94,102
31,20240701,1,1,123080.09,28088.97,71
32,20240801,1,1,136416.24,33287.83,79
33,20240901,1,1,129226.81,32506.01,76
34,20241001,1,1,153810.96,39766.01,149
35,20241101,1,1,157113.28,42368.44,94
36,20241201,1,1,184516.59,53564.47,152
37,20250101,1,1,143388.41,37742.06,103
38,20250201,1,1,141317.87,32200.32,86
39,20250301,1,1,132828.19,32460.84,109
40,20250401,1,1,139131.06,36951.26,87
41,20250501,1,1,131418.27,39016.0,110
42,20250601,1,1,138934.69,30252.64,108
43,20250701,1,1,112374.01,32852.86,90
44,20250801,1,1,112186.07,33539.65,91
45,20250901,1,1,127130.4,29395.15,101
46,20251001,1,1,126328.17,36290.02,85
47,20251101,1,1,166002.65,38083.03,182
48,20251201,1,1,153625.39,42269.94,130
49,20220101,2,1,71846.29,21392.09,58
50,20220201,2,1,65675.51,16991.24,59
51,20220301,2,1,62488.31,16881.15,53
52,20220401,2,1,65207.74,17011.18,42
53,20220501,2,1,71423.26,20712.43,44
54,20220601,2,1,59120.16,12609.39,33
55,20220701,2,1,60187.54,13930.49,41
56,20220801,2,1,63229.17,12964.61,49
57,20220901,2,1,65600.72,17158.31,37
58,20221001,2,1,67529.16,17884.9,67
59,20221101,2,1,71470.58,18470.84,43
60,20221201,2,1,81266.18,17191.55,70
61,20230101,2,1,68216.53,17692.36,43
62,20230201,2,1,67129.59,19837.43,63
63,20230301,2,1,67421.63,14618.25,45
64,20230401,2,1,72626.21,17335.52,59
65,20230501,2,1,60632.5,12594.37,36
66,20230601,2,1,63469.22,14521.62,35
67,20230701,2,1,54347.29,13180.42,59
68,20230801,2,1,53805.37,13322.9,54
69,20230901,2,1,63576.14,16845.79,45
70,20231001,2,1,61059.22,12734.33,63
71,20231101,2,1,77310.81,18891.18,48
72,20231201,2,1,84792.03,17437.2,64
73,20240101,2,1,61877.05,17717.28,44
74,20240201,2,1,61584.57,15970.97,37
75,20240301,2,1,71276.81,17384.15,40
76,20240401,2,1,72522.91,20054.35,73
77,20240501,2,1,58801.49,16656.08,43
78,20240601,2,1,59040.26,15785.89,45
79,20240701,2,1,53406.2,12846.07,41
80,20240801,2,1,62349.95,17042.93,51
81,20240901,2,1,63965.23,14654.91,36
82,20241001,2,1,65173.07,17847.61,64
83,20241101,2,1,76693.2,18941.69,61
84,20241201,2,1,74405.57,19028.4,70
85,20250101,2,1,70766.05,14370.72,73
86,20250201,2,1,66287.93,19773.57,38
87,20250301,2,1,68253.07,17247.47,59
88,20250401,2,1,59347.94,15921.02,46
89,20250501,2,1,70573.86,16427.9,39
90,20250601,2,1,60396.5,16618.71,49
91,20250701,2,1,55550.66,12798.04,51
92,20250801,2,1,52373.9,12972.9,50
93,20250901,2,1,66662.64,14105.39,45
94,20251001,2,1,61678.95,18419.52,55
95,20251101,2,1,70219.94,19772.38,51
96,20251201,2,1,80111.02,23253.44,67
97,20220101,3,1,61424.47,16107.33,61
98,20220201,3,1,70986.24,19027.67,58
99,20220301,3,1,63182.84,14785.05,37
100,20220401,3,1,63261.33,13037.18,47
101,20220501,3,1,63002.66,15614.23,53
102,20220601,3,1,62986.16,14050.59,61
103,20220701,3,1,51999.21,15504.63,43
104,20220801,3,1,58564.42,11807.51,60
105,20220901,3,1,65335.61,14703.31,38
106,20221001,3,1,62263.01,13246.38,52
107,20221101,3,1,72480.13,20795.28,75
108,20221201,3,1,83660.57,21573.73,84
109,20230101,3,1,65560.88,15395.42,65
110,20230201,3,1,67105.23,17017.75,41
111,20230301,3,1,64709.27,17345.06,64
112,20230401,3,1,63585.53,14489.12,67
113,20230501,3,1,69562.48,20330.26,42
114,20230601,3,1,60129.82,14874.54,44
115,20230701,3,1,62760.14,14114.63,42
116,20230801,3,1,63820.73,15421.57,46
117,20230901,3,1,68343.41,18927.63,41
118,20231001,3,1,64513.25,13472.21,48
119,20231101,3,1,74574.2,20865.48,68
120,20231201,3,1,76448.04,16911.2,53
121,20240101,3,1,67939.06,15814.71,39
122,20240201,3,1,66632.1,14540.82,48
123,20240301,3,1,60402.77,15288.09,54
124,20240401,3,1,68532.38,17183.97,73
125,20240501,3,1,61528.12,16919.9,67
126,20240601,3,1,64959.41,18279.38,43
127,20240701,3,1,55590.1,13441.09,31
128,20240801,3,1,58038.0,13098.67,38
129,20240901,3,1,68868.18,20258.28,52
130,20241001,3,1,63827.03,13438.75,70
131,20241101,3,1,87286.0,21141.1,58
132,20241201,3,1,72204.65,18712.97,56
133,20250101,3,1,60786.44,13002.37,36
134,20250201,3,1,58898.16,13850.0,44
135,20250301,3,1,69102.16,15978.29,63
136,20250401,3,1,69827.85,14296.29,66
137,20250501,3,1,67775.12,16953.22,72
138,20250601,3,1,72752.0,14681.46,52
139,20250701,3,1,56609.19,12197.41,40
140,20250801,3,1,54116.58,15580.67,43
141,20250901,3,1,61038.88,17910.1,36
142,20251001,3,1,59549.63,16003.49,49
143,20251101,3,1,75432.37,16874.74,44
144,20251201,3,1,72530.9,17689.02,63
145,20220101,4,1,67066.09,16674.93,42
146,20220201,4,1,61199.06,18157.79,60
147,20220301,4,1,60946.02,14355.07,40
148,20220401,4,1,71300.85,15988.18,41
149,20220501,4,1,60329.58,17522.81,49
150,20220601,4,1,63705.79,14487.74,43
151,20220701,4,1,54264.02,12872.72,41
152,20220801,4,1,59821.04,12590.99,41
153,20220901,4,1,66192.02,17671.26,46
154,20221001,4,1,63253.17,15376.43,50
155,20221101,4,1,85583.02,18017.94,77
156,20221201,4,1,71425.5,18285.41,64
157,20230101,4,1,71055.67,18726.42,61
158,20230201,4,1,68964.03,14560.73,47
159,20230301,4,1,71756.02,18321.76,67
160,20230401,4,1,60453.21,16680.46,34
161,20230501,4,1,62293.05,14243.61,43
162,20230601,4,1,72301.58,18286.79,57
163,20230701,4,1,52029.9,14530.53,29
164,20230801,4,1,54855.56,11533.89,53
165,20230901,4,1,58768.34,16170.32,41
166,20231001,4,1,71238.32,17932.03,44
167,20231101,4,1,71080.83,19049.89,40
168,20231201,4,1,81122.35,19969.9,52
169,20240101,4,1,70231.85,19066.69,75
170,20240201,4,1,62031.38,13936.48,51
171,20240301,4,1,59275.78,16878.14,34
172,20240401,4,1,68153.04,15680.3,42
173,20240501,4,1,69369.8,18998.97,50
174,20240601,4,1,66911.47,17128.83,38
175,20240701,4,1,54070.13,12027.05,36
176,20240801,4,1,58561.09,16750.53,64
177,20240901,4,1,64451.02,17062.76,54
178,20241001,4,1,64033.33,18715.48,60
179,20241101,4,1,70205.81,14719.51,68
180,20241201,4,1,70556.42,20696.68,40
181,20250101,4,1,59852.43,13781.12,50
182,20250201,4,1,67121.17,17676.16,47
183,20250301,4,1,72263.95,16082.43,53
184,20250401,4,1,65538.02,18259.89,60
185,20250501,4,1,66829.41,16180.6,49
186,20250601,4,1,61128.66,15418.55,35
187,20250701,4,1,56065.74,13956.42,46
188,20250801,4,1,55525.77,12085.81,33
189,20250901,4,1,66127.45,15012.38,50
190,20251001,4,1,59401.14,12021.98,41
191,20251101,4,1,83350.47,23337.65,80
192,20251201,4,1,80459.15,17326.7,83
193,20220101,5,1,61683.52,12715.83,52
194,20220201,5,1,61486.46,15734.23,52
195,20220301,5,1,63013.62,14562.53,61
196,20220401,5,1,67960.89,18363.38,40
197,20220501,5,1,58624.48,17009.12,42
198,20220601,5,1,68838.56,14502.51,47
199,20220701,5,1,51821.25,10729.62,29
200,20220801,5,1,57622.34,15675.6,33
201,20220901,5,1,70938.52,17493.24,73
202,20221001,5,1,62376.56,12863.45,41
203,20221101,5,1,83284.82,18860.64,48
204,20221201,5,1,73407.86,15104.55,40
205,20230101,5,1,62731.0,16843.35,62
206,20230201,5,1,71328.0,19792.68,71
207,20230301,5,1,59369.85,14607.96,60
208,20230401,5,1,58774.93,16406.5,60
209,20230501,5,1,66413.07,17146.08,49
210,20230601,5,1,71815.21,18182.69,41
211,20230701,5,1,62979.09,18430.87,44
212,20230801,5,1,52858.92,12565.65,33
213,20230901,5,1,62957.88,17111.63,40
214,20231001,5,1,60781.95,16819.63,50
215,20231101,5,1,85102.8,23736.74,51
216,20231201,5,1,73632.47,19648.81,50
217,20240101,5,1,59482.69,12543.5,37
218,20240201,5,1,59683.41,14210.37,36
219,20240301,5,1,64208.15,17553.41,54
220,20240401,5,1,67715.7,16449.97,44
221,20240501,5,1,58795.93,15971.93,42
222,20240601,5,1,70080.83,18730.45,42
223,20240701,5,1,59408.89,12016.93,38
224,20240801,5,1,60700.02,15265.06,39
225,20240901,5,1,64238.91,15347.93,36
226,20241001,5,1,70016.12,16869.1,75
227,20241101,5,1,86010.45,17486.83,68
228,20241201,5,1,78625.14,22880.89,82
229,20250101,5,1,72108.1,19937.65,78
230,20250201,5,1,69850.29,20876.98,52
231,20250301,5,1,72654.81,19828.57,43
232,20250401,5,1,65233.52,16651.25,45
233,20250501,5,1,65857.94,18019.23,49
234,20250601,5,1,64985.21,15903.2,42
235,20250701,5,1,51819.71,13990.57,38
236,20250801,5,1,53474.71,12736.97,52
237,20250901,5,1,65814.66,18360.25,39
238,20251001,5,1,62275.17,12859.08,42
239,20251101,5,1,77766.83,21030.89,55
240,20251201,5,1,84106.26,22248.88,55
241,20220101,6,1,63705.65,17313.0,45
242,20220201,6,1,71819.72,15391.92,43
243,20220301,6,1,58910.18,17575.27,52
244,20220401,6,1,64778.65,13840.04,40
245,20220501,6,1,70239.46,18583.85,54
246,20220601,6,1,68032.06,19515.1,72
247,20220701,6,1,54123.6,16087.78,45
248,20220801,6,1,54541.82,13328.64,31
249,20220901,6,1,59425.04,17408.41,65
250,20221001,6,1,63329.08,13655.66,41
251,20221101,6,1,87199.32,24048.36,50
252,20221201,6,1,86693.77,18155.89,60
253,20230101,6,1,71781.2,15660.75,51
254,20230201,6,1,70745.74,21185.19,52
255,20230301,6,1,70975.04,19020.27,55
256,20230401,6,1,71493.87,15946.45,72
257,20230501,6,1,65419.9,18722.15,60
258,20230601,6,1,62418.23,15442.82,52
259,20230701,6,1,54187.02,15826.6,31
260,20230801,6,1,55113.71,16369.03,47
261,20230901,6,1,62872.98,17730.99,39
262,20231001,6,1,67394.2,15040.47,53
263,20231101,6,1,79163.25,19559.92,81
264,20231201,6,1,74978.67,15445.47,53
265,20240101,6,1,69548.67,16314.8,57
266,20240201,6,1,70807.51,14618.53,42
267,20240301,6,1,65604.22,13612.56,43
268,20240401,6,1,59499.3,15300.17,39
269,20240501,6,1,64384.49,18236.68,48
270,20240601,6,1,62690.28,12625.14,57
271,20240701,6,1,53645.62,12900.82,48
272,20240801,6,1,56917.22,17031.77,37
273,20240901,6,1,62884.9,17523.51,42
274,20241001,6,1,69584.52,16538.45,74
275,20241101,6,1,72703.69,17565.46,53
276,20241201,6,1,81078.34,18074.72,61
277,20250101,6,1,66167.73,15819.33,54
278,20250201,6,1,65287.55,13461.97,40
279,20250301,6,1,62032.12,14690.21,62
280,20250401,6,1,63121.66,15276.56,44
281,20250501,6,1,63123.57,18861.34,37
282,20250601,6,1,69938.9,16375.45,47
283,20250701,6,1,57003.86,13265.93,59
284,20250801,6,1,61846.95,18275.19,40
285,20250901,6,1,61687.52,16947.49,44
286,20251001,6,1,69514.67,18469.33,39
287,20251101,6,1,77954.14,17141.69,44
288,20251201,6,1,79809.57,21148.38,87
289,20220101,7,1,72332.81,20697.27,57
290,20220201,7,1,60440.41,16448.54,37
291,20220301,7,1,70226.17,18009.65,48
292,20220401,7,1,63473.3,16947.8,36
293,20220501,7,1,71857.31,17048.99,54
294,20220601,7,1,71572.33,19865.28,69
295,20220701,7,1,51964.64,10988.29,32
296,20220801,7,1,57343.01,15035.69,37
297,20220901,7,1,70519.04,16151.66,52
298,20221001,7,1,70991.18,15981.96,58
299,20221101,7,1,86851.66,22820.14,82
300,20221201,7,1,76209.54,17893.5,61
301,20230101,7,1,68730.86,16921.43,75
302,20230201,7,1,71196.38,18894.34,75
303,20230301,7,1,70443.28,19771.13,68
304,20230401,7,1,71312.49,21227.86,45
305,20230501,7,1,72690.53,15551.74,43
306,20230601,7,1,58912.25,13369.8,47
307,20230701,7,1,52002.99,11889.49,38
308,20230801,7,1,54274.26,13574.64,33
309,20230901,7,1,62695.66,16837.57,59
310,20231001,7,1,68831.34,19462.24,68
311,20231101,7,1,76740.22,18133.27,57
312,20231201,7,1,70494.9,17320.73,55
313,20240101,7,1,69674.3,20148.13,48
314,20240201,7,1,66812.51,18553.03,64
315,20240301,7,1,71818.9,19801.05,46
316,20240401,7,1,60988.63,14560.27,59
317,20240501,7,1,63850.17,16668.67,63
318,20240601,7,1,71176.55,16886.45,61
319,20240701,7,1,55463.41,12713.61,34
320,20240801,7,1,62777.23,13176.25,39
321,20240901,7,1,59704.34,14709.12,63
322,20241001,7,1,63793.41,17055.54,52
323,20241101,7,1,86281.54,17632.41,71
324,20241201,7,1,86167.0,23577.87,75
325,20250101,7,1,60338.41,13019.0,56
326,20250201,7,1,68121.78,17029.17,38
327,20250301,7,1,66816.91,14904.2,47
328,20250401,7,1,67010.39,19989.95,65
329,20250501,7,1,59045.68,12183.44,63
330,20250601,7,1,70029.15,18383.48,45
331,20250701,7,1,57320.81,14542.5,57
332,20250801,7,1,58236.99,16218.23,63
333,20250901,7,1,60723.77,13803.11,42
334,20251001,7,1,69617.24,19650.48,48
335,20251101,7,1,79975.04,19007.08,73
336,20251201,7,1,75663.2,16734.82,73
337,20220101,8,1,59585.54,17808.14,47
338,20220201,8,1,72062.24,16498.87,40
339,20220301,8,1,61183.01,12898.9,41
340,20220401,8,1,71898.61,19759.58,73
341,20220501,8,1,72393.02,18577.25,76
342,20220601,8,1,61179.02,13068.73,35
343,20220701,8,1,55653.51,15732.99,36
344,20220801,8,1,63920.3,14850.4,66
345,20220901,8,1,69186.14,14759.27,67
346,20221001,8,1,70317.3,18084.33,41
347,20221101,8,1,77674.89,19593.13,82
348,20221201,8,1,74828.42,21980.34,49
349,20230101,8,1,70803.41,15662.07,41
350,20230201,8,1,60829.79,15317.68,53
351,20230301,8,1,67170.25,18639.35,54
352,20230401,8,1,59897.71,16099.66,33
353,20230501,8,1,66190.96,13837.5,51
354,20230601,8,1,70901.29,18775.8,73
355,20230701,8,1,62230.18,17161.47,58
356,20230801,8,1,61302.79,12900.51,37
357,20230901,8,1,69195.31,19434.22,40
358,20231001,8,1,62612.19,14119.43,35
359,20231101,8,1,83448.65,20246.6,73
360,20231201,8,1,77076.19,19509.9,67
361,20240101,8,1,66444.24,18807.81,61
362,20240201,8,1,72021.39,21072.53,61
363,20240301,8,1,60048.74,16631.3,39
364,20240401,8,1,61833.89,18460.22,40
365,20240501,8,1,71659.37,18602.08,48
366,20240601,8,1,63617.68,18600.54,55
367,20240701,8,1,59245.12,16779.9,58
368,20240801,8,1,54126.47,14500.4,42
369,20240901,8,1,62234.61,14697.79,59
370,20241001,8,1,64868.37,14922.93,40
371,20241101,8,1,79387.69,19452.33,58
372,20241201,8,1,72489.21,17306.51,51
373,20250101,8,1,72434.88,20195.8,41
374,20250201,8,1,62249.06,18662.43,39
375,20250301,8,1,61965.04,12681.38,36
376,20250401,8,1,62288.61,17722.25,47
377,20250501,8,1,64760.65,14822.87,61
378,20250601,8,1,65152.75,13673.0,48
379,20250701,8,1,58864.54,15854.32,51
380,20250801,8,1,58259.52,11677.63,35
381,20250901,8,1,59486.06,13665.64,64
382,20251001,8,1,61065.28,13487.73,36
383,20251101,8,1,77752.37,22186.49,71
384,20251201,8,1,85225.22,24329.41,92
385,20220101,9,1,69005.13,15479.03,68
386,20220201,9,1,71526.7,18241.59,47
387,20220301,9,1,64407.26,13611.08,47
388,20220401,9,1,68403.48,14143.55,41
389,20220501,9,1,69817.4,18194.85,39
390,20220601,9,1,62627.78,15924.38,58
391,20220701,9,1,62731.37,15557.7,62
392,20220801,9,1,58280.72,13112.4,37
393,20220901,9,1,62603.93,18531.36,51
394,20221001,9,1,64170.46,17753.21,65
395,20221101,9,1,79829.19,16813.78,46
396,20221201,9,1,73276.48,18199.72,47
397,20230101,9,1,72494.26,15389.15,42
398,20230201,9,1,60510.51,17912.47,48
399,20230301,9,1,58659.49,17463.28,32
400,20230401,9,1,66808.87,18975.63,41
401,20230501,9,1,67050.11,18890.84,45
402,20230601,9,1,60048.69,14111.34,37
403,20230701,9,1,57918.63,13919.56,50
404,20230801,9,1,53441.41,12782.62,32
405,20230901,9,1,66642.2,13433.87,62
406,20231001,9,1,65502.9,14749.88,42
407,20231101,9,1,85568.5,19130.4,59
408,20231201,9,1,80882.94,22165.08,80
409,20240101,9,1,69598.82,19409.41,56
410,20240201,9,1,62657.02,13817.2,61
411,20240301,9,1,68260.23,19328.64,44
412,20240401,9,1,64208.48,16723.13,52
413,20240501,9,1,63772.34,16376.11,44
414,20240601,9,1,62672.49,14535.99,61
415,20240701,9,1,58444.7,16512.59,41
416,20240801,9,1,54327.78,11575.67,37
417,20240901,9,1,63815.17,18572.34,44
418,20241001,9,1,71523.47,16598.23,59
419,20241101,9,1,73039.61,19791.37,49
420,20241201,9,1,79437.1,16330.89,57
421,20250101,9,1,60133.62,15635.78,51
422,20250201,9,1,67304.51,19638.67,50
423,20250301,9,1,66496.98,17806.49,56
424,20250401,9,1,63073.29,15047.37,58
425,20250501,9,1,58986.03,12278.62,65
426,20250601,9,1,60862.56,16447.62,39
427,20250701,9,1,61338.78,15421.17,52
428,20250801,9,1,61729.28,14450.4,38
429,20250901,9,1,62803.55,17659.1,58
430,20251001,9,1,60918.82,14999.88,42
431,20251101,9,1,83918.03,20960.16,56
432,20251201,9,1,84402.51,23269.03,56
433,20220101,10,1,59917.06,11989.85,51
434,20220201,10,1,58925.12,14837.81,60
435,20220301,10,1,66421.86,19066.61,51
436,20220401,10,1,59050.79,17163.94,35
437,20220501,10,1,69492.41,14274.04,54
438,20220601,10,1,66920.98,13655.34,55
439,20220701,10,1,58555.08,11956.47,34
440,20220801,10,1,62449.01,16384.74,45
441,20220901,10,1,63721.77,16761.03,67
442,20221001,10,1,59679.69,14958.38,53
443,20221101,10,1,83761.83,18200.37,51
444,20221201,10,1,71691.11,19770.94,47
445,20230101,10,1,59125.14,17635.9,46
446,20230201,10,1,58975.12,15945.41,34
447,20230301,10,1,68249.84,16670.17,54
448,20230401,10,1,68592.47,15971.48,53
449,20230501,10,1,61436.09,18136.76,63
450,20230601,10,1,59264.28,14630.19,59
451,20230701,10,1,60640.5,12750.82,38
452,20230801,10,1,59571.58,15376.37,52
453,20230901,10,1,58962.82,11851.54,55
454,20231001,10,1,67584.94,14660.54,44
455,20231101,10,1,83035.7,20128.8,91
456,20231201,10,1,71528.9,19360.94,60
457,20240101,10,1,71810.94,18932.19,55
458,20240201,10,1,61243.43,16293.14,48
459,20240301,10,1,64648.05,18536.89,38
460,20240401,10,1,68269.36,19455.39,69
461,20240501,10,1,65416.95,16375.39,47
462,20240601,10,1,64073.08,17503.55,57
463,20240701,10,1,54397.66,14274.94,56
464,20240801,10,1,55331.63,15865.34,33
465,20240901,10,1,70589.41,19358.32,57
466,20241001,10,1,59641.59,15258.78,45
467,20241101,10,1,76198.92,18063.81,58
468,20241201,10,1,74497.07,20566.21,53
469,20250101,10,1,71364.5,17357.21,64
470,20250201,10,1,62848.52,16512.51,50
471,20250301,10,1,69376.37,18366.66,40
472,20250401,10,1,64854.05,14332.55,53
473,20250501,10,1,68596.91,15630.87,49
474,20250601,10,1,70165.07,15053.7,47
475,20250701,10,1,62473.36,15254.15,50
476,20250801,10,1,55930.89,11270.98,39
477,20250901,10,1,61505.05,16711.65,61
478,20251001,10,1,65482.04,13378.77,36
479,20251101,10,1,73130.14,18419.19,42
480,20251201,10,1,82049.03,20031.98,46
481,20220101,11,2,142039.05,37388.41,92
482,20220201,11,2,156102.54,45383.51,97
483,20220301,11,2,133774.59,37137.95,76
484,20220401,11,2,155227.02,31475.93,92
485,20220501,11,2,139111.96,30327.98,133
486,20220601,11,2,141595.71,40000.43,85
487,20220701,11,2,114350.09,32326.45,81
488,20220801,11,2,120421.5,33275.7,71
489,20220901,11,2,139532.7,36869.21,101
490,20221001,11,2,128001.14,33308.16,97
491,20221101,11,2,176068.42,49484.7,106
492,20221201,11,2,187887.46,51052.15,122
493,20230101,11,2,144581.09,33125.59,154
494,20230201,11,2,131897.73,36888.98,86
495,20230301,11,2,139296.34,33222.77,82
496,20230401,11,2,138646.14,31402.27,118
497,20230501,11,2,144979.64,40011.45,133
498,20230601,11,2,152959.06,36284.46,167
499,20230701,11,2,137891.95,34172.76,112
500,20230801,11,2,117401.35,28193.35,68
501,20230901,11,2,137867.64,39235.78,98
502,20231001,11,2,144559.45,42714.4,105
503,20231101,11,2,187392.01,44319.14,159
504,20231201,11,2,161363.51,35904.77,134
505,20240101,11,2,127155.2,28222.07,116
506,20240201,11,2,127057.41,34344.28,88
507,20240301,11,2,127288.2,37496.47,105
508,20240401,11,2,147281.47,35908.58,110
509,20240501,11,2,151590.68,41463.23,93
510,20240601,11,2,139938.08,32644.55,83
511,20240701,11,2,128019.83,30533.42,141
512,20240801,11,2,123802.06,28134.39,122
513,20240901,11,2,143190.69,38671.56,86
514,20241001,11,2,129123.43,26225.48,76
515,20241101,11,2,172105.73,36722.64,172
516,20241201,11,2,162196.93,37511.57,103
517,20250101,11,2,150903.57,43023.33,159
518,20250201,11,2,143506.95,42733.48,112
519,20250301,11,2,152862.24,39061.72,146
520,20250401,11,2,131900.78,37082.24,77
521,20250501,11,2,136177.56,34847.69,106
522,20250601,11,2,132697.8,28696.51,91
523,20250701,11,2,118933.46,30355.74,119
524,20250801,11,2,112413.54,30092.99,95
525,20250901,11,2,152610.91,44221.73,110
526,20251001,11,2,147561.66,33122.21,83
527,20251101,11,2,155341.69,45685.0,122
528,20251201,11,2,178821.25,40456.94,140
529,20220101,12,2,72696.04,20320.26,41
530,20220201,12,2,60769.79,14970.21,37
531,20220301,12,2,66062.54,18963.24,43
532,20220401,12,2,63316.4,15293.46,47
533,20220501,12,2,66634.04,18713.52,42
534,20220601,12,2,61701.94,14363.04,39
535,20220701,12,2,56570.36,12983.56,35
536,20220801,12,2,51562.43,14248.5,53
537,20220901,12,2,71510.24,15058.1,40
538,20221001,12,2,68566.2,18363.4,50
539,20221101,12,2,77624.72,23133.76,56
540,20221201,12,2,73110.07,16407.93,61
541,20230101,12,2,60234.54,12785.59,62
542,20230201,12,2,71217.43,20665.6,60
543,20230301,12,2,58682.48,14076.76,54
544,20230401,12,2,71229.71,14450.38,41
545,20230501,12,2,71154.48,16630.08,50
546,20230601,12,2,60967.2,17710.59,44
547,20230701,12,2,55039.54,13025.04,32
548,20230801,12,2,63550.98,14344.05,39
549,20230901,12,2,59058.81,14669.8,40
550,20231001,12,2,66600.1,19286.38,53
551,20231101,12,2,75969.73,20349.33,79
552,20231201,12,2,72972.9,19292.72,72
553,20240101,12,2,70132.92,14912.97,40
554,20240201,12,2,69756.78,17808.34,42
555,20240301,12,2,70883.78,18998.21,43
556,20240401,12,2,60987.81,14236.94,43
557,20240501,12,2,72497.53,15964.19,51
558,20240601,12,2,63682.72,16665.27,42
559,20240701,12,2,56593.7,13060.18,42
560,20240801,12,2,51909.29,12436.17,49
561,20240901,12,2,70835.37,15068.49,77
562,20241001,12,2,70498.19,18511.67,70
563,20241101,12,2,83785.41,18833.74,72
564,20241201,12,2,76408.43,16727.88,65
565,20250101,12,2,64042.98,17882.08,36
566,20250201,12,2,60411.22,17428.88,46
567,20250301,12,2,70002.08,19793.39,64
568,20250401,12,2,61894.58,16102.17,37
569,20250501,12,2,65681.85,14743.09,38
570,20250601,12,2,67140.05,17413.49,38
571,20250701,12,2,52262.28,12418.43,45
572,20250801,12,2,59384.17,13803.3,44
573,20250901,12,2,66480.72,14248.7,41
574,20251001,12,2,60575.12,13537.78,54
575,20251101,12,2,83719.1,21171.92,69
576,20251201,12,2,86927.07,21025.76,51
577,20220101,13,2,71101.84,17571.96,72
578,20220201,13,2,60195.97,13098.33,33
579,20220301,13,2,62671.36,15544.2,60
580,20220401,13,2,67814.11,16604.63,51
581,20220501,13,2,63125.42,17213.92,46
582,20220601,13,2,65438.49,16290.99,46
583,20220701,13,2,52333.61,13335.96,31
584,20220801,13,2,55659.56,12325.71,42
585,20220901,13,2,72167.48,19007.01,41
586,20221001,13,2,63598.46,19064.79,52
587,20221101,13,2,80495.64,22478.35,63
588,20221201,13,2,77638.54,17844.96,65
589,20230101,13,2,59422.57,17364.97,51
590,20230201,13,2,69429.12,15481.94,44
591,20230301,13,2,64788.21,14973.7,37
592,20230401,13,2,64011.79,17471.58,54
593,20230501,13,2,62235.03,13339.55,38
594,20230601,13,2,72271.17,19484.27,53
595,20230701,13,2,55943.43,12895.75,59
596,20230801,13,2,62176.8,17334.79,49
597,20230901,13,2,58892.3,16543.29,41
598,20231001,13,2,63510.38,18983.08,67
599,20231101,13,2,83598.74,18874.59,64
600,20231201,13,2,77090.35,17438.64,59
601,20240101,13,2,68786.66,17175.93,60
602,20240201,13,2,66195.21,16023.92,61
603,20240301,13,2,67147.99,19860.84,71
604,20240401,13,2,59798.71,17239.06,54
605,20240501,13,2,71266.44,16225.77,69
606,20240601,13,2,65349.99,16354.06,44
607,20240701,13,2,52704.43,10934.23,32
608,20240801,13,2,51839.25,14931.87,44
609,20240901,13,2,60228.35,15544.94,45
610,20241001,13,2,61413.58,14570.58,39
611,20241101,13,2,72233.55,21483.92,43
612,20241201,13,2,78389.59,17909.37,46
613,20250101,13,2,60730.01,17999.36,56
614,20250201,13,2,68564.05,15785.03,61
615,20250301,13,2,68395.79,18624.31,62
616,20250401,13,2,68175.6,20177.82,62
617,20250501,13,2,68721.55,15557.33,52
618,20250601,13,2,69506.91,14309.06,66
619,20250701,13,2,59692.35,15639.13,35
620,20250801,13,2,55948.82,14064.16,39
621,20250901,13,2,72753.09,21138.89,62
622,20251001,13,2,67182.88,19019.03,45
623,20251101,13,2,76170.79,21223.76,56
624,20251201,13,2,79647.68,22344.44,88
625,20220101,14,2,64537.16,14884.9,45
626,20220201,14,2,59283.49,14463.68,37
627,20220301,14,2,70236.58,17215.06,45
628,20220401,14,2,62056.44,15573.89,47
629,20220501,14,2,71837.57,20060.1,69
630,20220601,14,2,64037.48,15341.09,36
631,20220701,14,2,55603.79,12264.13,53
632,20220801,14,2,63567.57,17126.72,42
633,20220901,14,2,72584.4,20467.44,48
634,20221001,14,2,61131.62,17736.74,59
635,20221101,14,2,70372.47,15220.85,44
636,20221201,14,2,79665.23,19637.72,57
637,20230101,14,2,72150.17,19494.37,71
638,20230201,14,2,63946.74,16654.57,67
639,20230301,14,2,61970.63,17122.29,34
640,20230401,14,2,68462.05,17858.23,38
641,20230501,14,2,59857.51,13308.83,38
642,20230601,14,2,60937.53,13599.48,58
643,20230701,14,2,61409.99,16761.25,34
644,20230801,14,2,56840.06,12201.93,46
645,20230901,14,2,65112.99,18799.6,38
646,20231001,14,2,70015.36,14033.45,68
647,20231101,14,2,74494.08,19556.04,65
648,20231201,14,2,82599.75,19992.48,71
649,20240101,14,2,63667.52,13448.94,66
650,20240201,14,2,67785.5,15208.29,60
651,20240301,14,2,64831.69,17523.35,42
652,20240401,14,2,65869.28,14859.16,40
653,20240501,14,2,71406.6,16592.28,57
654,20240601,14,2,66643.7,15281.02,59
655,20240701,14,2,53526.87,14156.28,44
656,20240801,14,2,53273.52,10691.34,30
657,20240901,14,2,69399.07,17258.89,47
658,20241001,14,2,69585.28,16291.41,41
659,20241101,14,2,86725.83,21630.41,76
660,20241201,14,2,76362.79,22593.46,67
661,20250101,14,2,71661.9,19006.39,44
662,20250201,14,2,65313.32,19163.61,58
663,20250301,14,2,62057.84,15668.02,34
664,20250401,14,2,71054.87,18779.47,50
665,20250501,14,2,65188.57,15004.49,37
666,20250601,14,2,61127.04,17363.22,66
667,20250701,14,2,58939.43,17537.5,48
668,20250801,14,2,54825.5,14986.14,54
669,20250901,14,2,60205.22,14779.5,45
670,20251001,14,2,70222.18,20583.5,54
671,20251101,14,2,80745.59,20422.86,54
672,20251201,14,2,73038.49,16078.95,42
673,20220101,15,2,67681.06,19501.64,69
674,20220201,15,2,71023.65,17916.94,42
675,20220301,15,2,70747.97,20436.22,60
676,20220401,15,2,61944.99,18163.59,39
677,20220501,15,2,71177.25,16236.29,41
678,20220601,15,2,68242.96,17634.94,38
679,20220701,15,2,55617.34,12208.19,31
680,20220801,15,2,62784.72,16836.27,39
681,20220901,15,2,65870.33,14444.81,49
682,20221001,15,2,60239.4,12062.44,44
683,20221101,15,2,76324.11,16041.38,48
684,20221201,15,2,74169.97,21478.93,66
685,20230101,15,2,62735.13,16837.15,38
686,20230201,15,2,68139.73,14634.47,55
687,20230301,15,2,69364.54,19516.44,44
688,20230401,15,2,61009.97,12472.33,34
689,20230501,15,2,61259.74,15461.39,38
690,20230601,15,2,67133.76,15065.6,64
691,20230701,15,2,52153.3,13266.47,29
692,20230801,15,2,57468.24,12646.24,42
693,20230901,15,2,68024.85,15134.37,67
694,20231001,15,2,66103.93,19351.83,36
695,20231101,15,2,71110.67,18801.22,58
696,20231201,15,2,86261.79,22865.84,49
697,20240101,15,2,61898.53,14581.25,42
698,20240201,15,2,64547.92,18799.06,42
699,20240301,15,2,71460.78,21142.38,64
700,20240401,15,2,59828.6,17225.23,57
701,20240501,15,2,69823.28,20296.46,59
702,20240601,15,2,72369.13,20796.03,41
703,20240701,15,2,56830.01,14497.45,35
704,20240801,15,2,62593.85,13511.3,41
705,20240901,15,2,61062.09,12227.69,38
706,20241001,15,2,64627.15,17406.73,67
707,20241101,15,2,81462.28,19557.53,57
708,20241201,15,2,86491.52,22293.64,48
709,20250101,15,2,59222.63,17116.79,32
710,20250201,15,2,61432.31,14014.26,59
711,20250301,15,2,63594.29,16553.45,59
712,20250401,15,2,62001.46,17223.21,39
713,20250501,15,2,69546.8,15028.69,45
714,20250601,15,2,70202.53,16418.95,40
715,20250701,15,2,56237.39,11959.45,45
716,20250801,15,2,60938.03,13370.17,55
717,20250901,15,2,60361.53,12418.01,58
718,20251001,15,2,71541.99,14376.79,47
719,20251101,15,2,75264.38,22506.23,42
720,20251201,15,2,85694.36,19411.92,92
721,20220101,16,2,72396.24,17865.71,73
722,20220201,16,2,68090.12,19673.32,61
723,20220301,16,2,64804.81,18475.71,46
724,20220401,16,2,63839.96,15783.38,51
725,20220501,16,2,60758.11,14510.25,53
726,20220601,16,2,70966.52,21174.49,75
727,20220701,16,2,54994.22,11162.69,34
728,20220801,16,2,52803.54,13936.61,50
729,20220901,16,2,63086.92,15571.37,47
730,20221001,16,2,67827.38,16104.58,51
731,20221101,16,2,70878.11,18604.98,48
732,20221201,16,2,80024.47,18559.02,53
733,20230101,16,2,58865.24,12137.27,33
734,20230201,16,2,68485.41,18070.56,55
735,20230301,16,2,64921.27,15152.77,65
736,20230401,16,2,63409.1,14614.83,48
737,20230501,16,2,66959.46,16165.38,50
738,20230601,16,2,64717.96,13018.97,52
739,20230701,16,2,58462.16,17031.21,61
740,20230801,16,2,55864.84,16471.35,32
741,20230901,16,2,64742.13,13226.45,47
742,20231001,16,2,69351.32,14165.96,65
743,20231101,16,2,83086.97,24073.11,68
744,20231201,16,2,83642.77,18748.46,87
745,20240101,16,2,69543.79,14278.22,52
746,20240201,16,2,63817.54,17581.26,40
747,20240301,16,2,59578.71,12915.76,37
748,20240401,16,2,68175.56,16153.78,38
749,20240501,16,2,71090.94,16706.6,42
750,20240601,16,2,61812.24,15036.01,58
751,20240701,16,2,62933.19,13187.2,37
752,20240801,16,2,55272.72,15649.65,41
753,20240901,16,2,58783.28,11845.61,33
754,20241001,16,2,61262.72,13732.01,49
755,20241101,16,2,85018.24,22084.86,49
756,20241201,16,2,84909.45,21297.8,83
757,20250101,16,2,58925.67,16271.15,37
758,20250201,16,2,61240.26,16378.92,58
759,20250301,16,2,65827.04,16401.89,60
760,20250401,16,2,68556.3,13996.33,40
761,20250501,16,2,67985.5,14747.84,50
762,20250601,16,2,63549.0,12874.11,52
763,20250701,16,2,61249.22,16007.65,36
764,20250801,16,2,55666.7,11785.1,49
765,20250901,16,2,71236.92,16805.67,57
766,20251001,16,2,63616.27,16982.46,39
767,20251101,16,2,83000.33,23490.2,78
768,20251201,16,2,86111.02,23738.39,49
769,20220101,17,2,71597.49,18511.98,48
770,20220201,17,2,71406.42,14484.03,47
771,20220301,17,2,66403.18,17873.56,42
772,20220401,17,2,67316.9,16697.05,47
773,20220501,17,2,58998.55,12974.61,46
774,20220601,17,2,61902.27,13300.01,36
775,20220701,17,2,57792.34,13984.96,36
776,20220801,17,2,62243.86,15208.58,54
777,20220901,17,2,72539.54,17168.18,75
778,20221001,17,2,63281.06,13413.64,41
779,20221101,17,2,87347.6,23438.96,87
780,20221201,17,2,76379.74,20921.25,49
781,20230101,17,2,61881.38,16171.49,64
782,20230201,17,2,63370.7,15358.6,36
783,20230301,17,2,70009.63,19839.69,69
784,20230401,17,2,62488.67,17212.0,60
785,20230501,17,2,68997.98,17521.99,73
786,20230601,17,2,67212.85,14830.75,44
787,20230701,17,2,58883.67,14601.27,41
788,20230801,17,2,61206.11,15329.28,56
789,20230901,17,2,66518.23,14819.49,47
790,20231001,17,2,62375.43,14103.37,45
791,20231101,17,2,78909.54,19247.15,62
792,20231201,17,2,80160.38,18091.39,80
793,20240101,17,2,60027.07,17754.93,59
794,20240201,17,2,60730.53,17423.33,37
795,20240301,17,2,67409.78,18838.55,51
796,20240401,17,2,70134.54,18289.62,63
797,20240501,17,2,71103.95,14855.71,73
798,20240601,17,2,68531.75,16126.22,60
799,20240701,17,2,57771.44,17182.38,32
800,20240801,17,2,60470.81,15348.65,35
801,20240901,17,2,59220.59,16681.03,57
802,20241001,17,2,61408.39,14405.36,34
803,20241101,17,2,75782.23,16433.62,58
804,20241201,17,2,80926.37,17247.67,45
805,20250101,17,2,69785.75,17509.55,59
806,20250201,17,2,60247.19,17699.37,49
807,20250301,17,2,65318.53,17596.02,62
808,20250401,17,2,70327.42,16789.68,49
809,20250501,17,2,63113.58,14193.31,44
810,20250601,17,2,71362.24,18498.06,52
811,20250701,17,2,62438.75,14511.49,63
812,20250801,17,2,52676.6,15749.89,36
813,20250901,17,2,62524.98,18719.49,51
814,20251001,17,2,60558.62,17511.62,39
815,20251101,17,2,84266.06,22090.97,90
816,20251201,17,2,72416.64,16255.27,43
817,20220101,18,2,61211.32,14623.09,42
818,20220201,18,2,62351.68,12527.74,68
819,20220301,18,2,59661.54,13618.64,49
820,20220401,18,2,65509.93,14310.02,68
821,20220501,18,2,71747.05,19170.2,41
822,20220601,18,2,69739.42,20054.52,43
823,20220701,18,2,60241.74,14498.43,46
824,20220801,18,2,57713.17,11625.62,42
825,20220901,18,2,66268.75,15622.96,63
826,20221001,18,2,70683.26,20812.33,64
827,20221101,18,2,86272.5,19555.09,48
828,20221201,18,2,74873.25,18516.46,63
829,20230101,18,2,61418.74,12882.43,66
830,20230201,18,2,62306.42,12467.24,44
831,20230301,18,2,71128.92,17519.99,48
832,20230401,18,2,61557.72,14053.05,36
833,20230501,18,2,66437.49,15597.88,51
834,20230601,18,2,60891.86,13734.4,62
835,20230701,18,2,58240.0,11854.39,35
836,20230801,18,2,59968.34,14696.24,33
837,20230901,18,2,59872.67,17489.33,35
838,20231001,18,2,71378.34,16109.12,51
839,20231101,18,2,84457.25,21719.39,49
840,20231201,18,2,77152.7,18213.03,51
841,20240101,18,2,67797.45,16795.53,42
842,20240201,18,2,66007.21,19026.33,50
843,20240301,18,2,71887.91,19432.31,51
844,20240401,18,2,67703.28,16617.99,39
845,20240501,18,2,70234.9,20406.88,47
846,20240601,18,2,72526.46,16611.06,61
847,20240701,18,2,59701.34,12805.85,34
848,20240801,18,2,61141.98,15657.79,40
849,20240901,18,2,66486.45,15762.24,48
850,20241001,18,2,64535.24,16914.37,65
851,20241101,18,2,74882.39,17500.08,59
852,20241201,18,2,85605.03,23562.6,83
853,20250101,18,2,66965.53,19595.59,42
854,20250201,18,2,60078.95,15258.24,48
855,20250301,18,2,60092.05,13198.61,38
856,20250401,18,2,65109.21,15277.82,45
857,20250501,18,2,62621.59,16753.27,40
858,20250601,18,2,67601.66,19199.59,46
859,20250701,18,2,63748.66,14183.89,45
860,20250801,18,2,61538.19,17552.85,36
861,20250901,18,2,70308.01,20352.81,49
862,20251001,18,2,70353.28,19260.54,45
863,20251101,18,2,77717.07,16553.52,65
864,20251201,18,2,86566.78,20275.12,70
865,20220101,19,2,61776.91,16094.88,49
866,20220201,19,2,69778.42,14701.83,39
867,20220301,19,2,58896.82,17052.12,55
868,20220401,19,2,64569.56,15139.44,68
869,20220501,19,2,61737.13,14668.79,42
870,20220601,19,2,68954.53,19725.61,53
871,20220701,19,2,63651.9,16990.42,36
872,20220801,19,2,55125.41,14108.25,43
873,20220901,19,2,64721.93,17417.04,36
874,20221001,19,2,60465.94,16278.19,43
875,20221101,19,2,83033.92,18995.53,88
876,20221201,19,2,73662.31,18087.19,61
877,20230101,19,2,59667.64,15684.7,37
878,20230201,19,2,72484.86,18397.03,70
879,20230301,19,2,70325.35,19667.77,60
880,20230401,19,2,61718.86,13871.55,59
881,20230501,19,2,63948.94,15004.77,47
882,20230601,19,2,65406.72,19218.22,40
883,20230701,19,2,55836.91,11560.49,39
884,20230801,19,2,60368.73,14526.79,43
885,20230901,19,2,71881.95,18820.65,59
886,20231001,19,2,61112.75,15332.94,64
887,20231101,19,2,86898.85,18631.07,64
888,20231201,19,2,75424.86,17130.29,62
889,20240101,19,2,67735.52,18841.28,60
890,20240201,19,2,64501.85,15513.62,66
891,20240301,19,2,60006.63,17256.45,37
892,20240401,19,2,59459.92,15821.34,39
893,20240501,19,2,65562.77,13176.02,59
894,20240601,19,2,68648.08,18040.7,54
895,20240701,19,2,60579.75,15858.44,49
896,20240801,19,2,53884.58,14739.79,40
897,20240901,19,2,65668.75,14603.08,43
898,20241001,19,2,61207.02,15338.57,64
899,20241101,19,2,84708.68,24899.99,47
900,20241201,19,2,77216.47,17796.08,63
901,20250101,19,2,61587.45,18196.36,59
902,20250201,19,2,66710.37,18676.01,41
903,20250301,19,2,61215.33,13743.61,36
904,20250401,19,2,62808.76,14547.94,36
905,20250501,19,2,66711.85,18597.05,66
906,20250601,19,2,64172.6,18014.09,52
907,20250701,19,2,59775.95,14060.84,43
908,20250801,19,2,55890.77,16558.85,49
909,20250901,19,2,59821.04,13079.71,34
910,20251001,19,2,60838.81,15362.69,63
911,20251101,19,2,85800.84,21563.09,49
912,20251201,19,2,81222.24,22103.9,62
913,20220101,20,2,69469.08,20191.51,59
914,20220201,20,2,65801.47,16909.79,45
915,20220301,20,2,65042.87,17266.4,41
916,20220401,20,2,71399.35,14527.31,42
917,20220501,20,2,71725.28,15579.71,41
918,20220601,20,2,66493.7,18091.27,40
919,20220701,20,2,55617.21,13691.98,61
920,20220801,20,2,62840.07,13005.25,46
921,20220901,20,2,60456.24,16069.72,55
922,20221001,20,2,71350.66,20438.91,74
923,20221101,20,2,83628.54,22961.43,76
924,20221201,20,2,86670.4,23605.19,68
925,20230101,20,2,58778.07,17191.8,42
926,20230201,20,2,60476.95,13836.04,43
927,20230301,20,2,67996.89,18836.64,41
928,20230401,20,2,67959.27,14894.88,67
929,20230501,20,2,69158.22,14796.59,76
930,20230601,20,2,59307.46,12701.21,43
931,20230701,20,2,58117.48,16978.55,41
932,20230801,20,2,54193.31,12539.6,39
933,20230901,20,2,68016.98,15869.02,49
934,20231001,20,2,67380.12,14663.65,42
935,20231101,20,2,79873.11,17076.13,45
936,20231201,20,2,86545.65,18232.26,66
937,20240101,20,2,69464.95,18961.62,41
938,20240201,20,2,66194.51,19774.54,41
939,20240301,20,2,72604.07,14905.21,41
940,20240401,20,2,69476.23,20689.09,55
941,20240501,20,2,64669.82,19363.75,44
942,20240601,20,2,61072.38,17771.12,37
943,20240701,20,2,55250.02,15363.34,34
944,20240801,20,2,58695.76,16233.18,33
945,20240901,20,2,70146.02,14795.91,70
946,20241001,20,2,70662.9,18284.64,40
947,20241101,20,2,81283.9,23078.11,54
948,20241201,20,2,84404.57,21054.04,63
949,20250101,20,2,62459.45,16318.52,55
950,20250201,20,2,69647.25,17756.56,45
951,20250301,20,2,62072.38,17032.94,48
952,20250401,20,2,66568.05,15754.8,55
953,20250501,20,2,63931.03,17990.91,59
954,20250601,20,2,65091.58,19098.46,54
955,20250701,20,2,61930.59,18464.95,45
956,20250801,20,2,53300.8,13986.42,31
957,20250901,20,2,64590.24,17600.89,44
958,20251001,20,2,60652.91,12800.99,37
959,20251101,20,2,83557.24,20657.75,57
960,20251201,20,2,70997.99,20592.04,66
961,20220101,21,3,130669.69,38435.42,115
962,20220201,21,3,130585.14,32082.78,110
963,20220301,21,3,137981.83,27739.26,78
964,20220401,21,3,153311.15,31039.59,90
965,20220501,21,3,142142.57,30146.4,136
966,20220601,21,3,132105.95,37273.69,122
967,20220701,21,3,135011.37,30200.74,108
968,20220801,21,3,121664.33,35650.48,82
969,20220901,21,3,130943.55,38700.03,91
970,20221001,21,3,142350.96,38170.44,145
971,20221101,21,3,174945.79,44765.0,114
972,20221201,21,3,154671.53,39793.51,128
973,20230101,21,3,144180.63,36701.49,96
974,20230201,21,3,156385.58,34697.04,136
975,20230301,21,3,140461.04,30105.34,133
976,20230401,21,3,141770.3,35568.21,89
977,20230501,21,3,155190.49,37872.07,92
978,20230601,21,3,135183.84,30753.32,82
979,20230701,21,3,127314.27,33271.65,102
980,20230801,21,3,127193.08,31631.56,128
981,20230901,21,3,142197.39,31831.7,86
982,20231001,21,3,136113.23,37518.51,79
983,20231101,21,3,154467.79,40862.18,123
984,20231201,21,3,175809.45,42360.86,176
985,20240101,21,3,135440.35,35501.36,81
986,20240201,21,3,144349.42,36844.53,83
987,20240301,21,3,150571.08,31086.61,131
988,20240401,21,3,127181.1,25591.78,91
989,20240501,21,3,143186.52,30282.84,143
990,20240601,21,3,128533.35,34612.29,86
991,20240701,21,3,129682.26,27565.39,72
992,20240801,21,3,120645.42,25376.63,71
993,20240901,21,3,132256.95,30185.35,111
994,20241001,21,3,133932.26,39461.97,95
995,20241101,21,3,179141.23,40749.98,107
996,20241201,21,3,177991.03,44692.84,151
997,20250101,21,3,148874.85,33003.16,113
998,20250201,21,3,134747.0,29010.91,144
999,20250301,21,3,155452.76,31744.58,103
1000,20250401,21,3,133126.7,27152.19,133
1001,20250501,21,3,131060.68,27429.51,92
1002,20250601,21,3,146338.84,37073.54,109
1003,20250701,21,3,130461.74,32141.37,116
1004,20250801,21,3,124443.3,27207.47,79
1005,20250901,21,3,126176.64,30520.91,133
1006,20251001,21,3,153280.54,39451.77,122
1007,20251101,21,3,181578.56,43205.11,140
1008,20251201,21,3,187392.56,53442.95,105
1009,20220101,22,3,68322.18,15332.0,50
1010,20220201,22,3,66949.16,15271.36,62
1011,20220301,22,3,67700.82,14264.59,65
1012,20220401,22,3,67640.18,13636.53,53
1013,20220501,22,3,62172.26,13450.76,38
1014,20220601,22,3,67753.98,18614.34,55
1015,20220701,22,3,62843.51,12678.6,36
1016,20220801,22,3,53271.8,14233.8,36
1017,20220901,22,3,65557.92,18573.32,50
1018,20221001,22,3,58699.55,13568.0,39
1019,20221101,22,3,81858.41,23494.36,83
1020,20221201,22,3,82364.33,21701.98,48
1021,20230101,22,3,63786.53,12780.62,54
1022,20230201,22,3,69565.99,16224.19,56
1023,20230301,22,3,60742.76,16795.16,49
1024,20230401,22,3,66306.86,16897.12,41
1025,20230501,22,3,64250.64,16307.85,67
1026,20230601,22,3,66735.8,14880.5,41
1027,20230701,22,3,59006.47,16031.09,38
1028,20230801,22,3,62459.38,17747.74,60
1029,20230901,22,3,61338.78,13337.94,53
1030,20231001,22,3,63306.66,15467.37,44
1031,20231101,22,3,83380.85,18333.68,87
1032,20231201,22,3,74924.11,20899.35,71
1033,20240101,22,3,65437.78,16907.8,36
1034,20240201,22,3,70779.82,15456.85,63
1035,20240301,22,3,67813.16,13975.63,39
1036,20240401,22,3,64385.5,16497.67,43
1037,20240501,22,3,67066.2,16047.01,37
1038,20240601,22,3,69081.09,20143.24,40
1039,20240701,22,3,60772.52,15746.44,48
1040,20240801,22,3,63115.37,14463.07,42
1041,20240901,22,3,63729.28,17820.82,41
1042,20241001,22,3,68633.46,20300.0,44
1043,20241101,22,3,76640.01,17622.81,71
1044,20241201,22,3,75739.96,16969.5,69
1045,20250101,22,3,59473.25,12399.93,36
1046,20250201,22,3,71667.79,14574.16,50
1047,20250301,22,3,72092.61,21484.27,43
1048,20250401,22,3,68723.23,18163.8,48
1049,20250501,22,3,61440.41,17269.38,47
1050,20250601,22,3,64467.65,16561.86,43
1051,20250701,22,3,61780.92,18249.01,42
1052,20250801,22,3,63571.39,16465.22,43
1053,20250901,22,3,67661.38,14788.81,43
1054,20251001,22,3,60589.37,15939.24,59
1055,20251101,22,3,79642.38,22135.0,71
1056,20251201,22,3,77174.29,17693.43,50
1057,20220101,23,3,66677.43,19305.19,50
1058,20220201,23,3,69408.68,14147.44,46
1059,20220301,23,3,61817.68,12803.29,66
1060,20220401,23,3,70244.57,20468.31,51
1061,20220501,23,3,60237.13,13216.07,42
1062,20220601,23,3,71874.79,18177.17,74
1063,20220701,23,3,54592.06,14607.97,35
1064,20220801,23,3,57586.4,13672.58,47
1065,20220901,23,3,59336.08,14170.78,58
1066,20221001,23,3,72147.32,18911.48,63
1067,20221101,23,3,80791.45,21228.47,67
1068,20221201,23,3,72640.67,21233.53,49
1069,20230101,23,3,64967.97,16241.11,51
1070,20230201,23,3,68960.12,20378.09,50
1071,20230301,23,3,70815.13,14498.96,47
1072,20230401,23,3,66064.65,17182.66,57
1073,20230501,23,3,65770.66,13278.84,41
1074,20230601,23,3,66797.55,14112.96,46
1075,20230701,23,3,61810.19,12538.3,39
1076,20230801,23,3,56619.73,14495.21,31
1077,20230901,23,3,66105.46,14088.16,58
1078,20231001,23,3,62472.11,17259.53,42
1079,20231101,23,3,83346.75,19805.33,69
1080,20231201,23,3,81835.23,21124.94,83
1081,20240101,23,3,71458.84,17225.79,46
1082,20240201,23,3,72446.91,18131.99,49
1083,20240301,23,3,59508.21,13822.46,37
1084,20240401,23,3,67005.72,16775.19,38
1085,20240501,23,3,66856.32,14905.81,74
1086,20240601,23,3,70424.76,18484.2,43
1087,20240701,23,3,62321.72,16758.66,44
1088,20240801,23,3,59196.42,15604.5,55
1089,20240901,23,3,69718.89,17567.82,46
1090,20241001,23,3,59925.38,12934.1,43
1091,20241101,23,3,87226.8,21194.6,67
1092,20241201,23,3,81759.66,17177.87,50
1093,20250101,23,3,65162.13,16357.91,68
1094,20250201,23,3,72380.74,17079.28,43
1095,20250301,23,3,65264.39,17119.46,55
1096,20250401,23,3,67288.45,17323.34,72
1097,20250501,23,3,69554.4,14429.99,45
1098,20250601,23,3,69383.2,14078.52,41
1099,20250701,23,3,56154.94,11745.77,58
1100,20250801,23,3,52900.65,15336.66,55
1101,20250901,23,3,70748.42,16194.94,43
1102,20251001,23,3,70395.88,18962.36,41
1103,20251101,23,3,74886.24,16659.33,42
1104,20251201,23,3,70692.54,15091.16,50
1105,20220101,24,3,59415.77,16533.78,35
1106,20220201,24,3,66835.26,15710.14,42
1107,20220301,24,3,59504.47,14975.01,36
1108,20220401,24,3,72680.56,21311.36,47
1109,20220501,24,3,68924.13,18888.06,62
1110,20220601,24,3,62179.08,17339.38,54
1111,20220701,24,3,61912.52,13092.93,54
1112,20220801,24,3,61597.49,15455.16,44
1113,20220901,24,3,68161.56,14441.59,68
1114,20221001,24,3,69836.35,20716.06,43
1115,20221101,24,3,71151.49,15295.83,48
1116,20221201,24,3,72466.32,17097.17,47
1117,20230101,24,3,63774.93,16198.57,53
1118,20230201,24,3,62791.93,16003.36,63
1119,20230301,24,3,70049.85,14993.58,39
1120,20230401,24,3,63612.73,19010.32,45
1121,20230501,24,3,69658.46,18314.67,59
1122,20230601,24,3,69020.11,14389.84,49
1123,20230701,24,3,62682.67,13337.09,46
1124,20230801,24,3,53210.06,13957.08,34
1125,20230901,24,3,71162.23,14482.11,40
1126,20231001,24,3,69334.13,18396.18,60
1127,20231101,24,3,74242.72,20666.16,72
1128,20231201,24,3,72888.8,16958.02,40
1129,20240101,24,3,64284.47,16356.7,37
1130,20240201,24,3,60883.34,13020.34,34
1131,20240301,24,3,58925.69,12992.19,56
1132,20240401,24,3,61911.82,17118.75,39
1133,20240501,24,3,66050.04,17353.03,61
1134,20240601,24,3,59833.31,14384.2,37
1135,20240701,24,3,52571.53,15575.79,34
1136,20240801,24,3,52170.93,11503.28,37
1137,20240901,24,3,70416.29,20387.71,44
1138,20241001,24,3,62566.52,18547.17,66
1139,20241101,24,3,82184.12,21425.2,53
1140,20241201,24,3,86323.55,19877.49,65
1141,20250101,24,3,72069.98,15842.3,61
1142,20250201,24,3,65278.63,15644.08,72
1143,20250301,24,3,67307.7,14618.58,41
1144,20250401,24,3,60425.47,12196.35,48
1145,20250501,24,3,69219.04,20525.79,52
1146,20250601,24,3,59514.59,13315.23,34
1147,20250701,24,3,61459.37,14348.12,44
1148,20250801,24,3,59423.99,13707.28,64
1149,20250901,24,3,58915.23,16004.04,43
1150,20251001,24,3,60380.91,17157.06,49
1151,20251101,24,3,77452.09,18324.88,50
1152,20251201,24,3,71705.79,17845.68,71
1153,20220101,25,3,69065.5,16120.17,61
1154,20220201,25,3,65318.52,17561.95,42
1155,20220301,25,3,68018.83,17787.95,63
1156,20220401,25,3,62771.69,15039.2,65
1157,20220501,25,3,69112.19,18682.04,60
1158,20220601,25,3,68720.5,16693.15,42
1159,20220701,25,3,52492.58,13387.96,34
1160,20220801,25,3,56031.08,15415.2,34
1161,20220901,25,3,63667.07,14293.76,57
1162,20221001,25,3,67787.25,19111.12,67
1163,20221101,25,3,75348.72,16205.38,51
1164,20221201,25,3,73490.21,15704.22,75
1165,20230101,25,3,63785.32,15972.88,60
1166,20230201,25,3,67991.25,14433.36,63
1167,20230301,25,3,64615.26,17382.18,59
1168,20230401,25,3,58944.28,16357.09,34
1169,20230501,25,3,66278.63,13578.47,37
1170,20230601,25,3,67285.41,19987.22,47
1171,20230701,25,3,57627.13,12793.72,33
1172,20230801,25,3,61087.83,16545.53,44
1173,20230901,25,3,58699.48,13587.96,57
1174,20231001,25,3,67716.44,16139.0,46
1175,20231101,25,3,74927.79,16704.12,53
1176,20231201,25,3,87270.1,18451.94,56
1177,20240101,25,3,66719.87,15090.52,62
1178,20240201,25,3,71519.97,20845.99,61
1179,20240301,25,3,67874.47,16741.47,52
1180,20240401,25,3,66870.22,16461.3,66
1181,20240501,25,3,69657.21,19882.87,41
1182,20240601,25,3,64823.47,15392.05,49
1183,20240701,25,3,57545.51,16531.41,56
1184,20240801,25,3,55780.36,15623.61,41
1185,20240901,25,3,61441.59,15651.12,50
1186,20241001,25,3,61630.48,17296.86,34
1187,20241101,25,3,74024.39,21731.22,65
1188,20241201,25,3,83628.93,18749.67,55
1189,20250101,25,3,61032.06,14756.02,36
1190,20250201,25,3,67440.68,16389.85,53
1191,20250301,25,3,63041.81,13583.77,36
1192,20250401,25,3,68461.28,20151.69,41
1193,20250501,25,3,64290.16,13512.17,64
1194,20250601,25,3,70412.95,15478.09,42
1195,20250701,25,3,62009.8,15778.49,51
1196,20250801,25,3,59600.81,16804.64,44
1197,20250901,25,3,68722.16,16666.8,61
1198,20251001,25,3,60729.37,15440.51,62
1199,20251101,25,3,70546.62,19643.59,49
1200,20251201,25,3,78450.21,15880.13,53
1201,20220101,26,3,68345.83,16853.83,44
1202,20220201,26,3,60919.84,14001.31,50
1203,20220301,26,3,58829.84,12072.95,65
1204,20220401,26,3,69043.91,15779.09,49
1205,20220501,26,3,61162.36,18134.9,66
1206,20220601,26,3,64483.77,12976.96,63
1207,20220701,26,3,57577.39,11808.02,45
1208,20220801,26,3,51693.8,12732.33,47
1209,20220901,26,3,59686.17,17231.86,49
1210,20221001,26,3,61573.09,14158.95,42
1211,20221101,26,3,78692.48,23193.74,74
1212,20221201,26,3,72301.94,16577.47,67
1213,20230101,26,3,61446.66,12690.1,65
1214,20230201,26,3,62960.69,12645.29,65
1215,20230301,26,3,64692.62,13873.93,40
1216,20230401,26,3,64446.84,18517.9,39
1217,20230501,26,3,61345.27,12643.67,65
1218,20230601,26,3,68715.87,15623.15,56
1219,20230701,26,3,51669.12,12632.68,31
1220,20230801,26,3,62539.3,17138.4,53
1221,20230901,26,3,67943.58,18682.61,42
1222,20231001,26,3,63061.37,17612.99,37
1223,20231101,26,3,81414.1,24330.72,55
1224,20231201,26,3,76077.72,21668.13,83
1225,20240101,26,3,72679.15,14608.34,53
1226,20240201,26,3,66644.24,13596.94,65
1227,20240301,26,3,64266.36,15639.88,59
1228,20240401,26,3,64396.62,17847.51,46
1229,20240501,26,3,59335.62,12680.57,46
1230,20240601,26,3,62576.37,15049.4,44
1231,20240701,26,3,58434.86,15549.31,40
1232,20240801,26,3,51821.41,12967.17,30
1233,20240901,26,3,59535.73,14956.38,33
1234,20241001,26,3,71815.48,16284.02,57
1235,20241101,26,3,82048.19,19269.64,85
1236,20241201,26,3,85756.42,19335.6,84
1237,20250101,26,3,69502.24,16760.23,46
1238,20250201,26,3,59320.86,12505.4,33
1239,20250301,26,3,68638.68,20549.65,65
1240,20250401,26,3,61226.61,12620.75,52
1241,20250501,26,3,68433.67,15388.05,59
1242,20250601,26,3,60184.53,13911.68,34
1243,20250701,26,3,60044.66,15942.2,48
1244,20250801,26,3,61839.68,16309.72,40
1245,20250901,26,3,71038.73,18780.73,44
1246,20251001,26,3,70600.61,15899.95,66
1247,20251101,26,3,86659.72,22985.21,63
1248,20251201,26,3,82346.84,18927.21,64
1249,20220101,27,3,63788.99,17731.06,64
1250,20220201,27,3,70819.61,14582.33,53
1251,20220301,27,3,64228.8,18833.26,54
1252,20220401,27,3,72776.89,15094.23,49
1253,20220501,27,3,70068.47,19616.07,60
1254,20220601,27,3,69044.15,17687.16,44
1255,20220701,27,3,59339.9,14334.89,37
1256,20220801,27,3,57884.65,17271.84,59
1257,20220901,27,3,70785.9,17520.45,44
1258,20221001,27,3,68168.89,19986.06,39
1259,20221101,27,3,84328.66,23908.08,63
1260,20221201,27,3,83036.65,24325.65,87
1261,20230101,27,3,65809.24,15095.24,49
1262,20230201,27,3,62260.44,15922.15,46
1263,20230301,27,3,64610.73,16766.07,36
1264,20230401,27,3,63271.53,18101.38,50
1265,20230501,27,3,62627.95,18228.94,61
1266,20230601,27,3,58924.52,15593.87,47
1267,20230701,27,3,61661.55,12833.96,37
1268,20230801,27,3,62617.56,14747.04,58
1269,20230901,27,3,68889.15,19340.72,39
1270,20231001,27,3,59704.71,17619.71,58
1271,20231101,27,3,76973.12,19711.76,59
1272,20231201,27,3,83342.04,18062.26,48
1273,20240101,27,3,65310.73,17582.86,45
1274,20240201,27,3,67151.6,17653.08,55
1275,20240301,27,3,61093.76,12918.22,45
1276,20240401,27,3,71473.32,20821.43,40
1277,20240501,27,3,63618.61,18165.23,43
1278,20240601,27,3,63196.52,15278.35,38
1279,20240701,27,3,60969.06,12729.89,42
1280,20240801,27,3,58691.81,15795.44,41
1281,20240901,27,3,67094.19,16487.11,42
1282,20241001,27,3,63285.82,15139.44,45
1283,20241101,27,3,70323.3,15541.77,50
1284,20241201,27,3,80977.45,23718.28,77
1285,20250101,27,3,62052.65,16425.84,50
1286,20250201,27,3,69094.66,14492.72,52
1287,20250301,27,3,60253.56,17573.26,50
1288,20250401,27,3,64087.7,18152.11,63
1289,20250501,27,3,62023.4,17418.19,62
1290,20250601,27,3,61855.59,13607.1,56
1291,20250701,27,3,61220.73,15321.99,37
1292,20250801,27,3,59133.9,17346.45,46
1293,20250901,27,3,64100.3,13504.41,36
1294,20251001,27,3,70286.71,15476.34,42
1295,20251101,27,3,76174.9,15653.97,57
1296,20251201,27,3,82571.93,19880.69,49
1297,20220101,28,3,59412.73,16367.8,50
1298,20220201,28,3,72741.16,16717.0,55
1299,20220301,28,3,67016.21,16685.56,61
1300,20220401,28,3,66745.97,15858.07,52
1301,20220501,28,3,68944.62,14192.09,45
1302,20220601,28,3,69848.3,16559.73,43
1303,20220701,28,3,53284.82,10953.49,55
1304,20220801,28,3,56287.75,11811.21,34
1305,20220901,28,3,59530.76,14438.13,36
1306,20221001,28,3,63242.75,14065.23,41
1307,20221101,28,3,83288.27,17834.99,47
1308,20221201,28,3,74304.45,18125.11,69
1309,20230101,28,3,63478.64,14096.84,39
1310,20230201,28,3,59204.82,15493.79,65
1311,20230301,28,3,61465.45,12557.75,56
1312,20230401,28,3,72413.41,14981.88,73
1313,20230501,28,3,69762.38,16251.2,64
1314,20230601,28,3,60964.87,12987.1,36
1315,20230701,28,3,51967.7,13202.75,32
1316,20230801,28,3,58944.52,15527.94,65
1317,20230901,28,3,67780.69,18854.06,51
1318,20231001,28,3,64440.55,12995.08,53
1319,20231101,28,3,72186.44,18374.32,68
1320,20231201,28,3,76814.73,19306.95,49
1321,20240101,28,3,64699.06,15000.9,56
1322,20240201,28,3,61810.12,12626.23,40
1323,20240301,28,3,70015.16,19053.49,67
1324,20240401,28,3,70236.81,19166.61,52
1325,20240501,28,3,69716.59,19907.11,67
1326,20240601,28,3,69260.36,17885.54,40
1327,20240701,28,3,64030.21,15979.32,47
1328,20240801,28,3,54718.86,16046.3,36
1329,20240901,28,3,66444.5,19108.87,45
1330,20241001,28,3,68622.46,17526.45,40
1331,20241101,28,3,86186.01,23381.26,81
1332,20241201,28,3,71129.24,15522.97,63
1333,20250101,28,3,60521.86,12805.63,56
1334,20250201,28,3,62869.14,13818.92,44
1335,20250301,28,3,61697.35,15830.46,38
1336,20250401,28,3,72196.02,16858.33,47
1337,20250501,28,3,64628.14,13311.9,36
1338,20250601,28,3,69422.51,18411.21,51
1339,20250701,28,3,61718.16,14886.07,35
1340,20250801,28,3,55388.71,12832.73,38
1341,20250901,28,3,59306.75,16628.7,42
1342,20251001,28,3,58920.89,14322.72,38
1343,20251101,28,3,70485.21,15331.21,66
1344,20251201,28,3,76937.81,16846.78,82
1345,20220101,29,3,72675.66,20055.17,54
1346,20220201,29,3,66042.07,13514.57,50
1347,20220301,29,3,62708.69,14233.94,58
1348,20220401,29,3,63839.33,18822.67,39
1349,20220501,29,3,60899.7,15646.59,62
1350,20220601,29,3,66810.46,19643.2,52
1351,20220701,29,3,52834.99,11008.12,39
1352,20220801,29,3,63143.7,17914.49,43
1353,20220901,29,3,72718.85,16099.82,54
1354,20221001,29,3,66044.13,19605.39,57
1355,20221101,29,3,78805.84,22980.38,66
1356,20221201,29,3,81547.21,23992.81,83
1357,20230101,29,3,59451.57,16726.42,59
1358,20230201,29,3,71424.72,14824.4,52
1359,20230301,29,3,72782.88,17609.75,63
1360,20230401,29,3,61234.78,16322.42,45
1361,20230501,29,3,64712.84,14578.87,41
1362,20230601,29,3,63280.85,13206.05,68
1363,20230701,29,3,54993.4,15734.38,49
1364,20230801,29,3,61536.9,15357.99,39
1365,20230901,29,3,69645.01,18042.74,44
1366,20231001,29,3,60965.5,17503.56,40
1367,20231101,29,3,81990.28,20450.84,90
1368,20231201,29,3,86348.65,25899.94,75
1369,20240101,29,3,70130.89,14324.47,55
1370,20240201,29,3,65184.49,17721.28,56
1371,20240301,29,3,58644.93,14733.92,35
1372,20240401,29,3,65349.8,17487.04,43
1373,20240501,29,3,68128.6,14643.5,51
1374,20240601,29,3,68513.48,20356.14,42
1375,20240701,29,3,54689.61,13066.25,54
1376,20240801,29,3,52548.69,11631.67,40
1377,20240901,29,3,59527.58,14343.77,46
1378,20241001,29,3,68674.52,14761.46,60
1379,20241101,29,3,82111.1,21783.97,64
1380,20241201,29,3,82442.29,20935.41,51
1381,20250101,29,3,71142.73,16306.37,62
1382,20250201,29,3,70686.5,21083.41,45
1383,20250301,29,3,61672.02,14527.27,46
1384,20250401,29,3,71281.79,15882.61,55
1385,20250501,29,3,60633.63,16140.0,55
1386,20250601,29,3,70617.28,18354.22,45
1387,20250701,29,3,52531.89,10910.64,33
1388,20250801,29,3,62332.36,15357.08,42
1389,20250901,29,3,58998.32,12764.67,42
1390,20251001,29,3,63150.11,13843.45,38
1391,20251101,29,3,78047.57,21506.44,71
1392,20251201,29,3,76995.89,16685.9,43
1393,20220101,30,3,70286.83,20842.21,59
1394,20220201,30,3,61650.92,17205.24,59
1395,20220301,30,3,62514.16,18279.72,59
1396,20220401,30,3,72011.7,20842.51,45
1397,20220501,30,3,69661.89,19994.0,54
1398,20220601,30,3,60848.75,15177.65,35
1399,20220701,30,3,59313.46,12262.06,47
1400,20220801,30,3,59315.68,14188.18,45
1401,20220901,30,3,67401.6,13963.88,49
1402,20221001,30,3,69462.81,19787.22,71
1403,20221101,30,3,85504.07,24767.13,51
1404,20221201,30,3,74203.98,17896.55,78
1405,20230101,30,3,63672.59,13962.16,36
1406,20230201,30,3,67585.28,17418.39,41
1407,20230301,30,3,72361.13,21471.53,73
1408,20230401,30,3,69447.41,18871.61,38
1409,20230501,30,3,60124.56,17254.35,44
1410,20230601,30,3,61506.02,17343.17,68
1411,20230701,30,3,56017.0,13714.62,32
1412,20230801,30,3,51529.35,14373.62,45
1413,20230901,30,3,58780.7,13918.88,44
1414,20231001,30,3,72255.88,18180.53,60
1415,20231101,30,3,79252.95,17702.81,52
1416,20231201,30,3,76913.87,19035.93,48
1417,20240101,30,3,68437.45,15212.33,47
1418,20240201,30,3,65400.25,18685.07,42
1419,20240301,30,3,72189.9,15842.58,50
1420,20240401,30,3,69684.31,16988.94,44
1421,20240501,30,3,63973.34,14577.2,58
1422,20240601,30,3,63790.63,16112.17,53
1423,20240701,30,3,54024.3,11997.43,54
1424,20240801,30,3,53794.66,12900.95,35
1425,20240901,30,3,68306.68,15290.91,68
1426,20241001,30,3,64128.12,16014.12,41
1427,20241101,30,3,75640.15,19250.9,48
1428,20241201,30,3,81613.39,24259.05,64
1429,20250101,30,3,68946.55,15586.04,63
1430,20250201,30,3,64353.72,17127.4,70
1431,20250301,30,3,69294.97,19406.63,43
1432,20250401,30,3,71686.03,19948.15,52
1433,20250501,30,3,71344.79,20575.55,47
1434,20250601,30,3,63450.56,14553.26,65
1435,20250701,30,3,52567.8,11272.61,41
1436,20250801,30,3,60265.05,15253.17,33
1437,20250901,30,3,67176.32,17097.34,60
1438,20251001,30,3,61330.96,13973.53,40
1439,20251101,30,3,74841.03,20427.27,54
1440,20251201,30,3,72966.82,19150.26,62
1441,20220101,31,4,153262.28,41542.37,155
1442,20220201,31,4,150313.34,41592.61,85
1443,20220301,31,4,145043.34,33524.89,100
1444,20220401,31,4,154708.67,43295.58,121
1445,20220501,31,4,156314.04,40563.32,124
1446,20220601,31,4,134612.14,30898.37,135
1447,20220701,31,4,126662.11,33443.52,128
1448,20220801,31,4,132215.94,32958.09,75
1449,20220901,31,4,130987.84,39266.12,74
1450,20221001,31,4,130773.46,27398.28,83
1451,20221101,31,4,166674.76,49208.71,95
1452,20221201,31,4,155520.46,45291.98,88
1453,20230101,31,4,128790.53,28697.14,103
1454,20230201,31,4,149840.17,35214.9,95
1455,20230301,31,4,143028.49,40485.71,130
1456,20230401,31,4,144419.6,39552.24,147
1457,20230501,31,4,131326.79,33709.46,74
1458,20230601,31,4,149061.54,36204.08,132
1459,20230701,31,4,132944.19,36629.31,80
1460,20230801,31,4,131946.27,33522.26,134
1461,20230901,31,4,146242.05,32755.84,104
1462,20231001,31,4,154046.68,36081.91,140
1463,20231101,31,4,163135.48,32772.73,167
1464,20231201,31,4,170943.12,41069.59,98
1465,20240101,31,4,128541.46,27585.36,95
1466,20240201,31,4,153719.08,33266.28,91
1467,20240301,31,4,126408.06,35255.19,90
1468,20240401,31,4,150857.92,44762.29,116
1469,20240501,31,4,133161.84,31879.69,80
1470,20240601,31,4,138664.21,41059.33,111
1471,20240701,31,4,113149.32,32476.79,76
1472,20240801,31,4,121359.73,30024.58,73
1473,20240901,31,4,131319.7,29764.63,113
1474,20241001,31,4,144628.2,30576.57,94
1475,20241101,31,4,168655.06,44064.57,94
1476,20241201,31,4,157498.46,36781.32,172
1477,20250101,31,4,153022.22,31474.21,131
1478,20250201,31,4,151440.15,38906.5,124
1479,20250301,31,4,155909.46,31564.81,109
1480,20250401,31,4,143466.72,40321.07,144
1481,20250501,31,4,152211.95,45333.9,113
1482,20250601,31,4,153037.35,32618.9,116
1483,20250701,31,4,121582.4,24542.34,103
1484,20250801,31,4,112315.8,30511.93,82
1485,20250901,31,4,154694.56,44540.64,128
1486,20251001,31,4,132112.98,27963.78,100
1487,20251101,31,4,186688.3,48019.27,126
1488,20251201,31,4,182221.05,47587.01,121
1489,20220101,32,4,63294.7,17127.2,36
1490,20220201,32,4,69307.62,18966.52,55
1491,20220301,32,4,70528.68,15954.43,43
1492,20220401,32,4,60841.57,13777.17,59
1493,20220501,32,4,70069.61,15123.53,49
1494,20220601,32,4,62029.47,15547.25,38
1495,20220701,32,4,53437.85,14492.21,48
1496,20220801,32,4,60120.49,16848.74,42
1497,20220901,32,4,61992.86,13980.15,45
1498,20221001,32,4,59180.87,15393.06,34
1499,20221101,32,4,81006.49,20500.74,78
1500,20221201,32,4,81182.64,23200.47,74
1501,20230101,32,4,70467.91,16295.71,41
1502,20230201,32,4,65300.3,17702.9,37
1503,20230301,32,4,68587.41,19157.7,40
1504,20230401,32,4,69356.61,19891.53,70
1505,20230501,32,4,59877.61,17341.21,47
1506,20230601,32,4,64502.57,15484.04,67
1507,20230701,32,4,61509.07,13167.13,54
1508,20230801,32,4,61942.99,13166.45,34
1509,20230901,32,4,62148.0,15874.2,37
1510,20231001,32,4,71754.63,20532.78,67
1511,20231101,32,4,76469.58,20837.79,82
1512,20231201,32,4,82735.72,20846.67,75
1513,20240101,32,4,62563.51,17932.81,35
1514,20240201,32,4,62935.78,17628.9,35
1515,20240301,32,4,69293.06,18385.43,59
1516,20240401,32,4,69909.24,19993.71,43
1517,20240501,32,4,72073.02,18023.19,63
1518,20240601,32,4,68820.13,19284.85,73
1519,20240701,32,4,51486.16,15139.32,29
1520,20240801,32,4,62858.04,18311.92,65
1521,20240901,32,4,66868.4,18281.64,44
1522,20241001,32,4,64105.33,15521.95,68
1523,20241101,32,4,80746.71,19719.36,50
1524,20241201,32,4,76964.61,19330.81,77
1525,20250101,32,4,69424.53,17483.71,45
1526,20250201,32,4,64551.28,18967.92,36
1527,20250301,32,4,67992.63,14618.92,62
1528,20250401,32,4,58846.45,12503.49,37
1529,20250501,32,4,72489.02,16067.06,44
1530,20250601,32,4,62514.32,13350.1,38
1531,20250701,32,4,61063.01,17669.92,46
1532,20250801,32,4,62315.2,16534.26,60
1533,20250901,32,4,66356.14,13581.68,65
1534,20251001,32,4,62748.17,13021.44,41
1535,20251101,32,4,80265.81,23510.96,71
1536,20251201,32,4,84853.78,18265.2,50
1537,20220101,33,4,64017.11,14360.75,58
1538,20220201,33,4,68712.01,17092.3,44
1539,20220301,33,4,64613.0,17358.29,49
1540,20220401,33,4,61721.99,17563.96,64
1541,20220501,33,4,67972.74,19606.92,48
1542,20220601,33,4,63659.35,13942.66,42
1543,20220701,33,4,60038.22,17412.55,60
1544,20220801,33,4,59455.33,14837.74,54
1545,20220901,33,4,62403.38,15490.47,60
1546,20221001,33,4,62246.99,17749.1,38
1547,20221101,33,4,74288.68,16052.41,66
1548,20221201,33,4,77368.89,15596.88,68
1549,20230101,33,4,61625.3,16214.82,46
1550,20230201,33,4,71671.09,16049.26,61
1551,20230301,33,4,67715.53,18579.31,66
1552,20230401,33,4,69423.83,17942.07,40
1553,20230501,33,4,71435.05,20173.24,42
1554,20230601,33,4,71954.01,20625.77,51
1555,20230701,33,4,54149.41,14951.8,51
1556,20230801,33,4,58661.67,15024.25,46
1557,20230901,33,4,70224.61,21046.69,69
1558,20231001,33,4,62836.64,17207.93,35
1559,20231101,33,4,76905.12,17649.51,80
1560,20231201,33,4,86629.85,23791.97,50
1561,20240101,33,4,65966.92,14473.36,68
1562,20240201,33,4,67410.75,16646.22,39
1563,20240301,33,4,59416.45,17106.45,43
1564,20240401,33,4,71021.95,18851.35,45
1565,20240501,33,4,62622.39,13521.15,65
1566,20240601,33,4,58546.99,13816.22,46
1567,20240701,33,4,62938.52,14645.84,47
1568,20240801,33,4,61268.24,14421.67,53
1569,20240901,33,4,65637.26,18025.34,63
1570,20241001,33,4,68339.92,14349.72,70
1571,20241101,33,4,75800.31,21694.87,44
1572,20241201,33,4,85621.61,21558.09,56
1573,20250101,33,4,64298.06,16715.07,67
1574,20250201,33,4,70683.04,21129.6,58
1575,20250301,33,4,65398.31,18863.51,43
1576,20250401,33,4,58897.42,15730.06,53
1577,20250501,33,4,69054.9,18425.26,66
1578,20250601,33,4,72384.37,15075.14,73
1579,20250701,33,4,63906.18,13576.81,58
1580,20250801,33,4,60294.37,13317.3,58
1581,20250901,33,4,69461.36,17537.85,66
1582,20251001,33,4,62078.6,16459.74,53
1583,20251101,33,4,83827.85,22601.29,78
1584,20251201,33,4,79901.61,19395.71,81
1585,20220101,34,4,62953.59,14868.1,44
1586,20220201,34,4,71943.85,20045.38,64
1587,20220301,34,4,68012.24,13876.12,39
1588,20220401,34,4,61364.63,15537.71,44
1589,20220501,34,4,70036.64,14666.44,59
1590,20220601,34,4,65615.63,14465.97,52
1591,20220701,34,4,62648.2,15620.21,53
1592,20220801,34,4,53003.09,13334.4,32
1593,20220901,34,4,59538.54,13933.25,35
1594,20221001,34,4,72387.76,21389.87,54
1595,20221101,34,4,75892.76,21264.02,64
1596,20221201,34,4,84301.86,21731.38,82
1597,20230101,34,4,59370.51,17419.11,41
1598,20230201,34,4,58956.38,17601.18,39
1599,20230301,34,4,68639.49,19246.47,44
1600,20230401,34,4,67204.66,14853.6,40
1601,20230501,34,4,64515.51,16998.01,43
1602,20230601,34,4,63417.68,14722.49,66
1603,20230701,34,4,52703.29,13602.78,29
1604,20230801,34,4,57484.5,14532.09,45
1605,20230901,34,4,67339.4,16317.69,55
1606,20231001,34,4,58873.14,17352.3,49
1607,20231101,34,4,73991.78,19594.62,51
1608,20231201,34,4,73658.19,20651.29,81
1609,20240101,34,4,69810.63,15224.37,56
1610,20240201,34,4,69938.1,18809.21,45
1611,20240301,34,4,66180.8,13591.67,45
1612,20240401,34,4,68263.66,18731.56,57
1613,20240501,34,4,72293.07,19006.58,56
1614,20240601,34,4,66258.06,18343.24,37
1615,20240701,34,4,54393.51,11654.25,49
1616,20240801,34,4,58877.04,16625.11,49
1617,20240901,34,4,62123.69,15679.23,36
1618,20241001,34,4,71424.42,14852.09,64
1619,20241101,34,4,79532.0,20027.54,55
1620,20241201,34,4,83252.98,18753.26,54
1621,20250101,34,4,68722.34,14309.35,38
1622,20250201,34,4,58676.14,16904.16,34
1623,20250301,34,4,59379.39,16261.98,46
1624,20250401,34,4,71687.03,18161.85,46
1625,20250501,34,4,68316.48,19057.09,49
1626,20250601,34,4,70596.12,20762.09,51
1627,20250701,34,4,60561.34,14415.95,52
1628,20250801,34,4,59865.92,13480.93,36
1629,20250901,34,4,68145.35,17572.28,45
1630,20251001,34,4,66950.76,19673.55,52
1631,20251101,34,4,72867.92,15313.17,52
1632,20251201,34,4,86799.47,21436.69,55
1633,20220101,35,4,66764.69,16542.65,38
1634,20220201,35,4,62469.08,15257.62,67
1635,20220301,35,4,70502.52,14687.69,66
1636,20220401,35,4,58604.08,13920.72,49
1637,20220501,35,4,63284.41,17237.43,36
1638,20220601,35,4,64068.02,17943.27,55
1639,20220701,35,4,52310.58,13421.06,45
1640,20220801,35,4,53072.67,12496.88,45
1641,20220901,35,4,59326.43,14990.01,38
1642,20221001,35,4,61322.54,17946.87,46
1643,20221101,35,4,82201.34,16798.64,69
1644,20221201,35,4,70995.36,19752.4,48
1645,20230101,35,4,60832.65,15786.44,41
1646,20230201,35,4,71490.22,14601.36,74
1647,20230301,35,4,72008.09,20028.84,40
1648,20230401,35,4,71353.82,14343.91,74
1649,20230501,35,4,66528.44,15581.57,43
1650,20230601,35,4,70430.33,14791.88,60
1651,20230701,35,4,58293.21,13229.83,33
1652,20230801,35,4,54555.74,16210.06,34
1653,20230901,35,4,68046.43,18016.32,44
1654,20231001,35,4,61074.96,16387.58,35
1655,20231101,35,4,87068.96,17479.04,59
1656,20231201,35,4,83412.0,21151.15,84
1657,20240101,35,4,64515.36,16102.13,60
1658,20240201,35,4,70489.71,16650.81,49
1659,20240301,35,4,60947.35,13041.46,38
1660,20240401,35,4,70752.17,20357.68,42
1661,20240501,35,4,65948.96,15289.28,37
1662,20240601,35,4,66133.98,14894.38,61
1663,20240701,35,4,59960.66,15039.56,45
1664,20240801,35,4,53320.88,10671.97,51
1665,20240901,35,4,60990.24,17373.78,57
1666,20241001,35,4,70304.42,17595.32,63
1667,20241101,35,4,77772.08,23045.67,44
1668,20241201,35,4,81179.48,20545.02,45
1669,20250101,35,4,61517.69,18390.49,40
1670,20250201,35,4,63682.5,14057.94,45
1671,20250301,35,4,70052.13,18949.6,44
1672,20250401,35,4,71000.89,16127.27,45
1673,20250501,35,4,70065.93,17426.44,53
1674,20250601,35,4,59541.27,17637.68,39
1675,20250701,35,4,56408.1,15352.96,57
1676,20250801,35,4,56503.53,16289.56,52
1677,20250901,35,4,63213.37,13530.42,58
1678,20251001,35,4,59734.36,12053.74,56
1679,20251101,35,4,81839.28,18278.65,65
1680,20251201,35,4,73482.08,16975.75,76
1681,20220101,36,4,65771.99,15759.96,42
1682,20220201,36,4,70457.35,14130.86,39
1683,20220301,36,4,62373.57,16277.25,67
1684,20220401,36,4,64003.4,18943.98,43
1685,20220501,36,4,61146.71,13133.4,58
1686,20220601,36,4,71094.86,16093.15,50
1687,20220701,36,4,60003.64,16224.22,33
1688,20220801,36,4,63835.7,13159.4,47
1689,20220901,36,4,61424.2,13612.57,62
1690,20221001,36,4,65127.71,13248.63,50
1691,20221101,36,4,86989.78,17460.12,66
1692,20221201,36,4,76911.71,19424.43,58
1693,20230101,36,4,66215.01,15245.68,72
1694,20230201,36,4,67362.84,16361.91,47
1695,20230301,36,4,60602.35,15616.05,59
1696,20230401,36,4,62862.93,13536.02,39
1697,20230501,36,4,67758.08,15373.68,56
1698,20230601,36,4,63618.42,17076.61,37
1699,20230701,36,4,55003.52,13619.44,51
1700,20230801,36,4,52116.24,13540.76,29
1701,20230901,36,4,66932.78,14141.3,39
1702,20231001,36,4,59570.39,14880.59,47
1703,20231101,36,4,82836.93,24200.91,61
1704,20231201,36,4,71167.28,17241.16,51
1705,20240101,36,4,64454.75,14043.09,57
1706,20240201,36,4,70336.62,14327.67,53
1707,20240301,36,4,64475.51,17919.34,49
1708,20240401,36,4,63601.33,16873.14,51
1709,20240501,36,4,72148.65,16456.93,76
1710,20240601,36,4,63424.82,13647.81,43
1711,20240701,36,4,56572.36,14038.11,53
1712,20240801,36,4,57303.11,16769.18,35
1713,20240901,36,4,65100.05,13751.62,54
1714,20241001,36,4,69460.12,14826.28,63
1715,20241101,36,4,82712.16,23199.16,69
1716,20241201,36,4,83498.54,17892.7,91
1717,20250101,36,4,65420.37,18126.46,71
1718,20250201,36,4,60483.53,12219.62,45
1719,20250301,36,4,63573.7,18625.22,47
1720,20250401,36,4,64517.91,16818.51,59
1721,20250501,36,4,70676.18,19643.51,56
1722,20250601,36,4,60228.95,18060.04,34
1723,20250701,36,4,52081.04,10744.78,54
1724,20250801,36,4,53155.95,11576.49,47
1725,20250901,36,4,67334.36,14391.34,40
1726,20251001,36,4,67307.99,16208.63,57
1727,20251101,36,4,83616.05,18294.49,76
1728,20251201,36,4,73239.06,14750.15,47
1729,20220101,37,4,63203.03,15762.34,68
1730,20220201,37,4,66894.66,18879.3,38
1731,20220301,37,4,65407.13,17384.72,50
1732,20220401,37,4,68712.07,18179.35,58
1733,20220501,37,4,67374.51,20183.13,40
1734,20220601,37,4,63684.16,16433.84,64
1735,20220701,37,4,58400.44,11961.4,37
1736,20220801,37,4,58924.98,16710.71,57
1737,20220901,37,4,65736.64,18088.81,39
1738,20221001,37,4,69293.69,16490.31,63
1739,20221101,37,4,72397.77,20114.21,63
1740,20221201,37,4,76363.7,22457.72,77
1741,20230101,37,4,63770.71,14355.13,37
1742,20230201,37,4,71494.54,14781.6,43
1743,20230301,37,4,63510.82,18969.54,39
1744,20230401,37,4,69377.96,18764.22,60
1745,20230501,37,4,63782.69,17486.46,38
1746,20230601,37,4,70611.43,15148.92,47
1747,20230701,37,4,58658.38,14917.01,47
1748,20230801,37,4,54949.08,12184.53,31
1749,20230901,37,4,69427.43,14083.65,46
1750,20231001,37,4,69873.66,19021.31,41
1751,20231101,37,4,78754.14,21761.68,47
1752,20231201,37,4,84681.04,20383.76,83
1753,20240101,37,4,68964.32,18467.69,69
1754,20240201,37,4,72374.59,15459.62,45
1755,20240301,37,4,62104.35,12758.76,34
1756,20240401,37,4,63522.9,14995.35,63
1757,20240501,37,4,62994.94,13035.06,45
1758,20240601,37,4,60127.92,16930.27,43
1759,20240701,37,4,56851.7,16400.31,45
1760,20240801,37,4,60929.03,13031.37,58
1761,20240901,37,4,61728.72,16746.14,63
1762,20241001,37,4,71339.0,14471.26,41
1763,20241101,37,4,77364.44,21408.87,64
1764,20241201,37,4,75427.49,21200.22,56
1765,20250101,37,4,66185.23,16686.39,45
1766,20250201,37,4,62383.63,16586.6,51
1767,20250301,37,4,61643.24,16804.97,56
1768,20250401,37,4,64338.22,15791.33,48
1769,20250501,37,4,60133.54,14143.63,47
1770,20250601,37,4,61634.15,15494.08,37
1771,20250701,37,4,52278.14,13400.95,41
1772,20250801,37,4,57024.26,13289.25,53
1773,20250901,37,4,67106.57,18963.68,59
1774,20251001,37,4,68995.85,18568.28,54
1775,20251101,37,4,84002.67,23233.57,76
1776,20251201,37,4,86309.6,25815.31,69
1777,20220101,38,4,58658.06,13008.46,58
1778,20220201,38,4,58950.72,15392.32,38
1779,20220301,38,4,68855.09,18273.28,63
1780,20220401,38,4,63180.31,15510.15,54
1781,20220501,38,4,67983.81,17030.66,69
1782,20220601,38,4,71996.41,21168.91,72
1783,20220701,38,4,52005.45,10981.73,44
1784,20220801,38,4,52998.91,12975.71,50
1785,20220901,38,4,61625.79,13210.63,54
1786,20221001,38,4,65730.73,15210.12,38
1787,20221101,38,4,77293.57,22241.14,71
1788,20221201,38,4,79792.15,16844.34,49
1789,20230101,38,4,67700.67,14371.56,67
1790,20230201,38,4,65891.64,17958.38,55
1791,20230301,38,4,65641.9,19083.99,56
1792,20230401,38,4,67346.05,15595.58,70
1793,20230501,38,4,58909.14,13023.32,46
1794,20230601,38,4,63857.84,18341.89,55
1795,20230701,38,4,58109.39,11623.0,42
1796,20230801,38,4,62001.08,16302.34,58
1797,20230901,38,4,61405.43,16377.4,50
1798,20231001,38,4,62066.28,18417.63,52
1799,20231101,38,4,75963.52,19060.76,43
1800,20231201,38,4,80035.84,18975.09,88
1801,20240101,38,4,63178.54,15059.15,53
1802,20240201,38,4,72156.08,20717.65,55
1803,20240301,38,4,66857.35,13430.16,72
1804,20240401,38,4,66830.0,18296.65,48
1805,20240501,38,4,71776.89,20029.57,40
1806,20240601,38,4,70386.28,17929.5,60
1807,20240701,38,4,59106.18,17445.6,40
1808,20240801,38,4,53484.45,14995.16,47
1809,20240901,38,4,70913.58,16380.24,52
1810,20241001,38,4,70229.32,21029.03,72
1811,20241101,38,4,80189.92,23154.66,72
1812,20241201,38,4,78232.52,20938.15,61
1813,20250101,38,4,66973.94,19390.76,53
1814,20250201,38,4,68986.14,19947.4,50
1815,20250301,38,4,59230.74,13923.28,63
1816,20250401,38,4,70037.53,21010.48,42
1817,20250501,38,4,72599.83,19490.13,44
1818,20250601,38,4,66442.38,17548.76,68
1819,20250701,38,4,61292.59,18108.22,34
1820,20250801,38,4,52572.78,12773.95,37
1821,20250901,38,4,63681.1,14758.98,36
1822,20251001,38,4,69727.92,14088.41,76
1823,20251101,38,4,83239.76,23986.63,62
1824,20251201,38,4,79817.5,17365.63,51
1825,20220101,39,4,62173.81,13921.27,61
1826,20220201,39,4,70865.9,15452.08,49
1827,20220301,39,4,60394.52,14750.79,47
1828,20220401,39,4,68701.94,14175.08,54
1829,20220501,39,4,64809.49,15210.86,47
1830,20220601,39,4,67122.89,17354.35,48
1831,20220701,39,4,57823.01,12912.66,49
1832,20220801,39,4,52677.76,11476.04,30
1833,20220901,39,4,63729.98,13117.04,57
1834,20221001,39,4,67931.14,15487.67,39
1835,20221101,39,4,77479.67,19086.28,52
1836,20221201,39,4,71709.82,15889.73,46
1837,20230101,39,4,72439.53,20437.25,74
1838,20230201,39,4,65534.05,19265.63,37
1839,20230301,39,4,66109.39,18985.74,59
1840,20230401,39,4,62410.18,17543.3,48
1841,20230501,39,4,63656.02,16154.0,36
1842,20230601,39,4,72769.56,19018.0,51
1843,20230701,39,4,61229.11,16934.01,45
1844,20230801,39,4,63028.86,18177.03,35
1845,20230901,39,4,68167.14,13774.5,40
1846,20231001,39,4,59710.02,17871.61,47
1847,20231101,39,4,80515.79,22234.84,56
1848,20231201,39,4,76909.15,17336.84,73
1849,20240101,39,4,68373.8,18559.25,71
1850,20240201,39,4,72208.91,14583.24,45
1851,20240301,39,4,68333.22,17753.25,46
1852,20240401,39,4,72201.06,20617.69,60
1853,20240501,39,4,72544.95,18473.02,57
1854,20240601,39,4,64429.08,13419.39,60
1855,20240701,39,4,57925.63,12013.81,43
1856,20240801,39,4,53200.42,15681.43,36
1857,20240901,39,4,68860.95,17613.46,52
1858,20241001,39,4,62303.83,17965.93,42
1859,20241101,39,4,70656.59,16584.79,77
1860,20241201,39,4,80459.83,17627.8,54
1861,20250101,39,4,67783.23,15425.68,53
1862,20250201,39,4,63030.69,17372.67,58
1863,20250301,39,4,68224.43,18259.1,71
1864,20250401,39,4,63183.18,16451.57,59
1865,20250501,39,4,64886.58,17972.06,53
1866,20250601,39,4,70240.77,14800.06,59
1867,20250701,39,4,58956.79,12788.9,36
1868,20250801,39,4,54359.81,12523.82,33
1869,20250901,39,4,67658.94,17151.16,56
1870,20251001,39,4,71946.9,21287.06,41
1871,20251101,39,4,82333.02,20968.58,84
1872,20251201,39,4,76911.45,21467.86,56
1873,20220101,40,4,58576.1,16534.64,40
1874,20220201,40,4,64110.32,15674.41,45
1875,20220301,40,4,59701.94,15860.2,42
1876,20220401,40,4,63732.84,18679.56,43
1877,20220501,40,4,59126.8,15988.26,34
1878,20220601,40,4,63597.09,17578.45,49
1879,20220701,40,4,61117.38,15016.26,37
1880,20220801,40,4,61102.57,13183.31,49
1881,20220901,40,4,65730.01,15779.98,43
1882,20221001,40,4,66723.94,16619.21,46
1883,20221101,40,4,82367.54,19985.86,46
1884,20221201,40,4,80989.95,16955.14,45
1885,20230101,40,4,68240.83,18146.43,61
1886,20230201,40,4,58971.11,15346.48,52
1887,20230301,40,4,68001.77,13718.9,50
1888,20230401,40,4,67764.63,15493.67,48
1889,20230501,40,4,71807.06,18220.03,76
1890,20230601,40,4,69327.92,17321.41,38
1891,20230701,40,4,57101.08,12852.66,47
1892,20230801,40,4,61747.36,14104.49,58
1893,20230901,40,4,71427.0,15494.89,44
1894,20231001,40,4,65813.19,16910.47,38
1895,20231101,40,4,83073.56,17033.75,50
1896,20231201,40,4,81805.87,21198.4,64
1897,20240101,40,4,61392.11,14094.88,60
1898,20240201,40,4,68045.82,18815.71,42
1899,20240301,40,4,64653.94,16760.5,54
1900,20240401,40,4,63574.85,14323.37,36
1901,20240501,40,4,60034.96,17643.47,40
1902,20240601,40,4,72168.27,17008.64,55
1903,20240701,40,4,58855.86,16353.17,39
1904,20240801,40,4,61415.22,16243.14,47
1905,20240901,40,4,70836.71,14699.94,64
1906,20241001,40,4,69806.74,18893.27,39
1907,20241101,40,4,73920.64,18794.25,65
1908,20241201,40,4,79347.12,22623.36,44
1909,20250101,40,4,65956.42,16290.05,64
1910,20250201,40,4,65315.95,18854.79,67
1911,20250301,40,4,66863.9,17714.71,42
1912,20250401,40,4,72676.86,16001.93,62
1913,20250501,40,4,66492.15,15426.63,39
1914,20250601,40,4,66329.2,15538.43,49
1915,20250701,40,4,53201.79,13502.91,46
1916,20250801,40,4,54448.65,14067.72,36
1917,20250901,40,4,68857.02,14353.48,57
1918,20251001,40,4,60773.64,17392.5,54
1919,20251101,40,4,84112.32,19314.9,50
1920,20251201,40,4,74057.09,21465.89,53
1921,20220101,41,5,154792.48,37041.17,92
1922,20220201,41,5,147278.68,29839.52,95
1923,20220301,41,5,153395.8,44273.31,131
1924,20220401,41,5,128989.71,34406.91,106
1925,20220501,41,5,151045.19,39633.96,95
1926,20220601,41,5,152614.83,40705.77,89
1927,20220701,41,5,135619.95,36627.76,104
1928,20220801,41,5,132299.49,30669.61,73
1929,20220901,41,5,153305.55,36219.69,109
1930,20221001,41,5,132896.76,27138.0,116
1931,20221101,41,5,171126.45,46106.14,136
1932,20221201,41,5,178768.4,41039.3,105
1933,20230101,41,5,133352.75,37562.09,81
1934,20230201,41,5,150884.5,36637.59,117
1935,20230301,41,5,132617.85,27128.46,99
1936,20230401,41,5,135041.57,30358.22,78
1937,20230501,41,5,129351.51,35098.33,81
1938,20230601,41,5,128581.86,34807.52,77
1939,20230701,41,5,136899.58,35110.97,118
1940,20230801,41,5,113452.56,25209.25,99
1941,20230901,41,5,135739.83,34025.03,102
1942,20231001,41,5,149412.19,38852.07,105
1943,20231101,41,5,182616.16,42000.17,197
1944,20231201,41,5,182018.96,50368.31,116
1945,20240101,41,5,154044.99,44668.78,89
1946,20240201,41,5,134744.9,33895.77,95
1947,20240301,41,5,136600.67,37252.25,122
1948,20240401,41,5,146493.05,30433.46,89
1949,20240501,41,5,148022.14,34970.9,82
1950,20240601,41,5,149704.31,40696.88,103
1951,20240701,41,5,120745.9,35818.32,132
1952,20240801,41,5,114872.11,32029.7,74
1953,20240901,41,5,141685.78,30559.69,121
1954,20241001,41,5,146449.21,40275.02,95
1955,20241101,41,5,155866.79,36269.31,103
1956,20241201,41,5,162108.95,36894.73,178
1957,20250101,41,5,149057.33,37705.36,145
1958,20250201,41,5,154242.48,34563.79,97
1959,20250301,41,5,130830.68,34549.43,74
1960,20250401,41,5,137344.41,38068.41,99
1961,20250501,41,5,128626.23,26153.16,113
1962,20250601,41,5,128525.43,29731.6,83
1963,20250701,41,5,133044.02,35477.68,95
1964,20250801,41,5,123284.67,33467.36,79
1965,20250901,41,5,152166.54,37959.45,114
1966,20251001,41,5,138732.82,40636.94,151
1967,20251101,41,5,174739.94,42958.99,166
1968,20251201,41,5,178980.8,39056.13,131
1969,20220101,42,5,62101.93,13372.88,38
1970,20220201,42,5,63397.41,18032.97,52
1971,20220301,42,5,71198.29,17484.45,67
1972,20220401,42,5,72759.76,21288.8,42
1973,20220501,42,5,60843.52,16072.44,35
1974,20220601,42,5,70567.07,15456.3,49
1975,20220701,42,5,57118.31,14671.28,53
1976,20220801,42,5,60526.48,15523.85,45
1977,20220901,42,5,72628.02,17201.31,78
1978,20221001,42,5,68606.01,16724.87,58
1979,20221101,42,5,83728.79,18288.77,48
1980,20221201,42,5,74665.0,16339.97,44
1981,20230101,42,5,62599.77,14340.49,44
1982,20230201,42,5,60636.99,16358.09,39
1983,20230301,42,5,61175.78,17596.5,34
1984,20230401,42,5,72131.95,14606.37,47
1985,20230501,42,5,70843.88,18138.66,64
1986,20230601,42,5,59101.72,14009.54,46
1987,20230701,42,5,64014.48,17992.94,47
1988,20230801,42,5,61286.27,17252.78,66
1989,20230901,42,5,66629.26,14226.03,49
1990,20231001,42,5,65326.12,15638.42,53
1991,20231101,42,5,73679.39,20106.46,74
1992,20231201,42,5,77815.56,18965.11,76
1993,20240101,42,5,59100.81,16528.57,60
1994,20240201,42,5,62551.8,12797.63,42
1995,20240301,42,5,71711.82,15326.79,71
1996,20240401,42,5,64815.07,14764.01,44
1997,20240501,42,5,67116.42,14741.65,44
1998,20240601,42,5,60940.19,12604.76,41
1999,20240701,42,5,60020.6,12097.2,41
2000,20240801,42,5,63750.32,15214.16,68
2001,20240901,42,5,69565.87,17798.94,44
2002,20241001,42,5,60980.21,15547.93,41
2003,20241101,42,5,77733.91,15810.56,62
2004,20241201,42,5,84414.16,20468.05,81
2005,20250101,42,5,63760.77,18182.28,53
2006,20250201,42,5,67988.23,14989.16,49
2007,20250301,42,5,66564.39,13861.37,37
2008,20250401,42,5,67445.96,15477.29,45
2009,20250501,42,5,70198.87,16912.51,40
2010,20250601,42,5,69056.81,18377.29,59
2011,20250701,42,5,62717.79,13286.85,35
2012,20250801,42,5,56701.89,14841.01,34
2013,20250901,42,5,63839.85,17276.24,42
2014,20251001,42,5,61052.97,16947.4,50
2015,20251101,42,5,80258.11,19787.72,55
2016,20251201,42,5,77435.7,18149.16,59
2017,20220101,43,5,67777.45,16177.38,56
2018,20220201,43,5,61131.07,14265.57,59
2019,20220301,43,5,70520.11,20644.16,72
2020,20220401,43,5,60925.2,12865.98,54
2021,20220501,43,5,71927.37,18452.56,69
2022,20220601,43,5,70119.59,18842.09,41
2023,20220701,43,5,63101.73,17739.18,56
2024,20220801,43,5,63724.59,16450.74,59
2025,20220901,43,5,60263.86,16943.59,35
2026,20221001,43,5,65830.27,15407.64,62
2027,20221101,43,5,81488.77,21622.27,55
2028,20221201,43,5,80968.26,18118.27,51
2029,20230101,43,5,71324.4,17005.66,52
2030,20230201,43,5,72228.18,16428.51,41
2031,20230301,43,5,62075.53,12791.05,37
2032,20230401,43,5,71608.82,17125.05,78
2033,20230501,43,5,60137.98,13456.62,50
2034,20230601,43,5,67182.78,15633.94,53
2035,20230701,43,5,52084.47,14463.32,31
2036,20230801,43,5,63546.61,16969.76,36
2037,20230901,43,5,68222.32,15196.51,68
2038,20231001,43,5,61986.1,15020.41,46
2039,20231101,43,5,83688.66,23917.94,63
2040,20231201,43,5,82580.72,17208.63,47
2041,20240101,43,5,59956.43,17872.35,47
2042,20240201,43,5,68051.51,17694.34,73
2043,20240301,43,5,69049.82,14022.89,46
2044,20240401,43,5,64699.47,17562.81,71
2045,20240501,43,5,61731.23,13312.18,63
2046,20240601,43,5,60098.15,16553.83,62
2047,20240701,43,5,57178.63,13316.06,58
2048,20240801,43,5,56102.17,16119.38,47
2049,20240901,43,5,59543.66,17437.2,34
2050,20241001,43,5,69516.97,18970.01,57
2051,20241101,43,5,81877.27,18005.92,60
2052,20241201,43,5,73172.48,15622.75,71
2053,20250101,43,5,63736.27,18542.97,43
2054,20250201,43,5,70780.95,18340.84,47
2055,20250301,43,5,71968.08,20784.93,53
2056,20250401,43,5,68883.25,16985.1,64
2057,20250501,43,5,69538.63,19688.39,59
2058,20250601,43,5,71016.25,19806.51,53
2059,20250701,43,5,53856.45,15195.66,33
2060,20250801,43,5,57053.85,13169.26,59
2061,20250901,43,5,69527.58,16642.11,39
2062,20251001,43,5,58500.23,12377.64,62
2063,20251101,43,5,81046.97,17509.45,77
2064,20251201,43,5,84689.22,23836.52,66
2065,20220101,44,5,65661.85,16203.5,37
2066,20220201,44,5,63194.04,13048.25,43
2067,20220301,44,5,70698.19,18212.89,69
2068,20220401,44,5,65376.84,17189.36,36
2069,20220501,44,5,63505.8,19046.84,45
2070,20220601,44,5,59587.21,16424.04,50
2071,20220701,44,5,61726.99,14408.73,56
2072,20220801,44,5,56408.95,12974.77,34
2073,20220901,44,5,65209.61,18640.71,55
2074,20221001,44,5,63511.25,12999.49,38
2075,20221101,44,5,73644.18,21930.8,53
2076,20221201,44,5,84916.74,21761.36,72
2077,20230101,44,5,62819.95,14324.7,47
2078,20230201,44,5,69327.86,16877.3,45
2079,20230301,44,5,67033.09,18046.3,61
2080,20230401,44,5,67925.08,14329.99,42
2081,20230501,44,5,71262.39,19635.38,66
2082,20230601,44,5,60726.82,15240.78,67
2083,20230701,44,5,61617.88,17069.47,44
2084,20230801,44,5,57114.17,14625.51,37
2085,20230901,44,5,58802.55,16607.61,46
2086,20231001,44,5,68843.11,16843.75,59
2087,20231101,44,5,81470.72,20205.18,52
2088,20231201,44,5,87155.55,23609.8,52
2089,20240101,44,5,71816.2,18374.06,65
2090,20240201,44,5,69421.22,15350.07,45
2091,20240301,44,5,68495.8,16495.21,43
2092,20240401,44,5,59337.92,12203.67,61
2093,20240501,44,5,62726.96,12811.72,57
2094,20240601,44,5,59675.39,15965.71,41
2095,20240701,44,5,61332.1,15602.42,58
2096,20240801,44,5,51776.65,15110.47,51
2097,20240901,44,5,66179.18,15077.96,44
2098,20241001,44,5,64988.61,17682.49,38
2099,20241101,44,5,74707.31,20250.01,49
2100,20241201,44,5,76160.03,20378.49,43
2101,20250101,44,5,59197.58,13358.45,48
2102,20250201,44,5,63961.02,18080.54,50
2103,20250301,44,5,61537.81,17188.33,43
2104,20250401,44,5,61411.89,18221.28,34
2105,20250501,44,5,60725.39,14163.05,59
2106,20250601,44,5,64239.99,19144.18,42
2107,20250701,44,5,53125.14,14256.98,30
2108,20250801,44,5,53650.65,12390.47,37
2109,20250901,44,5,70411.5,18186.87,45
2110,20251001,44,5,67525.51,18840.62,41
2111,20251101,44,5,81084.47,23552.47,84
2112,20251201,44,5,81380.28,22681.79,69
2113,20220101,45,5,69422.29,17824.88,67
2114,20220201,45,5,69853.47,16680.06,49
2115,20220301,45,5,58805.57,16555.52,36
2116,20220401,45,5,62120.96,16189.6,37
2117,20220501,45,5,68228.32,20390.5,46
2118,20220601,45,5,62037.3,17201.62,60
2119,20220701,45,5,52064.15,14683.77,37
2120,20220801,45,5,57094.88,11669.49,39
2121,20220901,45,5,69426.97,17917.69,59
2122,20221001,45,5,60394.71,12165.83,49
2123,20221101,45,5,80469.74,18340.31,46
2124,20221201,45,5,72584.2,16418.48,55
2125,20230101,45,5,67435.94,18143.48,42
2126,20230201,45,5,67036.11,18056.54,60
2127,20230301,45,5,60724.37,15438.02,38
2128,20230401,45,5,62306.85,17214.4,56
2129,20230501,45,5,64594.12,17048.58,45
2130,20230601,45,5,59545.93,15599.08,40
2131,20230701,45,5,61195.9,13301.66,61
2132,20230801,45,5,59554.0,17204.13,47
2133,20230901,45,5,63318.18,18510.3,58
2134,20231001,45,5,59650.31,12877.85,47
2135,20231101,45,5,82727.53,20872.69,52
2136,20231201,45,5,76544.9,19569.18,73
2137,20240101,45,5,67838.9,16352.54,42
2138,20240201,45,5,72206.41,16496.12,64
2139,20240301,45,5,72661.75,15293.07,50
2140,20240401,45,5,64135.16,18742.56,50
2141,20240501,45,5,71137.12,18834.56,44
2142,20240601,45,5,61191.67,14055.02,67
2143,20240701,45,5,62270.48,14657.2,50
2144,20240801,45,5,55028.69,15245.02,41
2145,20240901,45,5,68072.27,18524.52,46
2146,20241001,45,5,70961.95,20966.72,46
2147,20241101,45,5,79704.51,20354.07,87
2148,20241201,45,5,71607.49,16140.7,39
2149,20250101,45,5,61873.14,15853.77,63
2150,20250201,45,5,62392.08,18637.5,52
2151,20250301,45,5,70919.71,14959.87,48
2152,20250401,45,5,67073.47,17777.03,69
2153,20250501,45,5,68834.15,15395.24,43
2154,20250601,45,5,61399.63,16517.87,43
2155,20250701,45,5,61182.52,14736.74,39
2156,20250801,45,5,62770.36,16567.64,47
2157,20250901,45,5,63141.21,14385.69,63
2158,20251001,45,5,60905.84,16946.42,66
2159,20251101,45,5,79803.14,16094.64,64
2160,20251201,45,5,85124.7,24952.38,71
2161,20220101,46,5,61719.81,14218.34,40
2162,20220201,46,5,64836.98,13547.93,38
2163,20220301,46,5,64493.75,14169.54,67
2164,20220401,46,5,64859.77,15707.36,44
2165,20220501,46,5,70856.88,19797.08,56
2166,20220601,46,5,65105.07,13254.57,37
2167,20220701,46,5,61635.49,17863.04,51
2168,20220801,46,5,61402.65,16447.34,62
2169,20220901,46,5,62694.42,16130.82,44
2170,20221001,46,5,59776.01,14203.45,34
2171,20221101,46,5,74435.4,16309.29,55
2172,20221201,46,5,72420.32,14815.47,64
2173,20230101,46,5,71718.45,15754.14,56
2174,20230201,46,5,68266.59,15850.05,39
2175,20230301,46,5,64456.74,13467.13,63
2176,20230401,46,5,69219.28,15812.61,48
2177,20230501,46,5,59823.78,16324.47,34
2178,20230601,46,5,66361.75,19757.61,41
2179,20230701,46,5,52757.46,13975.23,46
2180,20230801,46,5,56564.17,16352.94,53
2181,20230901,46,5,60685.68,18154.33,41
2182,20231001,46,5,63673.25,18884.19,48
2183,20231101,46,5,76102.01,17839.99,69
2184,20231201,46,5,87029.83,17460.87,83
2185,20240101,46,5,65039.67,18425.25,48
2186,20240201,46,5,67911.45,15147.83,59
2187,20240301,46,5,63547.79,17501.7,40
2188,20240401,46,5,61680.61,17888.77,58
2189,20240501,46,5,71991.7,15058.38,45
2190,20240601,46,5,62151.43,16069.05,56
2191,20240701,46,5,60359.98,14446.24,38
2192,20240801,46,5,60851.81,16126.94,57
2193,20240901,46,5,62616.83,15012.29,39
2194,20241001,46,5,64028.46,15327.65,58
2195,20241101,46,5,79906.86,23157.93,72
2196,20241201,46,5,75003.53,17964.02,42
2197,20250101,46,5,63931.22,14483.88,46
2198,20250201,46,5,58546.99,13408.51,42
2199,20250301,46,5,70399.28,15739.36,53
2200,20250401,46,5,67507.48,16663.44,64
2201,20250501,46,5,71002.28,19454.62,42
2202,20250601,46,5,65659.8,13767.67,70
2203,20250701,46,5,57199.0,13802.66,62
2204,20250801,46,5,52990.96,12532.11,31
2205,20250901,46,5,70383.23,14432.91,72
2206,20251001,46,5,60376.01,17241.43,43
2207,20251101,46,5,80831.11,21021.81,56
2208,20251201,46,5,76504.55,17768.95,43
2209,20220101,47,5,65164.74,13870.53,40
2210,20220201,47,5,62164.04,17173.46,49
2211,20220301,47,5,59578.32,15135.58,39
2212,20220401,47,5,66180.82,17492.5,37
2213,20220501,47,5,59112.6,14587.2,33
2214,20220601,47,5,68187.75,19577.84,64
2215,20220701,47,5,55083.32,11757.74,31
2216,20220801,47,5,63321.52,14008.85,65
2217,20220901,47,5,64514.53,13863.37,47
2218,20221001,47,5,59793.28,12806.98,62
2219,20221101,47,5,81912.72,18948.81,59
2220,20221201,47,5,73742.74,20791.51,79
2221,20230101,47,5,65673.68,17495.63,44
2222,20230201,47,5,62229.07,14855.71,59
2223,20230301,47,5,69336.25,18027.69,58
2224,20230401,47,5,58999.85,14191.0,52
2225,20230501,47,5,59282.3,16637.91,35
2226,20230601,47,5,66690.88,16694.24,62
2227,20230701,47,5,57276.7,15309.47,62
2228,20230801,47,5,59186.33,14603.04,63
2229,20230901,47,5,63939.13,15686.14,37
2230,20231001,47,5,58618.87,17378.09,43
2231,20231101,47,5,71930.93,21378.68,42
2232,20231201,47,5,73981.4,19033.09,60
2233,20240101,47,5,61196.29,14127.76,36
2234,20240201,47,5,66516.37,18672.79,37
2235,20240301,47,5,63466.73,14969.47,51
2236,20240401,47,5,70148.12,20182.14,59
2237,20240501,47,5,60482.24,14450.83,48
2238,20240601,47,5,72068.14,18649.73,51
2239,20240701,47,5,55663.1,16602.83,44
2240,20240801,47,5,56332.68,13017.68,35
2241,20240901,47,5,69297.74,20248.37,44
2242,20241001,47,5,65344.05,13356.45,36
2243,20241101,47,5,84386.47,21591.88,58
2244,20241201,47,5,85354.89,25283.27,69
2245,20250101,47,5,60516.55,13434.91,36
2246,20250201,47,5,59256.37,16710.54,45
2247,20250301,47,5,63082.6,14497.97,48
2248,20250401,47,5,62575.66,17641.12,57
2249,20250501,47,5,58622.11,17397.79,33
2250,20250601,47,5,61704.5,12437.63,42
2251,20250701,47,5,57898.0,12302.43,53
2252,20250801,47,5,62316.02,18017.36,57
2253,20250901,47,5,58919.7,14793.68,34
2254,20251001,47,5,67949.56,16424.37,42
2255,20251101,47,5,73331.97,17335.05,48
2256,20251201,47,5,80390.63,21162.78,76
2257,20220101,48,5,60479.96,15707.8,34
2258,20220201,48,5,64636.98,13817.93,68
2259,20220301,48,5,62620.22,18141.28,54
2260,20220401,48,5,61518.68,14900.4,44
2261,20220501,48,5,72616.09,21585.02,41
2262,20220601,48,5,72190.42,16172.69,44
2263,20220701,48,5,59284.08,17275.0,35
2264,20220801,48,5,52397.62,11711.32,47
2265,20220901,48,5,59334.08,15788.73,49
2266,20221001,48,5,71013.23,14962.26,58
2267,20221101,48,5,86412.86,22581.04,81
2268,20221201,48,5,81613.29,23755.05,55
2269,20230101,48,5,67874.85,17655.78,39
2270,20230201,48,5,63620.96,17728.64,35
2271,20230301,48,5,69143.64,19739.41,54
2272,20230401,48,5,70370.76,20417.44,61
2273,20230501,48,5,58662.96,15198.67,37
2274,20230601,48,5,68377.53,17314.94,74
2275,20230701,48,5,59463.93,14069.17,54
2276,20230801,48,5,57222.74,12124.45,33
2277,20230901,48,5,59756.0,17218.91,34
2278,20231001,48,5,59885.39,13193.51,36
2279,20231101,48,5,81495.62,23875.3,80
2280,20231201,48,5,73110.65,16373.95,59
2281,20240101,48,5,72723.01,21114.73,44
2282,20240201,48,5,58723.41,16815.39,52
2283,20240301,48,5,60949.02,14096.31,40
2284,20240401,48,5,70580.35,16767.61,61
2285,20240501,48,5,70654.71,16647.25,52
2286,20240601,48,5,67295.42,17587.81,66
2287,20240701,48,5,57501.91,15770.12,40
2288,20240801,48,5,57019.08,11614.19,40
2289,20240901,48,5,61687.25,18447.36,45
2290,20241001,48,5,72465.1,21377.84,42
2291,20241101,48,5,76319.81,20674.08,46
2292,20241201,48,5,76974.87,20694.63,48
2293,20250101,48,5,64181.65,13859.83,39
2294,20250201,48,5,61469.03,14665.48,63
2295,20250301,48,5,65465.64,15200.21,56
2296,20250401,48,5,64708.17,15147.31,49
2297,20250501,48,5,63941.89,16804.13,39
2298,20250601,48,5,61578.99,15228.56,41
2299,20250701,48,5,55273.46,11887.8,43
2300,20250801,48,5,59942.3,17259.86,53
2301,20250901,48,5,68668.99,15332.96,51
2302,20251001,48,5,69500.32,20485.18,52
2303,20251101,48,5,71820.5,18906.07,62
2304,20251201,48,5,70795.76,18612.54,74
2305,20220101,49,5,72221.04,18213.47,58
2306,20220201,49,5,60832.88,14289.2,44
2307,20220301,49,5,71247.94,17547.67,70
2308,20220401,49,5,62182.92,12672.76,49
2309,20220501,49,5,72670.05,15612.72,41
2310,20220601,49,5,62718.53,16110.05,56
2311,20220701,49,5,55780.43,14327.07,61
2312,20220801,49,5,60705.35,16482.69,41
2313,20220901,49,5,65198.0,18120.16,61
2314,20221001,49,5,70225.77,19582.51,43
2315,20221101,49,5,78386.63,22407.32,66
2316,20221201,49,5,71840.43,15587.8,59
2317,20230101,49,5,68650.34,15652.16,51
2318,20230201,49,5,70628.92,20082.25,61
2319,20230301,49,5,65883.87,17329.36,52
2320,20230401,49,5,70073.91,17841.41,61
2321,20230501,49,5,70878.98,19494.2,61
2322,20230601,49,5,60307.57,12864.88,52
2323,20230701,49,5,62641.11,16236.8,38
2324,20230801,49,5,57900.89,16833.96,39
2325,20230901,49,5,71227.31,16400.9,56
2326,20231001,49,5,65953.41,17025.9,72
2327,20231101,49,5,84810.51,24441.43,76
2328,20231201,49,5,79364.14,19751.81,52
2329,20240101,49,5,58627.9,16126.57,37
2330,20240201,49,5,68209.03,16909.36,40
2331,20240301,49,5,67084.85,16829.14,42
2332,20240401,49,5,70618.09,20631.13,72
2333,20240501,49,5,69493.28,17641.06,61
2334,20240601,49,5,67616.75,16160.28,40
2335,20240701,49,5,55750.59,11936.46,32
2336,20240801,49,5,51931.38,11124.53,36
2337,20240901,49,5,72171.31,16326.8,56
2338,20241001,49,5,59053.86,13191.58,63
2339,20241101,49,5,87134.94,22043.26,55
2340,20241201,49,5,77371.42,19653.62,47
2341,20250101,49,5,58756.19,16949.12,32
2342,20250201,49,5,59237.95,15713.18,38
2343,20250301,49,5,63492.29,15730.45,52
2344,20250401,49,5,70761.18,16346.27,44
2345,20250501,49,5,62806.31,16082.51,42
2346,20250601,49,5,61287.4,16892.19,55
2347,20250701,49,5,54020.3,13964.16,44
2348,20250801,49,5,55471.25,13892.5,33
2349,20250901,49,5,62858.98,13430.94,39
2350,20251001,49,5,72113.17,14584.63,50
2351,20251101,49,5,85096.87,21344.83,85
2352,20251201,49,5,79436.23,23454.59,70
2353,20220101,50,5,61853.07,15792.88,49
2354,20220201,50,5,67893.55,16885.59,53
2355,20220301,50,5,66486.63,13564.56,39
2356,20220401,50,5,59708.9,17861.12,39
2357,20220501,50,5,59230.45,13570.93,46
2358,20220601,50,5,70198.65,16992.56,46
2359,20220701,50,5,58196.01,11688.03,63
2360,20220801,50,5,52481.18,11667.5,52
2361,20220901,50,5,69302.87,18865.34,43
2362,20221001,50,5,65600.46,18791.61,53
2363,20221101,50,5,71021.51,14631.72,74
2364,20221201,50,5,79943.31,17958.32,44
2365,20230101,50,5,72627.68,19766.12,63
2366,20230201,50,5,61845.18,15182.25,35
2367,20230301,50,5,65151.31,16889.08,53
2368,20230401,50,5,67783.55,14840.79,40
2369,20230501,50,5,64275.02,16448.2,60
2370,20230601,50,5,59928.52,12338.81,45
2371,20230701,50,5,60040.7,15409.76,48
2372,20230801,50,5,62039.57,15655.62,40
2373,20230901,50,5,71076.89,19414.83,55
2374,20231001,50,5,68571.04,20551.32,45
2375,20231101,50,5,80263.71,22170.57,56
2376,20231201,50,5,74443.31,17030.44,42
2377,20240101,50,5,64945.33,16507.85,39
2378,20240201,50,5,59600.47,14804.77,63
2379,20240301,50,5,70558.62,19159.86,74
2380,20240401,50,5,59785.68,16637.63,33
2381,20240501,50,5,61143.99,14840.67,55
2382,20240601,50,5,65437.62,15658.16,57
2383,20240701,50,5,63548.23,14419.42,43
2384,20240801,50,5,51494.8,14873.86,30
2385,20240901,50,5,65803.53,16648.71,40
2386,20241001,50,5,63360.75,15212.57,48
2387,20241101,50,5,71962.19,14532.35,66
2388,20241201,50,5,77288.33,18285.62,62
2389,20250101,50,5,65875.73,15251.4,68
2390,20250201,50,5,72072.98,14931.48,44
2391,20250301,50,5,71184.27,19844.39,65
2392,20250401,50,5,65868.19,18701.61,68
2393,20250501,50,5,68202.56,17124.2,52
2394,20250601,50,5,68202.01,15203.71,47
2395,20250701,50,5,54011.1,13376.83,34
2396,20250801,50,5,55096.54,15379.77,54
2397,20250901,50,5,63414.46,14003.51,43
2398,20251001,50,5,62303.98,12627.48,40
2399,20251101,50,5,86318.7,18232.99,83
2400,20251201,50,5,71624.71,19312.8,60
2401,20220101,51,6,131237.67,33756.75,105
2402,20220201,51,6,146155.12,30935.4,152
2403,20220301,51,6,138329.86,30175.48,125
2404,20220401,51,6,131859.85,33164.32,90
2405,20220501,51,6,143189.6,39804.95,114
2406,20220601,51,6,153244.6,35346.79,125
2407,20220701,51,6,133061.64,38049.93,82
2408,20220801,51,6,111147.09,32463.25,66
2409,20220901,51,6,146653.84,40497.24,146
2410,20221001,51,6,129821.02,29905.72,88
2411,20221101,51,6,184889.73,43522.11,110
2412,20221201,51,6,173176.21,46335.94,139
2413,20230101,51,6,140290.35,41296.58,83
2414,20230201,51,6,138689.37,41055.98,92
2415,20230301,51,6,133624.84,28819.62,122
2416,20230401,51,6,145935.21,30069.0,122
2417,20230501,51,6,151027.77,32904.47,88
2418,20230601,51,6,153661.51,34480.02,132
2419,20230701,51,6,112828.84,24786.11,62
2420,20230801,51,6,137214.41,27822.55,112
2421,20230901,51,6,128195.86,26860.18,101
2422,20231001,51,6,135451.76,33094.45,79
2423,20231101,51,6,164542.87,41144.1,111
2424,20231201,51,6,176162.5,42607.31,105
2425,20240101,51,6,147297.17,39868.37,92
2426,20240201,51,6,139086.7,27961.36,125
2427,20240301,51,6,137710.88,31252.89,100
2428,20240401,51,6,133581.09,32934.93,114
2429,20240501,51,6,135940.87,27357.21,117
2430,20240601,51,6,150727.21,40063.15,117
2431,20240701,51,6,112391.14,32084.54,75
2432,20240801,51,6,128010.85,36602.28,88
2433,20240901,51,6,152067.4,33749.33,137
2434,20241001,51,6,153394.64,43000.83,111
2435,20241101,51,6,157139.55,46108.92,92
2436,20241201,51,6,185012.17,37517.19,121
2437,20250101,51,6,138224.3,29632.23,93
2438,20250201,51,6,149997.64,44966.64,163
2439,20250301,51,6,149842.07,39823.78,108
2440,20250401,51,6,145978.57,30688.22,98
2441,20250501,51,6,152721.16,37408.98,155
2442,20250601,51,6,130434.61,38672.37,98
2443,20250701,51,6,120477.31,28584.27,80
2444,20250801,51,6,117697.33,26493.61,67
2445,20250901,51,6,140892.68,38717.37,81
2446,20251001,51,6,146241.76,39528.94,81
2447,20251101,51,6,154334.12,45954.89,142
2448,20251201,51,6,164874.81,46219.03,92
2449,20220101,52,6,65481.79,15177.12,44
2450,20220201,52,6,70686.96,16328.29,47
2451,20220301,52,6,65347.5,15926.66,61
2452,20220401,52,6,70176.14,18269.7,50
2453,20220501,52,6,63365.59,17774.4,66
2454,20220601,52,6,62727.15,15043.76,67
2455,20220701,52,6,55426.68,13494.5,57
2456,20220801,52,6,56661.3,12751.85,44
2457,20220901,52,6,68186.8,17807.17,40
2458,20221001,52,6,68040.0,19032.37,64
2459,20221101,52,6,74444.88,14987.8,46
2460,20221201,52,6,86452.32,21199.79,86
2461,20230101,52,6,70720.54,21201.16,54
2462,20230201,52,6,70173.02,16426.1,68
2463,20230301,52,6,71620.12,18298.23,44
2464,20230401,52,6,62596.39,17961.49,38
2465,20230501,52,6,60237.45,15105.26,46
2466,20230601,52,6,70055.25,16401.87,50
2467,20230701,52,6,57574.65,16945.97,34
2468,20230801,52,6,52855.09,13885.18,41
2469,20230901,52,6,65188.51,15403.97,43
2470,20231001,52,6,63615.03,17604.03,47
2471,20231101,52,6,73414.86,15621.8,41
2472,20231201,52,6,72409.47,16150.57,59
2473,20240101,52,6,69653.71,16951.14,63
2474,20240201,52,6,63896.4,15577.37,53
2475,20240301,52,6,60962.08,16682.23,36
2476,20240401,52,6,68376.94,19665.29,44
2477,20240501,52,6,66702.51,13807.49,40
2478,20240601,52,6,64757.4,15382.49,52
2479,20240701,52,6,52513.31,13225.2,51
2480,20240801,52,6,61847.34,15987.15,47
2481,20240901,52,6,70702.98,14728.53,39
2482,20241001,52,6,72181.95,21506.74,65
2483,20241101,52,6,74821.44,19000.75,53
2484,20241201,52,6,82065.36,17811.88,52
2485,20250101,52,6,71720.78,21414.17,41
2486,20250201,52,6,62571.34,16311.98,51
2487,20250301,52,6,70206.91,18383.78,76
2488,20250401,52,6,63528.97,18082.83,62
2489,20250501,52,6,62896.83,15767.66,44
2490,20250601,52,6,65940.58,19145.02,39
2491,20250701,52,6,53960.95,13709.73,44
2492,20250801,52,6,57680.87,17020.25,46
2493,20250901,52,6,67211.86,14786.03,47
2494,20251001,52,6,63035.95,15091.69,38
2495,20251101,52,6,73482.74,21905.29,46
2496,20251201,52,6,84025.54,22841.92,53
2497,20220101,53,6,70906.7,17890.41,74
2498,20220201,53,6,69901.5,15080.61,75
2499,20220301,53,6,61783.77,15685.88,62
2500,20220401,53,6,58711.51,15301.52,43
2501,20220501,53,6,69531.94,16931.8,63
2502,20220601,53,6,64794.91,16927.66,36
2503,20220701,53,6,63331.56,15767.48,48
2504,20220801,53,6,57244.61,16384.32,34
2505,20220901,53,6,66365.24,19572.49,63
2506,20221001,53,6,69737.8,20593.59,63
2507,20221101,53,6,81550.14,18157.83,48
2508,20221201,53,6,85330.23,24659.11,48
2509,20230101,53,6,67428.25,20080.78,60
2510,20230201,53,6,60639.24,14797.66,36
2511,20230301,53,6,66103.43,17444.48,68
2512,20230401,53,6,72146.61,14942.11,41
2513,20230501,53,6,62721.28,14947.23,50
2514,20230601,53,6,64693.12,14987.77,39
2515,20230701,53,6,61295.36,14051.84,50
2516,20230801,53,6,54364.73,14597.93,55
2517,20230901,53,6,71646.99,20690.72,42
2518,20231001,53,6,70357.22,18061.1,52
2519,20231101,53,6,71919.37,21159.9,51
2520,20231201,53,6,78247.67,21902.04,45
2521,20240101,53,6,65734.33,14159.21,52
2522,20240201,53,6,66288.07,14554.88,55
2523,20240301,53,6,67777.12,14210.54,39
2524,20240401,53,6,71526.61,18075.46,72
2525,20240501,53,6,65336.17,16842.01,43
2526,20240601,53,6,64253.52,15648.14,54
2527,20240701,53,6,53025.7,14856.98,31
2528,20240801,53,6,61933.34,14997.66,34
2529,20240901,53,6,66221.18,16234.87,63
2530,20241001,53,6,63020.43,14121.53,52
2531,20241101,53,6,77500.04,19649.58,66
2532,20241201,53,6,85621.47,25372.77,56
2533,20250101,53,6,61193.84,12750.57,38
2534,20250201,53,6,65319.0,17020.28,69
2535,20250301,53,6,67701.14,13812.62,49
2536,20250401,53,6,60598.83,15065.98,64
2537,20250501,53,6,69957.84,16870.32,59
2538,20250601,53,6,65716.32,17334.87,42
2539,20250701,53,6,62380.41,17935.5,54
2540,20250801,53,6,62248.0,17631.14,40
2541,20250901,53,6,65308.7,18021.31,43
2542,20251001,53,6,60822.3,17548.14,50
2543,20251101,53,6,72873.22,21165.74,60
2544,20251201,53,6,70439.1,15292.63,42
2545,20220101,54,6,64605.75,13304.12,68
2546,20220201,54,6,65131.12,14256.66,54
2547,20220301,54,6,64393.5,16753.39,46
2548,20220401,54,6,71654.29,18584.29,75
2549,20220501,54,6,69644.75,16750.06,68
2550,20220601,54,6,72165.35,19611.51,67
2551,20220701,54,6,54226.72,16260.35,43
2552,20220801,54,6,56521.11,11548.87,33
2553,20220901,54,6,66601.29,19811.89,61
2554,20221001,54,6,60531.58,16695.27,63
2555,20221101,54,6,83910.32,23945.43,50
2556,20221201,54,6,80557.19,21740.23,79
2557,20230101,54,6,64761.7,18449.02,40
2558,20230201,54,6,62782.85,18469.29,34
2559,20230301,54,6,64725.07,18058.96,49
2560,20230401,54,6,66452.62,14463.22,64
2561,20230501,54,6,64869.36,13817.29,60
2562,20230601,54,6,60251.68,16130.64,58
2563,20230701,54,6,63233.28,13662.27,46
2564,20230801,54,6,60334.52,13412.78,57
2565,20230901,54,6,68958.6,14380.7,38
2566,20231001,54,6,71081.38,19647.05,54
2567,20231101,54,6,86841.34,20621.24,49
2568,20231201,54,6,72976.44,20258.11,58
2569,20240101,54,6,62901.38,12874.32,42
2570,20240201,54,6,69637.48,20482.22,62
2571,20240301,54,6,60431.01,15014.22,44
2572,20240401,54,6,64865.13,13295.21,63
2573,20240501,54,6,67949.76,14853.26,41
2574,20240601,54,6,68001.34,14349.73,38
2575,20240701,54,6,57865.39,15303.49,51
2576,20240801,54,6,54380.71,14371.44,45
2577,20240901,54,6,70485.59,14421.89,39
2578,20241001,54,6,70645.15,16339.51,46
2579,20241101,54,6,80149.67,17792.9,64
2580,20241201,54,6,81869.17,19092.98,87
2581,20250101,54,6,72611.26,20133.28,51
2582,20250201,54,6,62707.49,13648.54,58
2583,20250301,54,6,68530.67,20529.13,51
2584,20250401,54,6,64220.33,14238.53,39
2585,20250501,54,6,63418.79,17398.02,48
2586,20250601,54,6,63770.96,16895.34,56
2587,20250701,54,6,51713.79,12641.6,40
2588,20250801,54,6,56667.11,12648.46,37
2589,20250901,54,6,61060.53,18143.13,51
2590,20251001,54,6,61553.6,18016.64,52
2591,20251101,54,6,75789.4,17694.65,52
2592,20251201,54,6,82808.4,22127.53,48
2593,20220101,55,6,70203.88,19431.73,46
2594,20220201,55,6,59857.02,14069.43,47
2595,20220301,55,6,62566.05,18440.45,51
2596,20220401,55,6,64112.44,16256.88,68
2597,20220501,55,6,68069.82,15435.67,38
2598,20220601,55,6,59862.86,16989.01,45
2599,20220701,55,6,58929.29,17370.33,48
2600,20220801,55,6,57090.7,14027.21,42
2601,20220901,55,6,69595.62,19134.74,43
2602,20221001,55,6,62428.56,12872.43,39
2603,20221101,55,6,79074.4,19119.78,56
2604,20221201,55,6,80389.52,17717.63,51
2605,20230101,55,6,65665.39,19321.08,48
2606,20230201,55,6,63866.41,16434.81,45
2607,20230301,55,6,67168.72,16220.45,45
2608,20230401,55,6,69276.57,15041.45,67
2609,20230501,55,6,71216.66,17615.3,52
2610,20230601,55,6,64875.34,17486.66,68
2611,20230701,55,6,56799.97,13353.5,41
2612,20230801,55,6,63700.72,17107.53,63
2613,20230901,55,6,63582.52,17885.0,45
2614,20231001,55,6,59611.75,17741.79,59
2615,20231101,55,6,80822.38,16702.83,86
2616,20231201,55,6,79108.88,22315.18,52
2617,20240101,55,6,67031.65,13806.09,49
2618,20240201,55,6,70150.62,19011.92,50
2619,20240301,55,6,69103.18,19932.11,38
2620,20240401,55,6,71147.84,15322.81,47
2621,20240501,55,6,62744.7,17997.66,63
2622,20240601,55,6,64911.62,13669.2,63
2623,20240701,55,6,52701.78,12265.89,51
2624,20240801,55,6,55891.89,13180.18,32
2625,20240901,55,6,71630.69,17615.08,50
2626,20241001,55,6,61640.42,14187.1,38
2627,20241101,55,6,76042.26,17896.39,45
2628,20241201,55,6,73266.19,19515.58,58
2629,20250101,55,6,65414.14,13478.38,38
2630,20250201,55,6,66908.22,15633.34,59
2631,20250301,55,6,63887.32,18506.52,45
2632,20250401,55,6,61243.26,17842.54,40
2633,20250501,55,6,69781.29,16623.09,41
2634,20250601,55,6,67175.53,18209.22,61
2635,20250701,55,6,51501.96,13841.29,31
2636,20250801,55,6,55239.56,11276.78,35
2637,20250901,55,6,59527.62,16405.96,40
2638,20251001,55,6,67354.54,17839.79,44
2639,20251101,55,6,82484.78,21623.56,46
2640,20251201,55,6,84287.89,18563.2,59
2641,20220101,56,6,69617.01,20203.52,63
2642,20220201,56,6,72295.36,15780.24,57
2643,20220301,56,6,69470.93,15346.69,39
2644,20220401,56,6,68654.36,14691.98,42
2645,20220501,56,6,63486.42,18266.86,59
2646,20220601,56,6,67866.31,20114.29,48
2647,20220701,56,6,60527.88,12248.94,34
2648,20220801,56,6,57574.91,14348.7,42
2649,20220901,56,6,66474.13,16438.12,37
2650,20221001,56,6,64991.05,16687.65,37
2651,20221101,56,6,85181.05,17760.04,49
2652,20221201,56,6,72513.12,15474.9,65
2653,20230101,56,6,63534.1,13794.8,38
2654,20230201,56,6,68938.33,20309.71,61
2655,20230301,56,6,66264.04,16100.92,47
2656,20230401,56,6,59121.06,14621.71,33
2657,20230501,56,6,59705.19,13676.41,34
2658,20230601,56,6,67773.92,16074.38,54
2659,20230701,56,6,60335.67,14556.87,46
2660,20230801,56,6,63776.38,13685.9,42
2661,20230901,56,6,71574.34,19831.22,42
2662,20231001,56,6,68894.42,14539.13,49
2663,20231101,56,6,85430.92,24192.19,78
2664,20231201,56,6,74401.0,20260.37,47
2665,20240101,56,6,68248.16,19415.59,45
2666,20240201,56,6,68519.42,20326.42,40
2667,20240301,56,6,61927.0,14166.78,44
2668,20240401,56,6,67832.69,15332.66,55
2669,20240501,56,6,59881.55,15123.99,34
2670,20240601,56,6,69408.28,16081.66,49
2671,20240701,56,6,55538.24,12793.4,34
2672,20240801,56,6,52461.28,15366.76,33
2673,20240901,56,6,58508.66,12054.03,39
2674,20241001,56,6,61632.24,13008.09,55
2675,20241101,56,6,73065.57,16150.9,65
2676,20241201,56,6,82442.66,20105.94,60
2677,20250101,56,6,71155.4,17575.59,59
2678,20250201,56,6,63256.97,12900.68,47
2679,20250301,56,6,72472.41,17282.6,43
2680,20250401,56,6,70468.65,20237.5,42
2681,20250501,56,6,62139.69,17870.63,44
2682,20250601,56,6,62797.29,14980.08,65
2683,20250701,56,6,62046.86,12429.7,43
2684,20250801,56,6,63558.72,18046.53,44
2685,20250901,56,6,67323.21,15256.2,46
2686,20251001,56,6,67985.35,18498.51,69
2687,20251101,56,6,86664.86,21698.94,54
2688,20251201,56,6,75701.38,20000.35,43
2689,20220101,57,6,65275.06,17581.19,36
2690,20220201,57,6,68542.44,17503.58,48
2691,20220301,57,6,63059.58,15065.21,40
2692,20220401,57,6,62212.67,14169.8,39
2693,20220501,57,6,65451.41,15640.56,53
2694,20220601,57,6,64347.79,15740.29,49
2695,20220701,57,6,63269.59,12905.45,36
2696,20220801,57,6,52759.65,10827.36,32
2697,20220901,57,6,69445.07,20438.46,73
2698,20221001,57,6,67885.14,17562.86,42
2699,20221101,57,6,84101.11,22932.2,91
2700,20221201,57,6,75421.77,19021.09,61
2701,20230101,57,6,64985.44,16888.17,42
2702,20230201,57,6,69925.02,16527.11,75
2703,20230301,57,6,66766.02,16588.33,42
2704,20230401,57,6,60526.58,12510.86,39
2705,20230501,57,6,67467.63,13544.94,59
2706,20230601,57,6,62163.88,17920.51,57
2707,20230701,57,6,56776.78,16024.82,51
2708,20230801,57,6,61133.26,12713.01,46
2709,20230901,57,6,67710.0,17669.06,70
2710,20231001,57,6,65383.02,15551.13,45
2711,20231101,57,6,85648.2,23139.97,49
2712,20231201,57,6,74566.34,17910.73,71
2713,20240101,57,6,65032.41,14295.24,42
2714,20240201,57,6,63800.28,15155.37,42
2715,20240301,57,6,63873.73,13941.59,55
2716,20240401,57,6,67630.61,18936.62,64
2717,20240501,57,6,70457.99,18590.65,59
2718,20240601,57,6,68487.23,14166.85,56
2719,20240701,57,6,55832.65,16183.57,31
2720,20240801,57,6,53882.31,13522.61,44
2721,20240901,57,6,71921.21,17638.36,64
2722,20241001,57,6,60390.38,14591.84,35
2723,20241101,57,6,85093.03,22046.7,70
2724,20241201,57,6,76003.28,16301.19,70
2725,20250101,57,6,67789.39,19846.09,42
2726,20250201,57,6,65781.72,17867.45,59
2727,20250301,57,6,70623.69,18350.06,58
2728,20250401,57,6,69280.22,17007.49,52
2729,20250501,57,6,62332.08,12657.2,37
2730,20250601,57,6,68584.47,17419.56,47
2731,20250701,57,6,54326.46,13475.67,48
2732,20250801,57,6,54333.92,15579.23,35
2733,20250901,57,6,67432.0,18785.77,39
2734,20251001,57,6,71412.49,17864.23,40
2735,20251101,57,6,79526.91,23413.82,53
2736,20251201,57,6,81389.29,17162.24,86
2737,20220101,58,6,63549.43,16198.92,59
2738,20220201,58,6,69988.81,17317.95,66
2739,20220301,58,6,65191.12,15932.99,51
2740,20220401,58,6,64853.46,18515.38,49
2741,20220501,58,6,67146.25,20109.36,39
2742,20220601,58,6,66770.3,14509.79,44
2743,20220701,58,6,62551.77,14801.56,55
2744,20220801,58,6,56076.23,14245.88,32
2745,20220901,58,6,58759.07,12731.52,34
2746,20221001,58,6,66147.68,16434.97,49
2747,20221101,58,6,73174.64,18396.7,42
2748,20221201,58,6,80239.73,21533.92,80
2749,20230101,58,6,71752.85,19925.49,61
2750,20230201,58,6,68045.69,14025.77,53
2751,20230301,58,6,61936.07,12920.33,44
2752,20230401,58,6,61094.92,12701.69,34
2753,20230501,58,6,65122.1,15156.7,42
2754,20230601,58,6,61346.62,12750.23,43
2755,20230701,58,6,51706.82,14692.59,30
2756,20230801,58,6,56465.36,13014.92,39
2757,20230901,58,6,67315.32,18590.35,43
2758,20231001,58,6,60010.29,14360.98,45
2759,20231101,58,6,81119.31,23358.64,63
2760,20231201,58,6,79828.5,20823.0,47
2761,20240101,58,6,63229.2,14955.17,36
2762,20240201,58,6,64986.76,13007.01,49
2763,20240301,58,6,69397.12,16666.26,40
2764,20240401,58,6,60499.06,14629.86,37
2765,20240501,58,6,60130.51,13199.66,40
2766,20240601,58,6,66722.14,17338.68,39
2767,20240701,58,6,60948.22,13339.1,39
2768,20240801,58,6,60957.04,13040.69,62
2769,20240901,58,6,63855.21,14894.73,58
2770,20241001,58,6,67670.14,18602.98,38
2771,20241101,58,6,81077.95,22046.52,51
2772,20241201,58,6,75595.92,19112.83,66
2773,20250101,58,6,63419.78,13606.04,40
2774,20250201,58,6,72762.99,21351.31,48
2775,20250301,58,6,61312.68,15129.96,41
2776,20250401,58,6,59664.92,15560.58,44
2777,20250501,58,6,69018.97,20588.89,58
2778,20250601,58,6,61472.9,17026.51,39
2779,20250701,58,6,62688.16,12889.4,36
2780,20250801,58,6,61345.69,13298.3,36
2781,20250901,58,6,63708.72,17633.41,40
2782,20251001,58,6,62177.81,13640.52,40
2783,20251101,58,6,73202.47,18547.2,41
2784,20251201,58,6,85874.71,22994.0,74
2785,20220101,59,6,71291.75,17413.98,55
2786,20220201,59,6,66601.85,17943.17,42
2787,20220301,59,6,61042.81,12296.02,63
2788,20220401,59,6,68035.7,15173.49,61
2789,20220501,59,6,67074.99,16007.75,57
2790,20220601,59,6,61226.56,13833.54,55
2791,20220701,59,6,61372.05,14087.2,49
2792,20220801,59,6,54322.26,12937.31,58
2793,20220901,59,6,64391.75,18264.22,44
2794,20221001,59,6,64181.3,16107.96,41
2795,20221101,59,6,73489.24,17519.83,42
2796,20221201,59,6,71875.35,15326.32,56
2797,20230101,59,6,69789.99,20118.44,64
2798,20230201,59,6,65778.29,13587.6,42
2799,20230301,59,6,66818.01,18125.94,52
2800,20230401,59,6,62653.0,17612.92,42
2801,20230501,59,6,60039.69,17081.36,55
2802,20230601,59,6,62928.76,13975.56,47
2803,20230701,59,6,61295.29,13220.56,37
2804,20230801,59,6,56838.53,12150.95,42
2805,20230901,59,6,68379.12,17833.85,37
2806,20231001,59,6,59266.54,16635.75,46
2807,20231101,59,6,84662.23,17206.93,69
2808,20231201,59,6,86447.78,20282.43,51
2809,20240101,59,6,62067.03,13850.14,51
2810,20240201,59,6,72341.3,19665.93,54
2811,20240301,59,6,67164.95,16092.67,42
2812,20240401,59,6,66981.67,19369.54,45
2813,20240501,59,6,71348.91,18155.19,55
2814,20240601,59,6,67367.17,15021.75,46
2815,20240701,59,6,52579.09,14183.86,33
2816,20240801,59,6,56728.57,13539.05,39
2817,20240901,59,6,71293.37,21097.85,62
2818,20241001,59,6,67148.04,14894.87,42
2819,20241101,59,6,78786.94,19480.64,56
2820,20241201,59,6,79663.12,22650.95,44
2821,20250101,59,6,71291.32,15461.23,45
2822,20250201,59,6,59267.98,16345.61,35
2823,20250301,59,6,67849.43,17034.86,51
2824,20250401,59,6,71615.67,20112.89,40
2825,20250501,59,6,58611.79,12138.37,60
2826,20250601,59,6,67408.48,16708.42,47
2827,20250701,59,6,53694.67,14625.49,39
2828,20250801,59,6,55659.17,15517.1,48
2829,20250901,59,6,62957.73,14021.85,35
2830,20251001,59,6,61348.34,18143.72,65
2831,20251101,59,6,85086.96,19018.49,48
2832,20251201,59,6,83121.78,24721.87,58
2833,20220101,60,6,65699.74,16487.05,36
2834,20220201,60,6,60929.35,15083.15,67
2835,20220301,60,6,60548.44,16302.21,41
2836,20220401,60,6,70413.95,15229.03,62
2837,20220501,60,6,65348.53,13974.52,63
2838,20220601,60,6,63000.12,15664.14,45
2839,20220701,60,6,54108.4,11262.0,37
2840,20220801,60,6,52377.41,12206.76,32
2841,20220901,60,6,62695.5,17372.97,47
2842,20221001,60,6,61891.81,17629.71,45
2843,20221101,60,6,72460.85,21036.96,46
2844,20221201,60,6,70200.63,14892.87,58
2845,20230101,60,6,71042.18,17690.36,58
2846,20230201,60,6,68465.44,19697.33,69
2847,20230301,60,6,71465.14,20438.87,44
2848,20230401,60,6,60153.72,16500.13,44
2849,20230501,60,6,71447.9,19963.78,50
2850,20230601,60,6,69815.01,17736.71,66
2851,20230701,60,6,60915.74,18157.12,51
2852,20230801,60,6,56645.26,16968.85,33
2853,20230901,60,6,62716.22,16133.06,43
2854,20231001,60,6,59003.18,11864.89,47
2855,20231101,60,6,82410.97,21430.73,62
2856,20231201,60,6,86376.99,20709.95,60
2857,20240101,60,6,60675.59,14584.85,36
2858,20240201,60,6,71705.86,20620.32,48
2859,20240301,60,6,63348.26,13444.7,43
2860,20240401,60,6,60734.28,17155.12,65
2861,20240501,60,6,67459.56,19537.78,50
2862,20240601,60,6,63783.76,15808.7,58
2863,20240701,60,6,60253.08,14623.06,34
2864,20240801,60,6,51906.54,12052.98,35
2865,20240901,60,6,66800.6,13678.72,44
2866,20241001,60,6,61816.27,15800.2,48
2867,20241101,60,6,81471.53,20899.74,53
2868,20241201,60,6,86823.12,25623.16,50
2869,20250101,60,6,69057.56,17900.21,42
2870,20250201,60,6,67298.43,14764.18,53
2871,20250301,60,6,61019.71,15485.59,38
2872,20250401,60,6,61128.46,17280.95,44
2873,20250501,60,6,58810.74,11861.63,33
2874,20250601,60,6,64652.94,14979.32,49
2875,20250701,60,6,52917.91,13133.29,58
2876,20250801,60,6,63738.65,14157.3,35
2877,20250901,60,6,65059.78,18617.68,46
2878,20251001,60,6,67119.0,15820.69,52
2879,20251101,60,6,79992.68,21324.76,64
2880,20251201,60,6,86437.52,25085.65,56
2881,20220101,61,7,131873.35,26448.73,116
2882,20220201,61,7,141287.35,29718.56,91
2883,20220301,61,7,146797.82,33877.49,100
2884,20220401,61,7,149311.8,32393.47,94
2885,20220501,61,7,130368.23,30504.62,85
2886,20220601,61,7,135558.48,38181.92,78
2887,20220701,61,7,111160.54,24765.71,108
2888,20220801,61,7,116769.77,24558.38,88
2889,20220901,61,7,135035.43,37169.22,135
2890,20221001,61,7,140971.38,29653.04,94
2891,20221101,61,7,164885.04,47836.59,162
2892,20221201,61,7,179548.55,45681.47,131
2893,20230101,61,7,153729.84,39273.46,96
2894,20230201,61,7,144806.52,38851.68,144
2895,20230301,61,7,132812.58,35131.08,89
2896,20230401,61,7,155320.22,35495.06,150
2897,20230501,61,7,146519.73,33069.64,138
2898,20230601,61,7,129126.42,35534.68,76
2899,20230701,61,7,127672.89,33491.34,93
2900,20230801,61,7,130500.35,32768.15,144
2901,20230901,61,7,138159.18,35700.03,121
2902,20231001,61,7,134353.32,37193.74,95
2903,20231101,61,7,154513.07,34216.67,111
2904,20231201,61,7,152657.49,36775.15,91
2905,20240101,61,7,130503.81,37750.33,103
2906,20240201,61,7,136316.33,35329.59,92
2907,20240301,61,7,137241.12,38558.58,128
2908,20240401,61,7,133875.18,30575.85,74
2909,20240501,61,7,132693.94,28229.39,81
2910,20240601,61,7,140496.83,34433.16,154
2911,20240701,61,7,133055.91,32668.94,84
2912,20240801,61,7,112981.73,32501.09,77
2913,20240901,61,7,149938.15,41883.6,83
2914,20241001,61,7,133349.66,27180.58,75
2915,20241101,61,7,179834.48,42577.58,108
2916,20241201,61,7,156231.1,41344.77,118
2917,20250101,61,7,146733.91,37438.47,121
2918,20250201,61,7,145775.86,36909.56,119
2919,20250301,61,7,131468.87,38866.78,101
2920,20250401,61,7,143805.9,39581.23,132
2921,20250501,61,7,137402.71,28385.76,111
2922,20250601,61,7,153715.99,33754.62,159
2923,20250701,61,7,135892.01,30558.18,125
2924,20250801,61,7,127708.75,33506.1,130
2925,20250901,61,7,132067.26,34635.52,96
2926,20251001,61,7,156290.98,43614.65,163
2927,20251101,61,7,178785.63,38876.07,144
2928,20251201,61,7,177324.83,36427.72,155
2929,20220101,62,7,69057.57,15488.2,64
2930,20220201,62,7,70070.88,15608.34,55
2931,20220301,62,7,72348.51,18696.84,52
2932,20220401,62,7,62163.21,16423.05,42
2933,20220501,62,7,58507.27,12697.08,35
2934,20220601,62,7,63128.01,16893.68,35
2935,20220701,62,7,56927.2,12563.85,39
2936,20220801,62,7,57548.14,14907.54,48
2937,20220901,62,7,60878.59,13647.95,67
2938,20221001,62,7,67851.58,20303.98,51
2939,20221101,62,7,86657.79,23534.08,69
2940,20221201,62,7,72001.91,19691.46,71
2941,20230101,62,7,71265.11,20959.54,58
2942,20230201,62,7,66394.11,19045.08,40
2943,20230301,62,7,60337.8,12382.21,37
2944,20230401,62,7,71742.87,18790.53,58
2945,20230501,62,7,65020.81,18618.05,45
2946,20230601,62,7,58557.81,12599.41,47
2947,20230701,62,7,52927.49,14258.05,46
2948,20230801,62,7,63393.72,16263.84,44
2949,20230901,62,7,71758.61,16392.07,54
2950,20231001,62,7,61885.51,14165.28,53
2951,20231101,62,7,81096.55,20961.95,60
2952,20231201,62,7,75898.21,18218.47,70
2953,20240101,62,7,60793.39,17197.4,36
2954,20240201,62,7,61561.68,17440.0,46
2955,20240301,62,7,65192.26,16817.16,53
2956,20240401,62,7,67009.46,15270.01,40
2957,20240501,62,7,60178.73,17424.29,65
2958,20240601,62,7,65029.18,18871.45,38
2959,20240701,62,7,56181.56,13723.27,35
2960,20240801,62,7,54777.26,13473.02,37
2961,20240901,62,7,68688.19,16170.2,51
2962,20241001,62,7,67754.92,13875.78,52
2963,20241101,62,7,80204.97,20087.8,53
2964,20241201,62,7,78363.0,20706.1,54
2965,20250101,62,7,72123.13,17265.14,77
2966,20250201,62,7,68435.39,17567.97,53
2967,20250301,62,7,68480.75,14988.58,39
2968,20250401,62,7,67308.39,16667.38,56
2969,20250501,62,7,71131.16,16753.4,75
2970,20250601,62,7,71861.24,19318.97,73
2971,20250701,62,7,54685.54,13426.71,54
2972,20250801,62,7,54420.59,11044.24,37
2973,20250901,62,7,62094.08,12963.02,58
2974,20251001,62,7,64498.46,14045.08,42
2975,20251101,62,7,75833.91,18082.38,60
2976,20251201,62,7,81083.89,22786.53,71
2977,20220101,63,7,68290.44,15601.91,39
2978,20220201,63,7,66158.61,13822.85,43
2979,20220301,63,7,69237.05,19761.06,53
2980,20220401,63,7,68156.15,14661.83,40
2981,20220501,63,7,62942.1,17909.67,39
2982,20220601,63,7,70153.85,18617.39,44
2983,20220701,63,7,58772.54,12843.24,52
2984,20220801,63,7,52162.73,13363.02,31
2985,20220901,63,7,60859.21,13470.72,56
2986,20221001,63,7,65087.64,19408.93,58
2987,20221101,63,7,85036.83,22853.68,58
2988,20221201,63,7,82379.51,21644.73,59
2989,20230101,63,7,65168.74,16945.41,36
2990,20230201,63,7,62180.12,17205.44,51
2991,20230301,63,7,72412.94,16383.84,53
2992,20230401,63,7,65381.26,16765.8,55
2993,20230501,63,7,68832.23,14885.47,42
2994,20230601,63,7,70591.78,18441.46,61
2995,20230701,63,7,57657.58,16687.71,56
2996,20230801,63,7,60464.97,16169.2,38
2997,20230901,63,7,59438.13,17561.93,52
2998,20231001,63,7,71575.98,17178.07,51
2999,20231101,63,7,82499.04,24234.57,50
3000,20231201,63,7,77544.43,19882.61,48
3001,20240101,63,7,69798.75,19899.42,43
3002,20240201,63,7,64451.25,18661.9,45
3003,20240301,63,7,68374.47,18853.53,51
3004,20240401,63,7,69014.75,19875.71,45
3005,20240501,63,7,72160.06,14831.28,55
3006,20240601,63,7,67608.53,18959.68,45
3007,20240701,63,7,51837.76,14043.67,38
3008,20240801,63,7,63293.64,15912.01,64
3009,20240901,63,7,62424.49,12844.48,62
3010,20241001,63,7,67478.34,19777.0,39
3011,20241101,63,7,85669.59,22251.67,62
3012,20241201,63,7,77170.95,19266.61,77
3013,20250101,63,7,72632.46,14736.32,63
3014,20250201,63,7,64048.63,16511.45,43
3015,20250301,63,7,58961.19,15112.35,35
3016,20250401,63,7,69317.02,17027.33,66
3017,20250501,63,7,60169.86,14292.7,57
3018,20250601,63,7,68734.11,16388.52,65
3019,20250701,63,7,55868.1,13136.35,35
3020,20250801,63,7,57213.69,14058.9,38
3021,20250901,63,7,67819.08,14827.71,39
3022,20251001,63,7,66651.81,14628.4,56
3023,20251101,63,7,70372.57,17387.59,59
3024,20251201,63,7,73233.45,20331.2,65
3025,20220101,64,7,59217.25,12016.03,55
3026,20220201,64,7,66556.27,17887.38,71
3027,20220301,64,7,65714.83,15706.69,66
3028,20220401,64,7,63571.2,14586.3,46
3029,20220501,64,7,68841.07,13863.68,40
3030,20220601,64,7,68524.45,19208.0,44
3031,20220701,64,7,52099.14,14159.97,49
3032,20220801,64,7,63671.6,14390.19,56
3033,20220901,64,7,60654.44,14314.84,34
3034,20221001,64,7,71024.0,15220.41,49
3035,20221101,64,7,73415.09,20978.55,50
3036,20221201,64,7,77569.38,18974.86,59
3037,20230101,64,7,61329.13,12460.32,50
3038,20230201,64,7,69047.09,18216.1,76
3039,20230301,64,7,64182.96,18146.94,45
3040,20230401,64,7,64605.39,17658.3,40
3041,20230501,64,7,71522.73,20246.01,40
3042,20230601,64,7,68865.29,15457.5,46
3043,20230701,64,7,61487.39,13718.23,39
3044,20230801,64,7,62249.6,15358.21,61
3045,20230901,64,7,70651.32,15685.94,55
3046,20231001,64,7,66567.2,16772.85,47
3047,20231101,64,7,81277.12,17795.3,87
3048,20231201,64,7,83255.72,19051.54,70
3049,20240101,64,7,70115.31,18710.89,41
3050,20240201,64,7,70668.99,15051.4,46
3051,20240301,64,7,72405.35,19156.75,44
3052,20240401,64,7,66202.66,15562.03,40
3053,20240501,64,7,61895.16,18529.32,38
3054,20240601,64,7,68839.77,19425.07,42
3055,20240701,64,7,62210.15,13176.12,67
3056,20240801,64,7,61433.57,14496.41,38
3057,20240901,64,7,60509.78,17033.93,64
3058,20241001,64,7,65914.57,14248.44,44
3059,20241101,64,7,71390.47,14398.45,59
3060,20241201,64,7,73639.61,14775.67,64
3061,20250101,64,7,71120.68,15674.73,45
3062,20250201,64,7,59283.3,14335.16,37
3063,20250301,64,7,67842.87,13951.67,72
3064,20250401,64,7,70858.51,18702.51,46
3065,20250501,64,7,72401.72,20544.03,47
3066,20250601,64,7,70948.78,17648.76,75
3067,20250701,64,7,57777.14,11914.59,38
3068,20250801,64,7,59978.81,17325.1,62
3069,20250901,64,7,71700.15,15553.58,75
3070,20251001,64,7,59120.24,17584.9,35
3071,20251101,64,7,80650.82,19870.07,60
3072,20251201,64,7,77131.73,21999.34,74
3073,20220101,65,7,61475.86,17373.65,41
3074,20220201,65,7,59272.93,17392.33,55
3075,20220301,65,7,68303.12,13668.25,68
3076,20220401,65,7,59769.23,17561.31,45
3077,20220501,65,7,65320.37,15559.6,63
3078,20220601,65,7,64854.49,16045.36,47
3079,20220701,65,7,57402.31,12070.01,46
3080,20220801,65,7,61712.07,13182.1,65
3081,20220901,65,7,66281.79,18785.52,60
3082,20221001,65,7,59832.12,12620.99,44
3083,20221101,65,7,78837.15,20320.61,78
3084,20221201,65,7,82292.15,20505.84,47
3085,20230101,65,7,59617.79,12282.27,33
3086,20230201,65,7,69974.28,14079.41,49
3087,20230301,65,7,71280.29,16537.15,65
3088,20230401,65,7,71061.81,18238.93,65
3089,20230501,65,7,62977.32,17319.18,49
3090,20230601,65,7,62163.71,15952.23,38
3091,20230701,65,7,57135.52,13212.79,61
3092,20230801,65,7,57104.33,15011.17,35
3093,20230901,65,7,70930.85,14558.97,69
3094,20231001,65,7,70646.73,15717.27,48
3095,20231101,65,7,83002.73,19657.79,47
3096,20231201,65,7,83515.49,18382.21,46
3097,20240101,65,7,72405.5,18397.59,76
3098,20240201,65,7,67519.13,17893.94,69
3099,20240301,65,7,65551.07,14897.71,60
3100,20240401,65,7,68693.35,16627.45,73
3101,20240501,65,7,67000.08,17952.44,41
3102,20240601,65,7,59039.31,13438.01,32
3103,20240701,65,7,55667.26,12331.3,31
3104,20240801,65,7,55309.72,11672.94,37
3105,20240901,65,7,65207.23,14858.04,42
3106,20241001,65,7,58987.84,12472.77,39
3107,20241101,65,7,80544.75,21584.31,48
3108,20241201,65,7,85264.02,18350.37,52
3109,20250101,65,7,63057.19,16850.73,37
3110,20250201,65,7,71246.59,14285.54,55
3111,20250301,65,7,59498.92,17241.41,47
3112,20250401,65,7,65208.37,14152.72,61
3113,20250501,65,7,66190.74,15250.13,53
3114,20250601,65,7,69692.65,16444.57,41
3115,20250701,65,7,54866.78,13093.23,30
3116,20250801,65,7,60361.06,15542.98,50
3117,20250901,65,7,58812.88,16625.25,47
3118,20251001,65,7,60508.86,13681.06,41
3119,20251101,65,7,83199.39,20098.14,54
3120,20251201,65,7,86365.96,17721.13,94
3121,20220101,66,7,63076.44,16322.92,66
3122,20220201,66,7,64996.2,15921.2,37
3123,20220301,66,7,67634.97,16775.5,47
3124,20220401,66,7,61322.73,16305.61,50
3125,20220501,66,7,69045.12,15752.9,70
3126,20220601,66,7,66714.98,14762.45,37
3127,20220701,66,7,57295.16,16540.59,44
3128,20220801,66,7,56637.52,12248.96,47
3129,20220901,66,7,59693.69,13158.81,48
3130,20221001,66,7,66441.99,15449.65,65
3131,20221101,66,7,76689.85,15611.55,75
3132,20221201,66,7,72590.35,16350.87,48
3133,20230101,66,7,64073.38,14290.27,44
3134,20230201,66,7,62613.32,13158.16,59
3135,20230301,66,7,60610.32,15603.82,61
3136,20230401,66,7,63991.43,16432.75,54
3137,20230501,66,7,63518.15,13454.81,66
3138,20230601,66,7,68909.64,15365.42,40
3139,20230701,66,7,63693.5,13528.25,47
3140,20230801,66,7,63006.47,17928.44,58
3141,20230901,66,7,65484.87,18353.75,54
3142,20231001,66,7,60332.35,15618.59,53
3143,20231101,66,7,74403.77,20471.41,78
3144,20231201,66,7,77308.23,18176.42,63
3145,20240101,66,7,72502.74,21134.59,55
3146,20240201,66,7,62134.44,17821.57,46
3147,20240301,66,7,59813.63,15501.1,38
3148,20240401,66,7,64581.08,14744.5,37
3149,20240501,66,7,58898.95,15118.08,56
3150,20240601,66,7,60300.38,14312.29,49
3151,20240701,66,7,59353.3,15514.55,57
3152,20240801,66,7,53702.81,11990.26,46
3153,20240901,66,7,59660.53,13554.52,56
3154,20241001,66,7,58533.06,14099.37,45
3155,20241101,66,7,75977.25,15376.64,74
3156,20241201,66,7,84149.16,20448.48,93
3157,20250101,66,7,63110.42,15222.16,52
3158,20250201,66,7,65095.75,13912.56,36
3159,20250301,66,7,68829.63,18381.59,54
3160,20250401,66,7,70328.87,15924.79,44
3161,20250501,66,7,63980.24,17117.02,38
3162,20250601,66,7,60543.7,12894.8,50
3163,20250701,66,7,57355.68,15388.59,39
3164,20250801,66,7,59933.51,12278.68,43
3165,20250901,66,7,66690.3,13426.16,42
3166,20251001,66,7,58698.43,13456.88,50
3167,20251101,66,7,76291.56,16057.51,47
3168,20251201,66,7,71816.45,15869.32,57
3169,20220101,67,7,63666.06,13742.15,69
3170,20220201,67,7,68296.72,19923.82,52
3171,20220301,67,7,59774.36,16073.76,36
3172,20220401,67,7,65091.79,15301.53,40
3173,20220501,67,7,66141.89,17929.43,49
3174,20220601,67,7,70693.06,19366.41,39
3175,20220701,67,7,59498.24,14274.53,33
3176,20220801,67,7,61426.99,17795.04,49
3177,20220901,67,7,66944.21,17534.78,38
3178,20221001,67,7,67914.16,16840.4,63
3179,20221101,67,7,71356.34,17567.55,41
3180,20221201,67,7,82897.48,22750.1,71
3181,20230101,67,7,60391.41,16217.89,66
3182,20230201,67,7,61369.91,17132.62,38
3183,20230301,67,7,60745.59,16758.25,40
3184,20230401,67,7,68962.81,20390.32,41
3185,20230501,67,7,70013.95,20371.66,70
3186,20230601,67,7,63541.2,17293.91,52
3187,20230701,67,7,58234.55,12895.11,63
3188,20230801,67,7,63367.47,15886.29,56
3189,20230901,67,7,59598.65,16015.7,49
3190,20231001,67,7,62017.1,18509.33,40
3191,20231101,67,7,85117.6,18927.17,53
3192,20231201,67,7,80785.17,17893.64,54
3193,20240101,67,7,70557.73,19694.0,45
3194,20240201,67,7,65244.86,19542.49,56
3195,20240301,67,7,59807.39,14365.08,49
3196,20240401,67,7,61962.83,17687.38,51
3197,20240501,67,7,59967.94,14038.41,43
3198,20240601,67,7,70845.6,14681.75,61
3199,20240701,67,7,51902.02,13498.3,56
3200,20240801,67,7,60683.0,15683.18,39
3201,20240901,67,7,62935.64,16688.21,66
3202,20241001,67,7,59927.27,16060.81,59
3203,20241101,67,7,82752.64,19062.81,76
3204,20241201,67,7,70596.4,18385.82,45
3205,20250101,67,7,62518.18,18358.61,59
3206,20250201,67,7,61041.96,14611.8,39
3207,20250301,67,7,72588.92,15588.71,64
3208,20250401,67,7,71674.87,17883.63,64
3209,20250501,67,7,63026.2,15596.19,59
3210,20250601,67,7,71366.7,16452.47,40
3211,20250701,67,7,63718.36,18624.42,40
3212,20250801,67,7,52033.38,15069.95,33
3213,20250901,67,7,72355.69,17676.16,72
3214,20251001,67,7,61377.26,15316.54,39
3215,20251101,67,7,77492.27,16089.0,43
3216,20251201,67,7,77903.03,20598.64,72
3217,20220101,68,7,60495.33,17130.98,38
3218,20220201,68,7,70821.56,17579.0,60
3219,20220301,68,7,63287.38,13922.17,39
3220,20220401,68,7,60900.52,12605.62,49
3221,20220501,68,7,61990.06,16966.94,48
3222,20220601,68,7,58904.68,13673.16,41
3223,20220701,68,7,59911.33,13875.32,48
3224,20220801,68,7,53437.83,14414.81,42
3225,20220901,68,7,63006.33,18004.77,50
3226,20221001,68,7,61635.38,15751.8,49
3227,20221101,68,7,73567.39,19819.67,51
3228,20221201,68,7,70432.48,16552.01,77
3229,20230101,68,7,62301.09,17688.22,53
3230,20230201,68,7,62849.96,13359.47,69
3231,20230301,68,7,60125.76,14684.11,43
3232,20230401,68,7,61477.3,15358.54,65
3233,20230501,68,7,67614.26,18442.89,41
3234,20230601,68,7,67758.05,16839.37,38
3235,20230701,68,7,51535.74,11446.48,48
3236,20230801,68,7,54191.52,14765.41,35
3237,20230901,68,7,67567.78,17354.77,53
3238,20231001,68,7,61713.11,17749.73,42
3239,20231101,68,7,77457.07,17650.27,49
3240,20231201,68,7,86734.5,20842.43,60
3241,20240101,68,7,65994.3,19695.43,42
3242,20240201,68,7,64574.26,18682.97,36
3243,20240301,68,7,62952.52,17230.71,45
3244,20240401,68,7,65740.25,16899.35,51
3245,20240501,68,7,65341.58,17834.94,45
3246,20240601,68,7,70840.93,20937.58,63
3247,20240701,68,7,56533.35,16543.84,34
3248,20240801,68,7,52385.93,14411.18,40
3249,20240901,68,7,72549.93,18660.73,46
3250,20241001,68,7,66967.35,15095.26,48
3251,20241101,68,7,78515.57,21978.83,54
3252,20241201,68,7,86482.82,22709.46,91
3253,20250101,68,7,72358.53,16819.84,53
3254,20250201,68,7,72184.63,14858.5,46
3255,20250301,68,7,60953.98,14494.84,54
3256,20250401,68,7,72038.34,16485.21,51
3257,20250501,68,7,65103.26,13547.07,36
3258,20250601,68,7,71294.94,19558.11,74
3259,20250701,68,7,61946.51,13447.42,46
3260,20250801,68,7,59840.06,12143.57,54
3261,20250901,68,7,65282.89,13433.97,57
3262,20251001,68,7,60136.59,12375.87,40
3263,20251101,68,7,75880.04,17881.2,44
3264,20251201,68,7,71315.61,19587.61,40
3265,20220101,69,7,61224.64,12534.57,53
3266,20220201,69,7,68667.12,20167.84,46
3267,20220301,69,7,59615.31,14179.63,39
3268,20220401,69,7,58577.76,15575.6,64
3269,20220501,69,7,70947.76,19117.53,64
3270,20220601,69,7,71159.82,18643.17,69
3271,20220701,69,7,59190.39,14394.07,59
3272,20220801,69,7,53782.52,12887.16,33
3273,20220901,69,7,67213.14,14341.12,52
3274,20221001,69,7,69271.26,15431.63,75
3275,20221101,69,7,86428.69,25308.16,83
3276,20221201,69,7,76514.79,22949.82,45
3277,20230101,69,7,59357.68,13237.84,46
3278,20230201,69,7,63980.87,14545.06,47
3279,20230301,69,7,70603.74,19157.19,40
3280,20230401,69,7,66092.56,15074.24,51
3281,20230501,69,7,60586.77,15822.12,60
3282,20230601,69,7,72065.1,19976.03,47
3283,20230701,69,7,58116.66,14078.8,33
3284,20230801,69,7,57347.56,16280.13,62
3285,20230901,69,7,70250.06,19023.3,77
3286,20231001,69,7,64406.44,14557.02,38
3287,20231101,69,7,82273.44,20623.53,54
3288,20231201,69,7,77907.54,17405.25,66
3289,20240101,69,7,69934.82,20756.28,58
3290,20240201,69,7,65848.16,15106.54,54
3291,20240301,69,7,70552.72,14264.95,65
3292,20240401,69,7,72488.57,16002.24,44
3293,20240501,69,7,66824.19,14887.67,52
3294,20240601,69,7,61535.41,12953.45,48
3295,20240701,69,7,56073.41,13876.68,33
3296,20240801,69,7,56724.48,12370.61,32
3297,20240901,69,7,60792.78,15756.01,36
3298,20241001,69,7,63929.54,18309.6,53
3299,20241101,69,7,79826.83,20883.69,60
3300,20241201,69,7,78944.85,22988.3,84
3301,20250101,69,7,70630.17,21125.01,69
3302,20250201,69,7,62677.49,17879.17,48
3303,20250301,69,7,64497.41,15689.13,39
3304,20250401,69,7,69763.17,15027.14,40
3305,20250501,69,7,70867.27,18832.56,65
3306,20250601,69,7,66875.95,17835.34,41
3307,20250701,69,7,60679.97,15878.53,53
3308,20250801,69,7,53908.67,13421.27,45
3309,20250901,69,7,60776.22,15335.06,49
3310,20251001,69,7,63631.48,17278.62,41
3311,20251101,69,7,86486.32,17862.76,51
3312,20251201,69,7,83908.94,19452.04,78
3313,20220101,70,7,60623.04,18019.22,45
3314,20220201,70,7,68527.41,14674.66,55
3315,20220301,70,7,71997.93,21136.74,78
3316,20220401,70,7,67511.05,19126.81,51
3317,20220501,70,7,70136.06,15485.02,59
3318,20220601,70,7,62953.14,14704.9,38
3319,20220701,70,7,58803.28,14874.39,42
3320,20220801,70,7,57439.29,13248.77,33
3321,20220901,70,7,64653.26,16121.91,61
3322,20221001,70,7,64469.36,15812.99,44
3323,20221101,70,7,84107.64,23587.91,81
3324,20221201,70,7,71637.97,19900.46,76
3325,20230101,70,7,66736.25,15549.91,51
3326,20230201,70,7,59407.96,15926.29,57
3327,20230301,70,7,67984.93,16140.81,43
3328,20230401,70,7,69476.15,18340.45,40
3329,20230501,70,7,65296.31,16059.14,36
3330,20230601,70,7,66222.57,13443.16,57
3331,20230701,70,7,54796.28,15256.32,36
3332,20230801,70,7,57669.93,12483.3,36
3333,20230901,70,7,60364.22,16403.55,42
3334,20231001,70,7,62230.64,18317.37,35
3335,20231101,70,7,73972.02,21488.41,41
3336,20231201,70,7,87260.18,17556.72,58
3337,20240101,70,7,59760.27,13465.85,61
3338,20240201,70,7,65923.94,13331.46,52
3339,20240301,70,7,61748.68,14458.03,50
3340,20240401,70,7,72368.12,18854.3,42
3341,20240501,70,7,62268.99,16914.2,35
3342,20240601,70,7,60389.5,16687.04,46
3343,20240701,70,7,63982.18,15444.8,54
3344,20240801,70,7,61959.17,16535.82,66
3345,20240901,70,7,59607.35,12826.74,33
3346,20241001,70,7,71945.83,17023.21,69
3347,20241101,70,7,85339.9,22488.14,50
3348,20241201,70,7,79026.3,22998.52,46
3349,20250101,70,7,61924.82,17317.11,48
3350,20250201,70,7,69307.94,18838.18,53
3351,20250301,70,7,66170.92,18403.76,37
3352,20250401,70,7,65423.55,13429.7,42
3353,20250501,70,7,61094.69,16953.67,56
3354,20250601,70,7,60797.36,15594.35,39
3355,20250701,70,7,55700.36,16565.53,53
3356,20250801,70,7,62243.97,13622.09,55
3357,20250901,70,7,71844.41,18562.5,50
3358,20251001,70,7,71676.35,15575.25,73
3359,20251101,70,7,73748.9,21778.49,56
3360,20251201,70,7,78019.62,17013.65,60
3361,20220101,71,8,137299.05,27819.07,96
3362,20220201,71,8,150377.17,38186.8,96
3363,20220301,71,8,153890.69,34510.64,132
3364,20220401,71,8,130410.23,35154.85,79
3365,20220501,71,8,156003.87,31446.07,134
3366,20220601,71,8,131108.49,27241.28,93
3367,20220701,71,8,123792.88,29655.91,70
3368,20220801,71,8,135392.72,38962.87,77
3369,20220901,71,8,153200.83,32871.54,168
3370,20221001,71,8,138536.88,39455.12,141
3371,20221101,71,8,167790.87,41620.09,110
3372,20221201,71,8,159227.94,39208.7,99
3373,20230101,71,8,135939.07,37222.82,130
3374,20230201,71,8,135437.01,32235.07,95
3375,20230301,71,8,129650.95,33070.48,85
3376,20230401,71,8,129314.96,38390.94,96
3377,20230501,71,8,141007.54,42173.12,92
3378,20230601,71,8,132897.79,27153.46,133
3379,20230701,71,8,118813.39,26193.3,109
3380,20230801,71,8,118401.14,28175.42,77
3381,20230901,71,8,128829.37,36036.65,84
3382,20231001,71,8,155841.2,33853.66,96
3383,20231101,71,8,168128.61,47534.35,104
3384,20231201,71,8,155663.31,38126.43,127
3385,20240101,71,8,127207.71,35177.53,82
3386,20240201,71,8,137934.47,33998.45,99
3387,20240301,71,8,155222.4,42362.63,93
3388,20240401,71,8,156769.52,32572.85,96
3389,20240501,71,8,151417.13,36716.22,105
3390,20240601,71,8,139893.81,33610.96,112
3391,20240701,71,8,114756.73,32935.36,71
3392,20240801,71,8,121199.35,34552.44,78
3393,20240901,71,8,135902.58,29062.05,87
3394,20241001,71,8,126846.41,27830.93,91
3395,20241101,71,8,171401.94,34500.22,99
3396,20241201,71,8,171224.79,47478.6,166
3397,20250101,71,8,149334.6,38520.89,99
3398,20250201,71,8,152469.51,35737.37,119
3399,20250301,71,8,152925.47,45075.0,165
3400,20250401,71,8,142090.25,30054.1,80
3401,20250501,71,8,145984.93,31233.64,108
3402,20250601,71,8,151449.53,34331.68,132
3403,20250701,71,8,117712.05,26336.37,82
3404,20250801,71,8,122939.02,36045.82,101
3405,20250901,71,8,154083.42,35055.14,87
3406,20251001,71,8,137200.83,28838.75,90
3407,20251101,71,8,168832.76,43062.69,95
3408,20251201,71,8,184991.57,52189.97,125
3409,20220101,72,8,65337.4,17576.78,67
3410,20220201,72,8,66012.35,15997.19,57
3411,20220301,72,8,64397.13,17994.1,40
3412,20220401,72,8,65110.75,16713.36,58
3413,20220501,72,8,72244.49,21009.06,64
3414,20220601,72,8,66595.86,14360.95,67
3415,20220701,72,8,52999.93,10849.46,39
3416,20220801,72,8,52865.11,14723.75,32
3417,20220901,72,8,69777.94,14087.13,53
3418,20221001,72,8,62533.43,14863.73,46
3419,20221101,72,8,70735.69,14927.77,50
3420,20221201,72,8,79021.07,19287.74,48
3421,20230101,72,8,64167.4,17486.74,36
3422,20230201,72,8,71115.12,17376.15,54
3423,20230301,72,8,69080.82,16541.94,55
3424,20230401,72,8,72462.36,15719.71,45
3425,20230501,72,8,62108.54,16606.48,47
3426,20230601,72,8,66178.48,18850.6,73
3427,20230701,72,8,52018.43,15138.47,47
3428,20230801,72,8,58939.57,15508.28,32
3429,20230901,72,8,60395.77,15588.58,63
3430,20231001,72,8,69561.88,18334.45,44
3431,20231101,72,8,87249.78,22342.96,76
3432,20231201,72,8,85464.65,23802.37,58
3433,20240101,72,8,64642.55,16174.93,53
3434,20240201,72,8,68883.69,19582.77,47
3435,20240301,72,8,68709.01,19530.72,44
3436,20240401,72,8,64174.19,16228.07,56
3437,20240501,72,8,72565.11,16679.72,47
3438,20240601,72,8,63036.94,16828.59,64
3439,20240701,72,8,59403.56,16843.27,38
3440,20240801,72,8,56921.8,15301.19,41
3441,20240901,72,8,67638.04,14382.74,37
3442,20241001,72,8,60807.55,17280.47,41
3443,20241101,72,8,72821.61,18631.3,65
3444,20241201,72,8,76911.83,22355.33,69
3445,20250101,72,8,66263.9,13567.54,54
3446,20250201,72,8,61536.9,12500.23,50
3447,20250301,72,8,68878.34,20182.05,52
3448,20250401,72,8,59468.52,17091.76,48
3449,20250501,72,8,68510.66,18802.41,48
3450,20250601,72,8,64762.37,16645.03,40
3451,20250701,72,8,55876.36,16607.46,35
3452,20250801,72,8,53341.77,12933.59,53
3453,20250901,72,8,64172.6,16195.01,58
3454,20251001,72,8,68563.82,14766.69,48
3455,20251101,72,8,86458.3,19669.8,58
3456,20251201,72,8,76682.58,16329.56,59
3457,20220101,73,8,64067.79,14395.12,37
3458,20220201,73,8,66670.95,14659.98,57
3459,20220301,73,8,66573.71,15541.79,49
3460,20220401,73,8,65387.05,14274.26,55
3461,20220501,73,8,66601.3,13940.73,39
3462,20220601,73,8,62063.41,13370.32,58
3463,20220701,73,8,60145.34,13859.01,40
3464,20220801,73,8,57293.76,13774.96,61
3465,20220901,73,8,66321.49,15071.66,63
3466,20221001,73,8,69248.12,17013.89,57
3467,20221101,73,8,85000.52,18023.02,48
3468,20221201,73,8,85559.1,21193.82,70
3469,20230101,73,8,60503.28,17422.39,57
3470,20230201,73,8,72679.93,14979.27,60
3471,20230301,73,8,69442.27,15777.14,39
3472,20230401,73,8,66628.89,15024.59,49
3473,20230501,73,8,61346.19,15169.27,42
3474,20230601,73,8,68811.99,20092.67,41
3475,20230701,73,8,55586.48,14117.9,35
3476,20230801,73,8,56265.4,14761.44,35
3477,20230901,73,8,71738.53,17126.64,42
3478,20231001,73,8,65294.43,17367.87,69
3479,20231101,73,8,71899.29,14509.81,44
3480,20231201,73,8,77591.58,18274.36,77
3481,20240101,73,8,70945.92,15456.21,43
3482,20240201,73,8,63295.91,15523.55,56
3483,20240301,73,8,65393.97,15248.96,55
3484,20240401,73,8,70526.05,16345.74,64
3485,20240501,73,8,65684.43,19228.69,68
3486,20240601,73,8,62796.35,15419.92,48
3487,20240701,73,8,61880.21,13919.53,64
3488,20240801,73,8,60195.9,12517.24,36
3489,20240901,73,8,68564.84,14553.94,64
3490,20241001,73,8,68800.27,17312.62,71
3491,20241101,73,8,85224.55,23358.23,78
3492,20241201,73,8,71171.91,15146.89,45
3493,20250101,73,8,58872.28,13296.18,41
3494,20250201,73,8,59607.91,14079.51,46
3495,20250301,73,8,62964.96,16669.05,55
3496,20250401,73,8,62710.02,15285.7,40
3497,20250501,73,8,65107.09,13148.63,37
3498,20250601,73,8,66971.29,18591.25,45
3499,20250701,73,8,52886.34,15096.27,31
3500,20250801,73,8,61732.85,16412.17,41
3501,20250901,73,8,59341.23,12706.38,46
3502,20251001,73,8,63569.01,15319.18,38
3503,20251101,73,8,74834.46,18813.9,42
3504,20251201,73,8,74660.75,15002.17,51
3505,20220101,74,8,63384.16,14082.11,51
3506,20220201,74,8,64859.0,16936.1,61
3507,20220301,74,8,67447.68,13713.47,52
3508,20220401,74,8,72599.37,19227.47,41
3509,20220501,74,8,66393.7,19832.12,38
3510,20220601,74,8,63853.79,17633.76,42
3511,20220701,74,8,62704.25,13158.58,36
3512,20220801,74,8,59928.46,12645.74,40
3513,20220901,74,8,63078.88,15222.44,66
3514,20221001,74,8,61296.22,14595.28,48
3515,20221101,74,8,82194.49,23499.55,48
3516,20221201,74,8,74164.43,22150.36,51
3517,20230101,74,8,61064.25,13957.65,35
3518,20230201,74,8,62458.68,14229.52,49
3519,20230301,74,8,61130.35,15473.92,59
3520,20230401,74,8,72665.04,19068.55,44
3521,20230501,74,8,68274.01,16283.1,46
3522,20230601,74,8,65496.2,14477.57,47
3523,20230701,74,8,56914.27,15711.14,62
3524,20230801,74,8,53418.72,12077.29,32
3525,20230901,74,8,64520.77,16909.64,37
3526,20231001,74,8,65545.65,15886.44,51
3527,20231101,74,8,76842.75,21969.6,50
3528,20231201,74,8,72741.7,19453.05,54
3529,20240101,74,8,65689.13,16256.73,70
3530,20240201,74,8,70702.32,18064.44,54
3531,20240301,74,8,72714.58,17286.37,54
3532,20240401,74,8,72304.89,16433.11,43
3533,20240501,74,8,72448.56,16211.56,74
3534,20240601,74,8,58554.82,13661.14,61
3535,20240701,74,8,54180.4,11894.32,31
3536,20240801,74,8,55498.04,16466.88,30
3537,20240901,74,8,63024.64,16669.75,37
3538,20241001,74,8,58530.55,17448.61,50
3539,20241101,74,8,75972.92,16753.94,44
3540,20241201,74,8,76915.34,18177.72,77
3541,20250101,74,8,61701.01,12553.67,55
3542,20250201,74,8,65353.82,18974.72,50
3543,20250301,74,8,67259.56,13874.3,60
3544,20250401,74,8,64132.64,14069.9,43
3545,20250501,74,8,69789.24,16137.68,51
3546,20250601,74,8,62263.87,15388.13,49
3547,20250701,74,8,63927.19,16849.81,69
3548,20250801,74,8,58274.15,12070.48,61
3549,20250901,74,8,70559.8,18836.03,77
3550,20251001,74,8,72403.65,18481.71,46
3551,20251101,74,8,82696.02,24588.23,46
3552,20251201,74,8,77782.93,19864.62,55
3553,20220101,75,8,67328.74,14886.55,68
3554,20220201,75,8,65465.49,17558.7,71
3555,20220301,75,8,71016.44,20748.18,42
3556,20220401,75,8,66839.57,16092.82,40
3557,20220501,75,8,70668.09,19115.51,50
3558,20220601,75,8,72358.61,19895.8,57
3559,20220701,75,8,62508.63,17888.46,42
3560,20220801,75,8,60605.79,16463.2,44
3561,20220901,75,8,58848.76,13121.15,61
3562,20221001,75,8,68497.56,15063.51,51
3563,20221101,75,8,75583.95,22317.41,77
3564,20221201,75,8,83381.14,19652.15,59
3565,20230101,75,8,61561.98,14480.36,56
3566,20230201,75,8,61108.9,15648.13,44
3567,20230301,75,8,67620.81,16480.19,57
3568,20230401,75,8,72616.8,19029.23,68
3569,20230501,75,8,63852.79,12995.48,64
3570,20230601,75,8,60375.28,15374.58,62
3571,20230701,75,8,57049.31,11914.63,35
3572,20230801,75,8,63606.84,13233.39,39
3573,20230901,75,8,62016.77,12998.39,44
3574,20231001,75,8,68597.01,14171.15,39
3575,20231101,75,8,79568.53,17083.53,55
3576,20231201,75,8,82052.42,24216.51,82
3577,20240101,75,8,70486.9,20356.88,59
3578,20240201,75,8,71037.84,16801.23,75
3579,20240301,75,8,69964.82,20296.62,59
3580,20240401,75,8,71197.91,21160.02,70
3581,20240501,75,8,68752.76,17414.95,40
3582,20240601,75,8,72655.15,17541.29,70
3583,20240701,75,8,63108.74,15777.11,39
3584,20240801,75,8,55878.98,11694.04,61
3585,20240901,75,8,63111.0,18004.51,67
3586,20241001,75,8,71574.29,16599.88,40
3587,20241101,75,8,86435.73,17308.73,50
3588,20241201,75,8,82120.02,17167.31,85
3589,20250101,75,8,61340.3,16521.21,44
3590,20250201,75,8,67487.85,17478.38,59
3591,20250301,75,8,63972.85,19129.55,51
3592,20250401,75,8,58908.68,16657.71,41
3593,20250501,75,8,68503.34,18896.52,40
3594,20250601,75,8,71362.26,21148.37,52
3595,20250701,75,8,55714.2,13944.98,34
3596,20250801,75,8,53382.06,12805.31,35
3597,20250901,75,8,66940.94,19215.2,43
3598,20251001,75,8,67023.64,19760.0,69
3599,20251101,75,8,75674.42,21945.41,64
3600,20251201,75,8,81811.37,17371.61,79
3601,20220101,76,8,59519.47,14016.44,36
3602,20220201,76,8,70868.26,14318.4,42
3603,20220301,76,8,62283.13,15100.15,65
3604,20220401,76,8,62453.71,18352.99,35
3605,20220501,76,8,64880.48,17218.15,49
3606,20220601,76,8,61926.79,14609.19,48
3607,20220701,76,8,57374.89,17117.52,34
3608,20220801,76,8,56784.36,13238.56,36
3609,20220901,76,8,66355.7,15682.22,56
3610,20221001,76,8,67930.45,16024.31,70
3611,20221101,76,8,70364.28,20181.94,58
3612,20221201,76,8,71075.97,20719.63,45
3613,20230101,76,8,70387.67,16930.57,66
3614,20230201,76,8,67713.76,18785.92,54
3615,20230301,76,8,69210.94,20332.37,61
3616,20230401,76,8,70534.69,18294.39,43
3617,20230501,76,8,61045.06,12413.65,47
3618,20230601,76,8,60052.45,13516.18,62
3619,20230701,76,8,52808.33,13197.14,41
3620,20230801,76,8,61999.63,17027.76,38
3621,20230901,76,8,64610.33,13639.66,39
3622,20231001,76,8,67969.62,17887.52,75
3623,20231101,76,8,79574.2,16890.32,51
3624,20231201,76,8,85701.45,17231.14,50
3625,20240101,76,8,60384.77,12818.81,50
3626,20240201,76,8,59373.74,17586.61,48
3627,20240301,76,8,65817.45,15567.79,42
3628,20240401,76,8,69464.73,20240.98,58
3629,20240501,76,8,66981.74,19757.4,47
3630,20240601,76,8,70835.88,16586.32,58
3631,20240701,76,8,63885.12,13868.46,53
3632,20240801,76,8,60827.78,16610.96,36
3633,20240901,76,8,70365.69,20112.71,45
3634,20241001,76,8,65330.72,15892.99,39
3635,20241101,76,8,78630.93,23533.76,55
3636,20241201,76,8,79064.34,21494.56,63
3637,20250101,76,8,67370.28,15179.15,59
3638,20250201,76,8,67043.94,18791.79,68
3639,20250301,76,8,67093.83,14275.18,65
3640,20250401,76,8,66041.19,15091.68,67
3641,20250501,76,8,70534.44,17526.45,70
3642,20250601,76,8,58569.75,15974.63,55
3643,20250701,76,8,53881.12,13093.38,48
3644,20250801,76,8,59354.05,13506.58,37
3645,20250901,76,8,59412.94,14496.47,58
3646,20251001,76,8,59097.26,12776.4,47
3647,20251101,76,8,74928.57,17637.59,56
3648,20251201,76,8,80290.8,18482.84,82
3649,20220101,77,8,61801.34,14033.3,51
3650,20220201,77,8,59490.56,12958.76,64
3651,20220301,77,8,64044.32,13882.36,59
3652,20220401,77,8,62629.04,17283.61,39
3653,20220501,77,8,63882.16,15066.52,43
3654,20220601,77,8,70475.26,16205.12,49
3655,20220701,77,8,63569.57,18932.84,37
3656,20220801,77,8,60755.71,12832.35,53
3657,20220901,77,8,64190.24,17309.7,44
3658,20221001,77,8,62966.27,15032.77,37
3659,20221101,77,8,79189.3,17331.17,59
3660,20221201,77,8,74154.76,17533.08,61
3661,20230101,77,8,66707.04,14739.74,51
3662,20230201,77,8,70253.64,19918.51,53
3663,20230301,77,8,58719.22,12377.49,39
3664,20230401,77,8,65639.28,15234.37,36
3665,20230501,77,8,59693.9,14161.14,34
3666,20230601,77,8,60313.88,13861.78,41
3667,20230701,77,8,60003.04,13891.41,56
3668,20230801,77,8,51833.99,10908.58,35
3669,20230901,77,8,61827.52,17374.0,42
3670,20231001,77,8,61030.8,16692.66,39
3671,20231101,77,8,83581.95,22060.46,58
3672,20231201,77,8,82024.1,19593.94,46
3673,20240101,77,8,70752.98,16884.17,50
3674,20240201,77,8,59493.21,15301.49,40
3675,20240301,77,8,64792.96,16530.79,49
3676,20240401,77,8,65358.35,14105.85,59
3677,20240501,77,8,66764.02,15094.44,37
3678,20240601,77,8,63641.9,15870.94,36
3679,20240701,77,8,55454.54,14421.93,33
3680,20240801,77,8,53847.1,11427.42,50
3681,20240901,77,8,62580.68,15586.52,34
3682,20241001,77,8,63990.45,13808.99,69
3683,20241101,77,8,85134.12,17979.99,73
3684,20241201,77,8,83843.87,22924.33,50
3685,20250101,77,8,58537.16,12512.96,61
3686,20250201,77,8,64705.05,14526.14,71
3687,20250301,77,8,66563.89,18646.3,41
3688,20250401,77,8,67095.98,19563.14,43
3689,20250501,77,8,68150.08,15229.9,37
3690,20250601,77,8,67100.21,17080.23,55
3691,20250701,77,8,62287.53,14162.75,41
3692,20250801,77,8,51766.35,12221.75,53
3693,20250901,77,8,59318.5,13804.41,38
3694,20251001,77,8,61583.29,14836.17,48
3695,20251101,77,8,83356.19,17977.11,82
3696,20251201,77,8,81768.17,16547.7,58
3697,20220101,78,8,67783.46,16507.16,54
3698,20220201,78,8,65273.35,15235.63,38
3699,20220301,78,8,59364.23,12619.5,37
3700,20220401,78,8,72151.14,15135.48,40
3701,20220501,78,8,59942.21,14332.82,34
3702,20220601,78,8,58696.59,12457.28,53
3703,20220701,78,8,56329.34,14428.6,44
3704,20220801,78,8,51753.75,13635.56,39
3705,20220901,78,8,60050.51,15982.09,45
3706,20221001,78,8,59846.56,13461.67,40
3707,20221101,78,8,78009.35,21277.44,59
3708,20221201,78,8,74622.12,16287.43,50
3709,20230101,78,8,70325.44,15607.88,50
3710,20230201,78,8,72061.16,17939.03,75
3711,20230301,78,8,67704.59,17501.87,43
3712,20230401,78,8,59768.75,12959.97,48
3713,20230501,78,8,59746.5,17622.27,58
3714,20230601,78,8,64948.55,17882.51,37
3715,20230701,78,8,53098.06,11917.33,37
3716,20230801,78,8,51940.06,13906.83,29
3717,20230901,78,8,72412.03,15175.17,46
3718,20231001,78,8,65312.63,15645.93,54
3719,20231101,78,8,82050.17,16595.81,57
3720,20231201,78,8,84221.52,23310.46,74
3721,20240101,78,8,64416.13,14004.15,42
3722,20240201,78,8,67362.1,14054.82,49
3723,20240301,78,8,68537.14,19734.58,46
3724,20240401,78,8,71930.14,15264.63,55
3725,20240501,78,8,62132.96,16787.41,37
3726,20240601,78,8,61860.54,15795.72,45
3727,20240701,78,8,54877.44,12527.34,34
3728,20240801,78,8,53867.96,13808.74,50
3729,20240901,78,8,71970.61,21009.86,61
3730,20241001,78,8,63596.84,13982.77,59
3731,20241101,78,8,70613.49,16712.18,42
3732,20241201,78,8,85670.1,24618.14,55
3733,20250101,78,8,68228.5,15208.89,66
3734,20250201,78,8,71497.65,15871.2,55
3735,20250301,78,8,61379.61,14914.84,37
3736,20250401,78,8,71112.8,14420.9,67
3737,20250501,78,8,68561.38,15889.9,40
3738,20250601,78,8,64347.01,15866.36,44
3739,20250701,78,8,53560.7,15215.57,36
3740,20250801,78,8,58556.79,16541.53,45
3741,20250901,78,8,64254.48,16879.62,37
3742,20251001,78,8,66580.19,16235.02,64
3743,20251101,78,8,78969.83,21360.95,45
3744,20251201,78,8,81105.09,19390.78,49
3745,20220101,79,8,65978.82,16830.25,57
3746,20220201,79,8,61077.43,13764.89,63
3747,20220301,79,8,60966.13,16786.15,49
3748,20220401,79,8,63129.39,13469.36,37
3749,20220501,79,8,70400.95,16039.28,74
3750,20220601,79,8,72795.86,16639.98,54
3751,20220701,79,8,54411.66,13509.03,34
3752,20220801,79,8,55373.88,16574.29,42
3753,20220901,79,8,70738.24,20250.82,42
3754,20221001,79,8,66699.45,15030.2,70
3755,20221101,79,8,83862.94,17071.07,53
3756,20221201,79,8,78207.91,21576.93,82
3757,20230101,79,8,65211.61,13948.79,46
3758,20230201,79,8,67296.1,20186.76,51
3759,20230301,79,8,70891.76,20662.37,58
3760,20230401,79,8,64849.85,17364.57,54
3761,20230501,79,8,69541.11,18759.13,42
3762,20230601,79,8,58895.24,12711.64,58
3763,20230701,79,8,60797.38,17982.34,47
3764,20230801,79,8,63042.28,16368.34,38
3765,20230901,79,8,63134.53,17698.29,40
3766,20231001,79,8,61422.05,18181.19,43
3767,20231101,79,8,84757.31,23309.36,49
3768,20231201,79,8,79657.15,20175.81,47
3769,20240101,79,8,64138.4,13529.44,57
3770,20240201,79,8,59080.84,12740.84,48
3771,20240301,79,8,71448.99,17016.95,43
3772,20240401,79,8,65484.66,14911.05,45
3773,20240501,79,8,64707.62,17614.84,52
3774,20240601,79,8,59257.87,12821.15,57
3775,20240701,79,8,63110.04,13752.13,62
3776,20240801,79,8,59378.95,15829.73,53
3777,20240901,79,8,71643.1,21399.02,51
3778,20241001,79,8,61173.66,16555.58,49
3779,20241101,79,8,70654.57,17785.65,39
3780,20241201,79,8,79003.73,20594.05,47
3781,20250101,79,8,72792.37,16643.61,67
3782,20250201,79,8,62099.31,15217.8,61
3783,20250301,79,8,71426.97,20606.92,42
3784,20250401,79,8,64523.16,14725.52,35
3785,20250501,79,8,69366.75,16673.18,48
3786,20250601,79,8,72240.08,19925.57,48
3787,20250701,79,8,52723.1,11597.37,33
3788,20250801,79,8,52608.85,13313.85,44
3789,20250901,79,8,66590.17,19171.7,62
3790,20251001,79,8,62018.3,13260.85,48
3791,20251101,79,8,86128.96,19683.03,57
3792,20251201,79,8,78520.69,18945.02,70
3793,20220101,80,8,72582.71,15529.29,71
3794,20220201,80,8,61267.36,14904.08,35
3795,20220301,80,8,62252.74,16518.93,36
3796,20220401,80,8,69518.44,18308.97,67
3797,20220501,80,8,65776.23,15933.93,47
3798,20220601,80,8,71238.57,16560.59,50
3799,20220701,80,8,57370.51,12890.89,40
3800,20220801,80,8,52473.19,11788.91,49
3801,20220901,80,8,65149.58,18583.19,49
3802,20221001,80,8,60201.4,14563.64,54
3803,20221101,80,8,80362.98,23511.37,45
3804,20221201,80,8,84140.77,24564.56,62
3805,20230101,80,8,61174.04,14197.9,39
3806,20230201,80,8,61806.23,15859.62,41
3807,20230301,80,8,59112.96,12928.28,37
3808,20230401,80,8,64344.75,16656.98,36
3809,20230501,80,8,61387.56,15375.86,56
3810,20230601,80,8,68658.22,15625.93,50
3811,20230701,80,8,59279.32,15769.23,41
3812,20230801,80,8,60162.12,13143.58,49
3813,20230901,80,8,67955.93,16148.97,44
3814,20231001,80,8,66779.11,14447.55,61
3815,20231101,80,8,81921.82,21975.32,46
3816,20231201,80,8,76973.25,17393.83,66
3817,20240101,80,8,67696.48,17932.04,68
3818,20240201,80,8,70472.25,14711.85,60
3819,20240301,80,8,60814.54,14363.58,37
3820,20240401,80,8,63764.99,14796.15,41
3821,20240501,80,8,70821.87,17837.07,45
3822,20240601,80,8,59989.77,15619.62,55
3823,20240701,80,8,60800.82,17923.52,59
3824,20240801,80,8,56215.72,14390.09,44
3825,20240901,80,8,70243.23,19977.48,66
3826,20241001,80,8,69320.99,15480.96,56
3827,20241101,80,8,74090.2,16890.37,44
3828,20241201,80,8,84281.36,22246.0,56
3829,20250101,80,8,72290.54,21035.02,63
3830,20250201,80,8,63901.06,17930.9,64
3831,20250301,80,8,68888.12,20152.34,39
3832,20250401,80,8,66615.91,19499.03,43
3833,20250501,80,8,64309.5,18082.05,49
3834,20250601,80,8,67422.49,15495.91,51
3835,20250701,80,8,52666.12,15150.68,37
3836,20250801,80,8,61509.73,18153.96,47
3837,20250901,80,8,72312.46,16536.85,54
3838,20251001,80,8,70707.92,14873.19,51
3839,20251101,80,8,86909.46,24244.58,66
3840,20251201,80,8,79339.61,16506.95,61
3841,20220101,81,9,135814.49,28672.79,138
3842,20220201,81,9,127323.88,33864.1,116
3843,20220301,81,9,145727.68,35151.06,101
3844,20220401,81,9,151571.72,32415.66,165
3845,20220501,81,9,134754.69,40117.18,83
3846,20220601,81,9,126381.05,26582.48,83
3847,20220701,81,9,137768.17,37753.13,132
3848,20220801,81,9,135478.94,32908.99,105
3849,20220901,81,9,155207.62,32337.94,132
3850,20221001,81,9,145556.24,29197.49,96
3851,20221101,81,9,156053.5,34358.7,111
3852,20221201,81,9,184742.72,53035.46,118
3853,20230101,81,9,130501.49,32555.08,120
3854,20230201,81,9,131306.22,33568.32,132
3855,20230301,81,9,153723.58,37343.11,99
3856,20230401,81,9,128679.21,33276.79,107
3857,20230501,81,9,130063.11,26879.86,86
3858,20230601,81,9,142005.29,38575.91,98
3859,20230701,81,9,132261.85,38372.89,92
3860,20230801,81,9,130325.81,29646.93,97
3861,20230901,81,9,134817.44,38430.27,104
3862,20231001,81,9,150078.7,36854.77,101
3863,20231101,81,9,187544.15,40321.5,150
3864,20231201,81,9,160247.34,41386.26,113
3865,20240101,81,9,150309.36,36437.6,98
3866,20240201,81,9,127330.14,29980.94,124
3867,20240301,81,9,152689.94,37326.79,117
3868,20240401,81,9,130373.94,30883.27,99
3869,20240501,81,9,143645.51,40363.57,149
3870,20240601,81,9,126535.48,28596.88,93
3871,20240701,81,9,134304.76,32822.47,77
3872,20240801,81,9,133492.09,32803.21,130
3873,20240901,81,9,153305.81,38720.6,103
3874,20241001,81,9,134759.53,33628.32,91
3875,20241101,81,9,174309.0,47665.6,124
3876,20241201,81,9,175090.38,45460.2,192
3877,20250101,81,9,144916.7,37679.64,141
3878,20250201,81,9,144822.34,34614.66,100
3879,20250301,81,9,126116.97,32671.0,73
3880,20250401,81,9,140292.97,35881.89,81
3881,20250501,81,9,131583.47,31374.65,133
3882,20250601,81,9,139168.98,38755.78,144
3883,20250701,81,9,116851.89,34606.86,99
3884,20250801,81,9,116783.59,25119.81,69
3885,20250901,81,9,155991.09,38669.9,103
3886,20251001,81,9,129133.2,29241.82,95
3887,20251101,81,9,179512.81,41691.45,166
3888,20251201,81,9,172799.01,36101.36,133
3889,20220101,82,9,66607.1,19140.65,67
3890,20220201,82,9,61746.84,15260.12,44
3891,20220301,82,9,62459.87,15993.15,62
3892,20220401,82,9,66615.64,13479.33,37
3893,20220501,82,9,58578.31,12339.87,38
3894,20220601,82,9,66010.16,16731.76,45
3895,20220701,82,9,56370.01,16524.32,31
3896,20220801,82,9,54188.27,13544.53,39
3897,20220901,82,9,61894.3,17022.73,44
3898,20221001,82,9,61022.93,12537.65,41
3899,20221101,82,9,82749.74,17736.69,80
3900,20221201,82,9,86087.73,25292.06,83
3901,20230101,82,9,64453.19,13762.76,54
3902,20230201,82,9,67250.14,19831.25,73
3903,20230301,82,9,66410.03,16648.28,57
3904,20230401,82,9,65469.81,14887.23,44
3905,20230501,82,9,61897.79,15566.2,45
3906,20230601,82,9,65494.27,16047.16,50
3907,20230701,82,9,60764.3,12677.05,46
3908,20230801,82,9,52239.73,12454.64,33
3909,20230901,82,9,58809.3,15615.08,42
3910,20231001,82,9,64480.56,15416.65,45
3911,20231101,82,9,75077.46,16477.05,55
3912,20231201,82,9,76108.88,22511.77,47
3913,20240101,82,9,71944.6,20638.18,68
3914,20240201,82,9,58869.13,15406.97,39
3915,20240301,82,9,71378.03,18445.08,68
3916,20240401,82,9,59301.01,17684.81,43
3917,20240501,82,9,69959.01,17293.21,71
3918,20240601,82,9,59118.78,12202.14,60
3919,20240701,82,9,51670.62,15088.1,47
3920,20240801,82,9,55746.43,14574.61,59
3921,20240901,82,9,68765.18,14778.17,46
3922,20241001,82,9,61039.8,13598.69,46
3923,20241101,82,9,74784.94,15345.46,57
3924,20241201,82,9,80483.24,16171.48,45
3925,20250101,82,9,61911.07,12676.2,40
3926,20250201,82,9,60025.13,14035.8,34
3927,20250301,82,9,67164.64,18664.87,41
3928,20250401,82,9,66891.56,16082.64,46
3929,20250501,82,9,63993.65,13411.61,67
3930,20250601,82,9,66706.78,16569.43,48
3931,20250701,82,9,58093.13,14308.01,41
3932,20250801,82,9,59579.97,12864.3,40
3933,20250901,82,9,65507.22,18717.17,51
3934,20251001,82,9,59880.21,16256.05,53
3935,20251101,82,9,85895.92,19883.24,48
3936,20251201,82,9,74597.07,19951.82,78
3937,20220101,83,9,67068.56,17543.7,41
3938,20220201,83,9,70550.56,14573.77,58
3939,20220301,83,9,71807.0,15004.42,64
3940,20220401,83,9,63387.81,12825.99,56
3941,20220501,83,9,63444.73,14498.78,69
3942,20220601,83,9,70933.69,15253.99,55
3943,20220701,83,9,60273.33,17094.14,36
3944,20220801,83,9,56194.7,13950.65,60
3945,20220901,83,9,68564.06,15329.34,39
3946,20221001,83,9,60461.97,15661.88,55
3947,20221101,83,9,77057.71,20155.55,65
3948,20221201,83,9,76725.57,19548.85,80
3949,20230101,83,9,66789.34,19066.94,62
3950,20230201,83,9,63632.76,16281.74,37
3951,20230301,83,9,70512.17,14619.71,64
3952,20230401,83,9,64192.9,16017.53,47
3953,20230501,83,9,69069.7,20623.33,54
3954,20230601,83,9,60803.17,18017.6,34
3955,20230701,83,9,58841.46,17065.16,48
3956,20230801,83,9,57969.95,15966.08,32
3957,20230901,83,9,63575.89,17623.97,49
3958,20231001,83,9,63108.0,16983.2,47
3959,20231101,83,9,72501.34,20607.86,46
3960,20231201,83,9,76097.94,21194.19,44
3961,20240101,83,9,59894.65,17171.19,47
3962,20240201,83,9,64422.86,18513.39,44
3963,20240301,83,9,67474.08,16948.33,57
3964,20240401,83,9,70480.43,14680.62,77
3965,20240501,83,9,64348.06,17312.43,39
3966,20240601,83,9,66929.67,19523.51,47
3967,20240701,83,9,52745.41,13056.47,44
3968,20240801,83,9,59477.15,12638.11,40
3969,20240901,83,9,65932.52,13556.31,39
3970,20241001,83,9,61695.88,18285.12,51
3971,20241101,83,9,77087.28,21134.94,50
3972,20241201,83,9,73472.24,16075.12,49
3973,20250101,83,9,62351.86,17942.84,36
3974,20250201,83,9,72655.93,19545.61,41
3975,20250301,83,9,63688.44,17646.13,61
3976,20250401,83,9,70200.72,14713.59,68
3977,20250501,83,9,72341.93,19341.01,78
3978,20250601,83,9,60355.14,14193.77,39
3979,20250701,83,9,60260.46,16002.18,51
3980,20250801,83,9,61429.94,17465.85,42
3981,20250901,83,9,62545.67,13488.97,68
3982,20251001,83,9,60304.92,14439.06,35
3983,20251101,83,9,71786.29,17818.13,56
3984,20251201,83,9,73231.01,15175.67,74
3985,20220101,84,9,71033.72,20400.31,67
3986,20220201,84,9,64727.07,17033.35,49
3987,20220301,84,9,58903.89,15607.3,43
3988,20220401,84,9,63431.3,18639.47,45
3989,20220501,84,9,69816.88,18367.84,42
3990,20220601,84,9,64437.56,14064.62,46
3991,20220701,84,9,58741.32,12470.76,43
3992,20220801,84,9,52947.58,13791.97,45
3993,20220901,84,9,64587.32,14570.13,43
3994,20221001,84,9,68183.83,16887.14,48
3995,20221101,84,9,84745.76,22272.83,61
3996,20221201,84,9,76479.66,17323.38,51
3997,20230101,84,9,63986.48,16736.07,37
3998,20230201,84,9,61529.06,13971.41,36
3999,20230301,84,9,61022.17,13224.81,57
4000,20230401,84,9,70077.59,16003.32,43
4001,20230501,84,9,63561.2,13356.06,62
4002,20230601,84,9,64805.74,15473.44,41
4003,20230701,84,9,52455.9,14722.89,36
4004,20230801,84,9,55415.35,11567.97,39
4005,20230901,84,9,66347.59,15814.12,54
4006,20231001,84,9,70588.67,18098.04,54
4007,20231101,84,9,81831.94,21586.85,79
4008,20231201,84,9,77864.91,19877.06,46
4009,20240101,84,9,72434.17,17702.66,71
4010,20240201,84,9,62667.49,15760.56,47
4011,20240301,84,9,63560.28,13628.12,47
4012,20240401,84,9,61513.48,13685.12,47
4013,20240501,84,9,58813.79,15288.93,63
4014,20240601,84,9,72653.81,17374.77,51
4015,20240701,84,9,55198.83,14740.04,35
4016,20240801,84,9,54791.46,12151.39,42
4017,20240901,84,9,68650.67,19748.84,60
4018,20241001,84,9,70510.01,15994.8,72
4019,20241101,84,9,80707.4,21606.32,47
4020,20241201,84,9,71102.26,16635.78,77
4021,20250101,84,9,60772.58,16647.64,51
4022,20250201,84,9,68005.16,14648.51,61
4023,20250301,84,9,63010.32,13470.48,53
4024,20250401,84,9,68670.65,15881.0,56
4025,20250501,84,9,68615.54,19334.93,54
4026,20250601,84,9,64645.87,17372.87,48
4027,20250701,84,9,52017.74,13204.28,37
4028,20250801,84,9,61303.35,13490.65,37
4029,20250901,84,9,68842.0,18538.96,55
4030,20251001,84,9,69009.1,20697.21,63
4031,20251101,84,9,71867.31,17473.41,48
4032,20251201,84,9,75878.58,21655.31,56
4033,20220101,85,9,70766.33,16461.52,40
4034,20220201,85,9,65124.52,15219.31,62
4035,20220301,85,9,71541.64,16206.91,68
4036,20220401,85,9,60884.21,17218.86,46
4037,20220501,85,9,67100.14,17304.52,42
4038,20220601,85,9,69723.27,19738.08,57
4039,20220701,85,9,52759.38,13785.34,44
4040,20220801,85,9,57591.19,17228.39,41
4041,20220901,85,9,59048.81,12832.92,48
4042,20221001,85,9,70960.02,19585.06,75
4043,20221101,85,9,72296.99,19457.96,68
4044,20221201,85,9,70981.12,20723.2,47
4045,20230101,85,9,69048.98,18565.29,61
4046,20230201,85,9,59775.74,14612.6,38
4047,20230301,85,9,61526.19,14071.8,49
4048,20230401,85,9,70258.37,14808.74,72
4049,20230501,85,9,68210.74,16743.0,50
4050,20230601,85,9,68600.33,19947.51,48
4051,20230701,85,9,57655.9,12662.26,55
4052,20230801,85,9,54798.83,16389.05,54
4053,20230901,85,9,61067.99,16437.55,34
4054,20231001,85,9,70014.78,19643.71,40
4055,20231101,85,9,79215.4,17661.08,58
4056,20231201,85,9,74766.63,17697.19,62
4057,20240101,85,9,63313.69,13195.75,48
4058,20240201,85,9,62745.89,18795.19,40
4059,20240301,85,9,61421.97,17369.42,36
4060,20240401,85,9,65332.37,13641.11,36
4061,20240501,85,9,69293.41,20023.38,40
4062,20240601,85,9,61062.1,12794.4,64
4063,20240701,85,9,52411.59,13512.89,43
4064,20240801,85,9,58153.26,14940.47,51
4065,20240901,85,9,72426.87,15084.44,51
4066,20241001,85,9,72650.44,17592.98,56
4067,20241101,85,9,79738.41,16656.2,68
4068,20241201,85,9,74008.75,20809.78,77
4069,20250101,85,9,59385.19,12952.31,50
4070,20250201,85,9,69246.92,13899.27,69
4071,20250301,85,9,62089.85,18557.64,67
4072,20250401,85,9,65020.92,18014.52,36
4073,20250501,85,9,67998.82,20239.87,41
4074,20250601,85,9,62673.17,13628.72,41
4075,20250701,85,9,63366.26,15943.6,54
4076,20250801,85,9,59225.21,14488.85,60
4077,20250901,85,9,63604.23,16734.74,52
4078,20251001,85,9,62086.27,17263.28,50
4079,20251101,85,9,77978.35,22435.73,85
4080,20251201,85,9,77839.33,20468.21,70
4081,20220101,86,9,72179.08,16637.5,44
4082,20220201,86,9,60463.81,15252.98,44
4083,20220301,86,9,62382.46,16234.8,42
4084,20220401,86,9,64091.63,18191.44,45
4085,20220501,86,9,63741.37,17912.9,36
4086,20220601,86,9,67822.91,16065.32,47
4087,20220701,86,9,56141.23,12714.47,39
4088,20220801,86,9,52115.58,11680.38,31
4089,20220901,86,9,62506.55,16373.32,45
4090,20221001,86,9,69902.37,15008.92,62
4091,20221101,86,9,85573.8,17429.81,72
4092,20221201,86,9,72397.07,18053.94,50
4093,20230101,86,9,63948.63,18969.27,61
4094,20230201,86,9,60600.14,14878.86,42
4095,20230301,86,9,66951.6,16954.8,63
4096,20230401,86,9,71501.58,18663.8,43
4097,20230501,86,9,60598.47,15029.13,60
4098,20230601,86,9,60882.33,14003.23,35
4099,20230701,86,9,56720.11,15983.03,41
4100,20230801,86,9,55276.65,12869.67,39
4101,20230901,86,9,64373.85,18016.49,56
4102,20231001,86,9,64087.54,16413.55,40
4103,20231101,86,9,82912.72,24782.46,81
4104,20231201,86,9,71000.71,21066.09,70
4105,20240101,86,9,63932.8,16213.11,64
4106,20240201,86,9,69272.04,18564.06,67
4107,20240301,86,9,69584.16,20347.48,52
4108,20240401,86,9,64638.45,18274.14,60
4109,20240501,86,9,66539.41,19184.41,46
4110,20240601,86,9,62724.65,17724.55,36
4111,20240701,86,9,52641.81,13856.49,49
4112,20240801,86,9,58129.88,14197.68,55
4113,20240901,86,9,60355.7,15181.65,34
4114,20241001,86,9,66380.65,17770.88,61
4115,20241101,86,9,75096.86,19897.62,77
4116,20241201,86,9,73900.89,15736.22,79
4117,20250101,86,9,59811.46,17787.29,36
4118,20250201,86,9,63282.96,15668.45,47
4119,20250301,86,9,64739.94,15265.2,60
4120,20250401,86,9,58752.0,14816.9,56
4121,20250501,86,9,64496.38,14848.86,65
4122,20250601,86,9,68000.85,18919.64,62
4123,20250701,86,9,63825.88,19053.76,49
4124,20250801,86,9,54332.23,15921.34,58
4125,20250901,86,9,65739.6,15789.68,63
4126,20251001,86,9,65062.76,19070.86,64
4127,20251101,86,9,76821.96,21086.95,64
4128,20251201,86,9,70635.41,14156.26,39
4129,20220101,87,9,58571.01,14277.38,63
4130,20220201,87,9,69418.51,15341.09,43
4131,20220301,87,9,69348.32,19086.54,42
4132,20220401,87,9,66691.77,19924.37,57
4133,20220501,87,9,65285.85,13336.88,43
4134,20220601,87,9,60238.11,12912.44,57
4135,20220701,87,9,55637.87,12695.85,40
4136,20220801,87,9,57056.94,12566.88,46
4137,20220901,87,9,71118.59,20829.31,50
4138,20221001,87,9,61879.09,15223.37,45
4139,20221101,87,9,85656.24,22199.69,77
4140,20221201,87,9,78400.7,19464.9,59
4141,20230101,87,9,68401.89,20002.45,45
4142,20230201,87,9,61171.7,14299.74,38
4143,20230301,87,9,59969.24,15641.28,43
4144,20230401,87,9,71030.08,18262.08,52
4145,20230501,87,9,62978.38,13073.57,57
4146,20230601,87,9,71860.35,18554.09,57
4147,20230701,87,9,58828.24,14619.29,38
4148,20230801,87,9,63791.53,17984.6,51
4149,20230901,87,9,65916.71,15231.05,49
4150,20231001,87,9,71228.92,17380.38,53
4151,20231101,87,9,81984.72,22916.98,58
4152,20231201,87,9,73775.33,20113.92,53
4153,20240101,87,9,66646.42,19945.24,43
4154,20240201,87,9,70145.26,18447.4,43
4155,20240301,87,9,71563.26,18741.86,41
4156,20240401,87,9,59421.95,16366.67,55
4157,20240501,87,9,64411.14,18851.56,40
4158,20240601,87,9,65882.07,14043.32,38
4159,20240701,87,9,56398.58,14135.17,33
4160,20240801,87,9,63846.08,16472.55,36
4161,20240901,87,9,72531.69,17692.41,73
4162,20241001,87,9,72665.73,18425.84,64
4163,20241101,87,9,85897.4,20776.97,54
4164,20241201,87,9,72545.51,17848.26,46
4165,20250101,87,9,64643.45,15259.47,63
4166,20250201,87,9,63002.37,13135.61,54
4167,20250301,87,9,65814.9,14451.13,46
4168,20250401,87,9,63168.27,15795.05,36
4169,20250501,87,9,67558.79,14520.64,46
4170,20250601,87,9,67844.25,17690.48,61
4171,20250701,87,9,52027.15,12182.35,52
4172,20250801,87,9,53696.14,12621.74,34
4173,20250901,87,9,65147.52,16568.69,49
4174,20251001,87,9,62999.92,16095.2,48
4175,20251101,87,9,81089.77,17483.06,88
4176,20251201,87,9,77934.52,22931.93,69
4177,20220101,88,9,69366.89,19596.68,72
4178,20220201,88,9,68153.57,14823.21,41
4179,20220301,88,9,68113.15,15695.43,43
4180,20220401,88,9,68983.51,18541.73,64
4181,20220501,88,9,63057.48,18431.83,61
4182,20220601,88,9,63750.35,18124.32,39
4183,20220701,88,9,54849.84,14772.92,34
4184,20220801,88,9,56668.08,15659.68,60
4185,20220901,88,9,60371.75,15240.18,52
4186,20221001,88,9,69970.1,14233.47,44
4187,20221101,88,9,86480.27,24045.01,64
4188,20221201,88,9,82201.63,21012.4,60
4189,20230101,88,9,71045.39,20166.51,60
4190,20230201,88,9,64479.58,15329.05,64
4191,20230301,88,9,66490.81,13429.95,48
4192,20230401,88,9,72628.85,21086.76,55
4193,20230501,88,9,67831.04,18525.58,38
4194,20230601,88,9,72423.85,18308.88,55
4195,20230701,88,9,62426.68,16472.95,46
4196,20230801,88,9,54923.34,13259.92,33
4197,20230901,88,9,63567.89,12799.58,37
4198,20231001,88,9,69309.59,17966.39,73
4199,20231101,88,9,78027.68,16311.93,86
4200,20231201,88,9,71293.97,15901.62,56
4201,20240101,88,9,64146.45,16790.64,35
4202,20240201,88,9,60690.47,17198.34,67
4203,20240301,88,9,65717.17,18624.16,39
4204,20240401,88,9,66515.12,15311.93,70
4205,20240501,88,9,64504.31,15516.63,56
4206,20240601,88,9,67035.54,16971.95,39
4207,20240701,88,9,54725.23,11907.35,45
4208,20240801,88,9,62332.91,16084.9,63
4209,20240901,88,9,61589.67,15135.9,53
4210,20241001,88,9,60501.84,15216.75,54
4211,20241101,88,9,83520.61,20910.19,58
4212,20241201,88,9,86445.14,22125.19,53
4213,20250101,88,9,65161.45,18552.0,37
4214,20250201,88,9,69795.32,20090.56,55
4215,20250301,88,9,65327.79,15478.79,42
4216,20250401,88,9,67592.58,16958.19,49
4217,20250501,88,9,69025.69,16247.17,42
4218,20250601,88,9,60914.43,16954.91,49
4219,20250701,88,9,56691.6,15446.32,48
4220,20250801,88,9,60958.14,15856.66,37
4221,20250901,88,9,64898.79,15381.32,55
4222,20251001,88,9,64019.6,14156.58,36
4223,20251101,88,9,85162.92,23603.74,64
4224,20251201,88,9,79843.09,18295.61,51
4225,20220101,89,9,66006.97,13445.14,47
4226,20220201,89,9,63327.1,17175.81,38
4227,20220301,89,9,63873.25,16661.29,36
4228,20220401,89,9,61157.05,16385.03,44
4229,20220501,89,9,61181.43,12453.89,64
4230,20220601,89,9,64549.72,13952.86,59
4231,20220701,89,9,62429.83,17088.89,41
4232,20220801,89,9,60948.69,17231.6,49
4233,20220901,89,9,59951.92,14886.75,36
4234,20221001,89,9,65132.45,13048.53,40
4235,20221101,89,9,78859.64,20212.64,55
4236,20221201,89,9,82741.87,23631.99,50
4237,20230101,89,9,58731.42,12002.1,62
4238,20230201,89,9,59236.78,15250.78,54
4239,20230301,89,9,70916.72,17287.65,55
4240,20230401,89,9,64701.99,14211.37,49
4241,20230501,89,9,65296.43,16252.4,52
4242,20230601,89,9,62636.9,15460.24,42
4243,20230701,89,9,57705.25,13279.93,62
4244,20230801,89,9,55541.01,14086.77,36
4245,20230901,89,9,71672.27,20146.87,47
4246,20231001,89,9,58667.38,12427.45,34
4247,20231101,89,9,71846.73,15496.0,50
4248,20231201,89,9,86870.18,25440.54,87
4249,20240101,89,9,69229.18,15475.92,70
4250,20240201,89,9,61390.23,16214.58,44
4251,20240301,89,9,61225.86,14059.47,48
4252,20240401,89,9,67576.26,19977.34,51
4253,20240501,89,9,61074.43,15263.48,65
4254,20240601,89,9,70883.73,17531.88,39
4255,20240701,89,9,54430.4,12868.25,32
4256,20240801,89,9,63045.23,14979.97,38
4257,20240901,89,9,67608.45,17530.4,43
4258,20241001,89,9,72261.98,19180.5,48
4259,20241101,89,9,86357.3,19655.65,71
4260,20241201,89,9,73481.65,18193.9,42
4261,20250101,89,9,64692.69,14741.29,59
4262,20250201,89,9,61727.81,17685.81,47
4263,20250301,89,9,65683.25,17602.08,62
4264,20250401,89,9,59875.97,14304.05,43
4265,20250501,89,9,60005.22,16360.3,58
4266,20250601,89,9,70814.34,20624.96,56
4267,20250701,89,9,55805.92,13700.54,45
4268,20250801,89,9,57208.12,15172.8,32
4269,20250901,89,9,60104.33,17549.39,52
4270,20251001,89,9,60441.57,16517.95,57
4271,20251101,89,9,78018.55,16517.09,60
4272,20251201,89,9,83421.67,17313.78,50
4273,20220101,90,9,59123.35,13737.51,44
4274,20220201,90,9,61869.26,16574.98,41
4275,20220301,90,9,71877.77,16444.45,41
4276,20220401,90,9,69089.89,15698.08,48
4277,20220501,90,9,72718.53,21550.93,53
4278,20220601,90,9,65601.5,18474.1,36
4279,20220701,90,9,52790.81,15149.26,38
4280,20220801,90,9,57412.98,11802.07,45
4281,20220901,90,9,72742.11,19445.04,62
4282,20221001,90,9,72318.97,19046.77,53
4283,20221101,90,9,75431.87,18753.54,50
4284,20221201,90,9,83748.44,24803.35,52
4285,20230101,90,9,68342.49,18717.58,57
4286,20230201,90,9,70812.2,18095.06,56
4287,20230301,90,9,62689.8,16523.04,34
4288,20230401,90,9,69333.43,18163.2,66
4289,20230501,90,9,71447.05,18548.95,76
4290,20230601,90,9,65944.94,16513.39,38
4291,20230701,90,9,60853.54,16330.19,57
4292,20230801,90,9,57988.41,16758.86,32
4293,20230901,90,9,64580.36,17726.12,57
4294,20231001,90,9,65808.08,14439.12,57
4295,20231101,90,9,76552.9,16603.23,67
4296,20231201,90,9,73138.2,15099.8,45
4297,20240101,90,9,67178.71,16662.41,74
4298,20240201,90,9,69358.59,20366.27,62
4299,20240301,90,9,62511.07,18153.13,61
4300,20240401,90,9,71421.02,16477.76,41
4301,20240501,90,9,60247.41,12777.9,52
4302,20240601,90,9,66521.47,15541.72,46
4303,20240701,90,9,57479.76,14089.37,33
4304,20240801,90,9,54811.6,14115.88,36
4305,20240901,90,9,72577.26,15747.24,58
4306,20241001,90,9,58647.11,13420.16,42
4307,20241101,90,9,87138.67,18600.21,60
4308,20241201,90,9,80896.34,18103.32,69
4309,20250101,90,9,66169.86,15736.96,62
4310,20250201,90,9,70551.2,15593.28,67
4311,20250301,90,9,65020.99,17350.44,37
4312,20250401,90,9,71180.73,17508.99,42
4313,20250501,90,9,62423.08,12498.63,60
4314,20250601,90,9,65010.73,17385.17,36
4315,20250701,90,9,63076.43,13956.57,45
4316,20250801,90,9,63097.6,18648.81,37
4317,20250901,90,9,71768.98,21303.17,50
4318,20251001,90,9,59762.38,14086.37,38
4319,20251101,90,9,73129.12,18442.34,42
4320,20251201,90,9,81262.68,17977.28,51
4321,20220101,91,10,131699.72,28812.58,133
4322,20220201,91,10,133791.19,27655.3,103
4323,20220301,91,10,135986.88,27479.89,75
4324,20220401,91,10,138634.52,39296.86,107
4325,20220501,91,10,141434.21,34719.23,155
4326,20220601,91,10,153864.94,43842.89,112
4327,20220701,91,10,137634.64,29257.88,89
4328,20220801,91,10,126476.49,35769.29,113
4329,20220901,91,10,154067.53,31407.0,106
4330,20221001,91,10,139419.77,38100.79,89
4331,20221101,91,10,175695.29,38479.35,179
4332,20221201,91,10,158485.17,42068.31,130
4333,20230101,91,10,129643.11,31275.25,104
4334,20230201,91,10,150952.87,31090.12,97
4335,20230301,91,10,149890.24,40295.8,97
4336,20230401,91,10,146585.34,31429.68,119
4337,20230501,91,10,131078.7,35575.93,99
4338,20230601,91,10,147398.46,34832.25,153
4339,20230701,91,10,133268.04,39318.14,97
4340,20230801,91,10,135838.59,34914.52,95
4341,20230901,91,10,127138.52,35488.77,80
4342,20231001,91,10,151217.45,37671.7,131
4343,20231101,91,10,186172.47,52132.56,104
4344,20231201,91,10,183141.31,38122.3,195
4345,20240101,91,10,138342.76,37188.74,120
4346,20240201,91,10,140621.53,36463.3,81
4347,20240301,91,10,150316.94,39173.06,86
4348,20240401,91,10,147687.63,34292.47,90
4349,20240501,91,10,155603.87,39207.57,112
4350,20240601,91,10,134019.13,29144.53,96
4351,20240701,91,10,133311.92,39667.57,75
4352,20240801,91,10,118909.94,27372.27,114
4353,20240901,91,10,146597.66,39651.17,95
4354,20241001,91,10,153086.61,32469.32,155
4355,20241101,91,10,155796.38,40720.57,145
4356,20241201,91,10,184394.93,42413.82,127
4357,20250101,91,10,143037.78,42193.68,79
4358,20250201,91,10,138291.3,40599.91,82
4359,20250301,91,10,127180.77,28794.54,104
4360,20250401,91,10,147369.33,40488.82,109
4361,20250501,91,10,153076.26,31931.53,134
4362,20250601,91,10,155266.99,45057.79,124
4363,20250701,91,10,111682.04,29385.03,100
4364,20250801,91,10,119796.33,32075.63,96
4365,20250901,91,10,146150.3,40503.49,102
4366,20251001,91,10,140725.27,37061.4,93
4367,20251101,91,10,178754.96,44478.88,197
4368,20251201,91,10,173766.64,37240.31,138
4369,20220101,92,10,59765.74,15624.31,51
4370,20220201,92,10,66538.6,13493.61,37
4371,20220301,92,10,65732.6,18991.47,44
4372,20220401,92,10,60213.6,14105.31,58
4373,20220501,92,10,58705.96,16483.48,40
4374,20220601,92,10,65258.19,13503.95,69
4375,20220701,92,10,51545.27,15259.49,33
4376,20220801,92,10,56523.26,12058.94,38
4377,20220901,92,10,60724.17,15260.29,59
4378,20221001,92,10,61756.45,17322.96,50
4379,20221101,92,10,74710.86,15528.57,52
4380,20221201,92,10,75526.3,16219.94,57
4381,20230101,92,10,62959.9,13330.06,39
4382,20230201,92,10,71662.45,16356.74,79
4383,20230301,92,10,69063.57,16800.96,51
4384,20230401,92,10,69878.42,14976.33,46
4385,20230501,92,10,60585.81,15188.54,39
4386,20230601,92,10,65451.61,13602.98,50
4387,20230701,92,10,54551.92,15744.2,43
4388,20230801,92,10,51640.91,11963.28,37
4389,20230901,92,10,63666.88,19029.96,59
4390,20231001,92,10,64100.17,18553.08,66
4391,20231101,92,10,76869.05,22599.82,51
4392,20231201,92,10,85787.48,23911.69,92
4393,20240101,92,10,62188.97,15372.61,49
4394,20240201,92,10,60113.21,17727.42,43
4395,20240301,92,10,72499.83,21175.01,60
4396,20240401,92,10,66046.45,19540.42,72
4397,20240501,92,10,62402.86,17139.98,36
4398,20240601,92,10,69961.62,19596.72,41
4399,20240701,92,10,60740.34,13060.53,52
4400,20240801,92,10,60245.72,12844.16,52
4401,20240901,92,10,62974.3,18365.61,63
4402,20241001,92,10,67988.72,17073.78,54
4403,20241101,92,10,72823.14,15983.44,40
4404,20241201,92,10,81333.72,19683.42,49
4405,20250101,92,10,66325.79,17217.69,38
4406,20250201,92,10,68935.88,14051.42,44
4407,20250301,92,10,69783.35,15233.08,48
4408,20250401,92,10,71047.22,20181.51,49
4409,20250501,92,10,62285.77,13549.05,35
4410,20250601,92,10,60205.16,17419.37,52
4411,20250701,92,10,57706.83,11619.86,44
4412,20250801,92,10,60712.61,14231.03,61
4413,20250901,92,10,64401.43,15754.22,43
4414,20251001,92,10,61273.38,12399.07,58
4415,20251101,92,10,75963.85,15222.09,67
4416,20251201,92,10,85739.73,25174.97,90
4417,20220101,93,10,69693.95,18502.82,54
4418,20220201,93,10,72274.0,18851.27,62
4419,20220301,93,10,72320.22,19433.47,49
4420,20220401,93,10,72749.53,19448.85,46
4421,20220501,93,10,60455.2,14983.78,66
4422,20220601,93,10,68290.05,13959.92,46
4423,20220701,93,10,63287.31,12994.9,46
4424,20220801,93,10,57286.99,13789.66,50
4425,20220901,93,10,64461.37,18354.71,48
4426,20221001,93,10,62480.31,18464.23,53
4427,20221101,93,10,80625.7,18335.97,53
4428,20221201,93,10,84348.96,17711.24,52
4429,20230101,93,10,71384.56,17115.69,51
4430,20230201,93,10,59995.91,15807.78,35
4431,20230301,93,10,72783.83,17418.36,69
4432,20230401,93,10,70851.15,20116.21,53
4433,20230501,93,10,67379.46,16381.82,39
4434,20230601,93,10,60502.95,13497.3,40
4435,20230701,93,10,55194.32,13902.04,31
4436,20230801,93,10,54912.5,14667.87,46
4437,20230901,93,10,66595.41,16855.9,67
4438,20231001,93,10,67168.17,18099.7,42
4439,20231101,93,10,77946.04,16232.5,51
4440,20231201,93,10,74861.29,15829.12,43
4441,20240101,93,10,60753.08,16605.77,49
4442,20240201,93,10,62176.69,13089.17,39
4443,20240301,93,10,67782.4,17037.02,59
4444,20240401,93,10,67447.89,15821.73,51
4445,20240501,93,10,65590.34,13307.96,60
4446,20240601,93,10,66887.18,14649.63,48
4447,20240701,93,10,51887.22,12254.24,54
4448,20240801,93,10,63511.06,14337.76,61
4449,20240901,93,10,68732.1,15409.16,68
4450,20241001,93,10,64651.27,16151.89,49
4451,20241101,93,10,81556.16,21599.08,59
4452,20241201,93,10,70721.12,20368.62,39
4453,20250101,93,10,69877.45,16604.29,62
4454,20250201,93,10,60173.72,12150.65,59
4455,20250301,93,10,71110.68,19406.71,74
4456,20250401,93,10,61624.72,17207.78,36
4457,20250501,93,10,70561.68,19316.87,58
4458,20250601,93,10,71675.0,19933.18,71
4459,20250701,93,10,56619.08,12543.37,44
4460,20250801,93,10,60083.58,16339.9,64
4461,20250901,93,10,63001.84,14866.9,42
4462,20251001,93,10,60605.24,14774.33,35
4463,20251101,93,10,73656.88,17300.08,56
4464,20251201,93,10,76285.95,19744.58,59
4465,20220101,94,10,60756.21,12239.22,47
4466,20220201,94,10,71166.97,18265.79,55
4467,20220301,94,10,71224.26,21156.15,39
4468,20220401,94,10,61552.79,14704.64,50
4469,20220501,94,10,61105.21,17341.55,49
4470,20220601,94,10,63766.21,19079.32,43
4471,20220701,94,10,61412.49,15809.31,36
4472,20220801,94,10,55346.04,14600.7,58
4473,20220901,94,10,71350.75,14523.4,70
4474,20221001,94,10,60742.25,18095.39,41
4475,20221101,94,10,72905.88,19647.59,67
4476,20221201,94,10,82462.63,22368.14,54
4477,20230101,94,10,61735.28,14026.93,50
4478,20230201,94,10,58694.14,12748.97,34
4479,20230301,94,10,58943.03,15004.61,43
4480,20230401,94,10,59005.31,13733.34,40
4481,20230501,94,10,68814.66,17932.69,61
4482,20230601,94,10,58548.4,12319.7,60
4483,20230701,94,10,52910.99,14703.1,30
4484,20230801,94,10,58426.19,14124.15,59
4485,20230901,94,10,72719.91,17084.96,44
4486,20231001,94,10,64923.55,15712.69,36
4487,20231101,94,10,79386.38,16845.46,46
4488,20231201,94,10,81431.04,21728.38,50
4489,20240101,94,10,69308.81,18210.14,58
4490,20240201,94,10,64895.3,16097.36,66
4491,20240301,94,10,71133.09,20155.23,47
4492,20240401,94,10,72235.39,18024.09,77
4493,20240501,94,10,63850.64,14133.41,38
4494,20240601,94,10,68383.27,19737.51,60
4495,20240701,94,10,59407.19,17193.47,54
4496,20240801,94,10,63720.06,18042.15,40
4497,20240901,94,10,58585.44,13350.24,62
4498,20241001,94,10,64657.66,14033.08,38
4499,20241101,94,10,76090.95,21126.48,54
4500,20241201,94,10,86195.86,21488.1,82
4501,20250101,94,10,60172.44,15256.4,39
4502,20250201,94,10,61756.43,16797.69,35
4503,20250301,94,10,59246.49,12079.37,43
4504,20250401,94,10,70566.7,14560.65,41
4505,20250501,94,10,61147.23,17953.13,35
4506,20250601,94,10,62943.01,15570.77,46
4507,20250701,94,10,60478.69,14526.03,54
4508,20250801,94,10,55805.91,15838.95,38
4509,20250901,94,10,60350.15,17729.31,39
4510,20251001,94,10,65727.16,15478.69,40
4511,20251101,94,10,73808.89,19540.04,42
4512,20251201,94,10,83054.77,22541.16,48
4513,20220101,95,10,62970.99,16783.34,41
4514,20220201,95,10,70353.12,20069.35,46
4515,20220301,95,10,72712.56,18368.24,51
4516,20220401,95,10,68502.04,17777.94,74
4517,20220501,95,10,70645.58,20868.06,47
4518,20220601,95,10,63048.69,16228.87,36
4519,20220701,95,10,51609.99,11309.36,54
4520,20220801,95,10,60639.58,15028.47,36
4521,20220901,95,10,60005.55,15622.37,58
4522,20221001,95,10,67434.78,17755.38,37
4523,20221101,95,10,82287.63,19708.91,68
4524,20221201,95,10,83967.98,23178.04,47
4525,20230101,95,10,70483.28,16416.86,54
4526,20230201,95,10,67780.08,18617.42,53
4527,20230301,95,10,59655.69,15926.76,47
4528,20230401,95,10,59021.43,17059.39,62
4529,20230501,95,10,71939.56,20136.26,59
4530,20230601,95,10,72025.28,18572.33,51
4531,20230701,95,10,57836.56,15370.3,39
4532,20230801,95,10,55673.08,13581.18,35
4533,20230901,95,10,58575.76,12649.84,41
4534,20231001,95,10,67223.51,15136.98,65
4535,20231101,95,10,82651.52,18018.84,48
4536,20231201,95,10,72515.15,20265.59,66
4537,20240101,95,10,69179.82,20257.25,55
4538,20240201,95,10,64567.41,15008.19,64
4539,20240301,95,10,67276.07,17066.03,63
4540,20240401,95,10,65667.15,14928.64,53
4541,20240501,95,10,63865.64,18517.31,42
4542,20240601,95,10,59887.49,16886.36,46
4543,20240701,95,10,61370.27,15773.44,54
4544,20240801,95,10,62761.54,17872.75,66
4545,20240901,95,10,70728.2,20350.82,54
4546,20241001,95,10,67959.56,15278.65,65
4547,20241101,95,10,74351.62,15501.66,43
4548,20241201,95,10,83945.55,21843.38,63
4549,20250101,95,10,64496.16,14827.8,64
4550,20250201,95,10,69365.9,14622.64,46
4551,20250301,95,10,68239.02,15006.32,46
4552,20250401,95,10,63455.06,16324.01,40
4553,20250501,95,10,66432.25,17028.42,38
4554,20250601,95,10,67180.3,17310.98,43
4555,20250701,95,10,58911.85,16969.56,41
4556,20250801,95,10,56604.64,12646.5,39
4557,20250901,95,10,61926.47,14836.57,34
4558,20251001,95,10,60180.43,12875.56,34
4559,20251101,95,10,84241.35,19158.7,93
4560,20251201,95,10,73130.89,19818.51,41
4561,20220101,96,10,65426.59,14689.52,39
4562,20220201,96,10,59683.49,15226.88,39
4563,20220301,96,10,59779.94,17284.04,50
4564,20220401,96,10,58816.71,15427.28,63
4565,20220501,96,10,59875.35,17958.47,46
4566,20220601,96,10,68695.07,19437.05,66
4567,20220701,96,10,58054.57,12723.78,45
4568,20220801,96,10,54250.36,15695.38,49
4569,20220901,96,10,60014.02,16797.9,37
4570,20221001,96,10,64395.42,18207.71,69
4571,20221101,96,10,80751.12,18408.91,72
4572,20221201,96,10,72034.48,14970.01,42
4573,20230101,96,10,62818.35,18766.47,58
4574,20230201,96,10,66969.45,16232.41,43
4575,20230301,96,10,63627.76,13895.78,46
4576,20230401,96,10,71372.66,15746.7,50
4577,20230501,96,10,60546.34,13503.72,61
4578,20230601,96,10,61482.48,16263.59,37
4579,20230701,96,10,52869.26,13882.07,49
4580,20230801,96,10,52277.16,11881.99,53
4581,20230901,96,10,67153.11,17517.56,56
4582,20231001,96,10,63814.59,14087.82,54
4583,20231101,96,10,81260.75,17828.89,78
4584,20231201,96,10,82898.49,17955.5,52
4585,20240101,96,10,72103.35,18143.73,59
4586,20240201,96,10,65691.15,16809.44,70
4587,20240301,96,10,67034.62,16390.82,62
4588,20240401,96,10,68877.72,18511.43,43
4589,20240501,96,10,61984.9,12920.3,38
4590,20240601,96,10,62844.81,13124.12,40
4591,20240701,96,10,59605.72,13535.08,41
4592,20240801,96,10,51842.92,13174.41,36
4593,20240901,96,10,69749.13,18295.2,48
4594,20241001,96,10,64928.77,14609.13,52
4595,20241101,96,10,81243.7,16719.84,46
4596,20241201,96,10,79300.28,21364.42,56
4597,20250101,96,10,59735.14,13497.08,45
4598,20250201,96,10,67504.3,19382.98,58
4599,20250301,96,10,68208.42,14502.43,45
4600,20250401,96,10,67871.83,14297.05,42
4601,20250501,96,10,61811.66,15518.17,39
4602,20250601,96,10,70709.39,15421.26,45
4603,20250701,96,10,54752.52,14168.59,30
4604,20250801,96,10,63944.11,17512.1,52
4605,20250901,96,10,68640.79,18107.56,40
4606,20251001,96,10,58944.02,17058.44,33
4607,20251101,96,10,74389.58,18487.33,63
4608,20251201,96,10,84245.62,17732.98,51
4609,20220101,97,10,68116.04,14401.86,54
4610,20220201,97,10,72604.87,19625.01,41
4611,20220301,97,10,61597.03,16275.86,61
4612,20220401,97,10,69479.17,20129.4,53
4613,20220501,97,10,65861.44,18143.31,48
4614,20220601,97,10,59393.82,14888.54,41
4615,20220701,97,10,56279.21,16210.65,37
4616,20220801,97,10,60606.13,15539.19,60
4617,20220901,97,10,69148.21,19996.94,44
4618,20221001,97,10,60464.26,16547.48,37
4619,20221101,97,10,83993.89,17068.87,83
4620,20221201,97,10,73412.8,21449.69,78
4621,20230101,97,10,60539.09,16756.34,65
4622,20230201,97,10,69439.96,16248.56,44
4623,20230301,97,10,71381.39,16861.12,58
4624,20230401,97,10,70310.17,20927.45,40
4625,20230501,97,10,64833.46,16125.07,52
4626,20230601,97,10,66631.8,13371.0,39
4627,20230701,97,10,63148.43,18314.86,61
4628,20230801,97,10,63005.07,12741.45,63
4629,20230901,97,10,69731.59,19925.09,47
4630,20231001,97,10,72595.99,19655.43,42
4631,20231101,97,10,85552.28,21481.12,51
4632,20231201,97,10,81105.8,23748.3,49
4633,20240101,97,10,70602.94,15034.9,52
4634,20240201,97,10,71709.21,20051.46,39
4635,20240301,97,10,72689.56,17638.7,41
4636,20240401,97,10,58863.67,16056.67,47
4637,20240501,97,10,59773.3,13008.13,53
4638,20240601,97,10,59519.75,12742.59,54
4639,20240701,97,10,63777.92,18439.78,61
4640,20240801,97,10,57012.34,15517.85,33
4641,20240901,97,10,72656.77,19911.07,73
4642,20241001,97,10,61580.84,16851.17,43
4643,20241101,97,10,76509.67,19432.12,66
4644,20241201,97,10,76054.4,17475.47,80
4645,20250101,97,10,62101.48,17907.28,46
4646,20250201,97,10,68280.13,15184.09,73
4647,20250301,97,10,59317.16,12362.02,57
4648,20250401,97,10,72770.42,17247.01,59
4649,20250501,97,10,68759.98,18113.62,58
4650,20250601,97,10,72184.6,20537.31,71
4651,20250701,97,10,54855.4,15717.79,36
4652,20250801,97,10,51745.04,11412.59,32
4653,20250901,97,10,70698.15,14171.84,45
4654,20251001,97,10,63923.52,17422.09,57
4655,20251101,97,10,71828.29,18325.34,52
4656,20251201,97,10,74980.58,15641.85,51
4657,20220101,98,10,65142.26,16820.94,60
4658,20220201,98,10,68427.42,14482.65,45
4659,20220301,98,10,66294.9,13480.94,44
4660,20220401,98,10,58977.89,14727.39,43
4661,20220501,98,10,67757.97,17718.87,59
4662,20220601,98,10,63462.62,14945.39,40
4663,20220701,98,10,53630.23,13500.54,57
4664,20220801,98,10,58434.65,13182.18,44
4665,20220901,98,10,59146.71,16341.2,36
4666,20221001,98,10,62675.63,15849.87,38
4667,20221101,98,10,74171.56,18859.3,53
4668,20221201,98,10,79565.1,21359.01,48
4669,20230101,98,10,70047.18,14709.16,45
4670,20230201,98,10,66619.6,18516.07,71
4671,20230301,98,10,65446.16,13960.17,61
4672,20230401,98,10,61763.28,15770.44,51
4673,20230501,98,10,65002.65,17639.21,43
4674,20230601,98,10,68001.3,19800.27,50
4675,20230701,98,10,56325.34,13103.7,36
4676,20230801,98,10,59191.16,15039.31,33
4677,20230901,98,10,69495.78,15813.6,48
4678,20231001,98,10,63330.1,12749.64,42
4679,20231101,98,10,73200.83,18228.12,74
4680,20231201,98,10,76259.96,20265.65,78
4681,20240101,98,10,71573.06,14761.69,78
4682,20240201,98,10,69618.26,20527.96,60
4683,20240301,98,10,60192.11,14627.32,64
4684,20240401,98,10,69847.41,15801.25,51
4685,20240501,98,10,69445.36,19320.22,39
4686,20240601,98,10,65824.82,15528.59,58
4687,20240701,98,10,59402.99,15590.5,51
4688,20240801,98,10,60453.22,12463.6,58
4689,20240901,98,10,60784.02,17500.73,44
4690,20241001,98,10,60003.55,17945.3,44
4691,20241101,98,10,83474.03,19370.42,87
4692,20241201,98,10,70596.09,20240.27,63
4693,20250101,98,10,66384.08,19878.7,44
4694,20250201,98,10,58685.07,16327.3,39
4695,20250301,98,10,69710.63,15677.65,40
4696,20250401,98,10,63667.27,18454.9,63
4697,20250501,98,10,62501.18,17315.64,42
4698,20250601,98,10,67215.23,16531.21,40
4699,20250701,98,10,63718.63,12780.93,37
4700,20250801,98,10,63783.14,18271.59,61
4701,20250901,98,10,60762.39,13278.29,65
4702,20251001,98,10,67282.63,19558.91,60
4703,20251101,98,10,78018.34,18271.55,82
4704,20251201,98,10,85042.17,19059.77,75
4705,20220101,99,10,68111.34,20243.8,49
4706,20220201,99,10,70862.83,18070.11,58
4707,20220301,99,10,66970.4,16386.7,63
4708,20220401,99,10,58790.4,14633.36,56
4709,20220501,99,10,70731.09,17744.86,56
4710,20220601,99,10,68693.61,15047.68,38
4711,20220701,99,10,57362.07,15318.35,42
4712,20220801,99,10,59014.17,16771.42,33
4713,20220901,99,10,71557.68,14692.4,40
4714,20221001,99,10,59716.83,12829.67,34
4715,20221101,99,10,72760.77,14612.08,55
4716,20221201,99,10,79579.38,21360.68,59
4717,20230101,99,10,59921.62,17451.9,47
4718,20230201,99,10,68495.39,14937.59,50
4719,20230301,99,10,71332.76,18939.44,48
4720,20230401,99,10,68094.41,15788.9,40
4721,20230501,99,10,67260.05,17993.02,56
4722,20230601,99,10,67449.82,15801.96,58
4723,20230701,99,10,61451.7,13200.28,38
4724,20230801,99,10,55969.94,14387.07,39
4725,20230901,99,10,65377.97,15804.65,69
4726,20231001,99,10,59251.86,17602.79,48
4727,20231101,99,10,80485.38,17732.74,53
4728,20231201,99,10,76186.89,16725.04,44
4729,20240101,99,10,71937.01,17611.41,76
4730,20240201,99,10,70917.96,14835.7,65
4731,20240301,99,10,69486.56,17215.31,40
4732,20240401,99,10,70969.96,17042.46,45
4733,20240501,99,10,68252.44,14021.25,74
4734,20240601,99,10,64006.19,13342.81,37
4735,20240701,99,10,63849.75,13136.11,59
4736,20240801,99,10,57282.02,15689.68,39
4737,20240901,99,10,68845.13,19795.85,49
4738,20241001,99,10,62351.62,14789.8,48
4739,20241101,99,10,70318.41,15376.25,40
4740,20241201,99,10,82627.43,21343.16,66
4741,20250101,99,10,68386.09,15557.46,65
4742,20250201,99,10,66984.95,14826.59,53
4743,20250301,99,10,71904.2,20070.71,57
4744,20250401,99,10,59529.01,16712.5,47
4745,20250501,99,10,67326.13,13866.81,46
4746,20250601,99,10,70723.6,14922.87,65
4747,20250701,99,10,61199.43,16859.19,43
4748,20250801,99,10,60456.4,15493.42,54
4749,20250901,99,10,59763.68,14022.0,35
4750,20251001,99,10,64788.24,14059.15,43
4751,20251101,99,10,85761.21,25517.42,52
4752,20251201,99,10,84253.62,20035.41,52
4753,20220101,100,10,60524.03,14811.66,56
4754,20220201,100,10,59234.49,14470.96,38
4755,20220301,100,10,61814.13,15136.69,41
4756,20220401,100,10,66764.59,17204.27,38
4757,20220501,100,10,60700.13,16682.92,55
4758,20220601,100,10,64436.67,13130.92,39
4759,20220701,100,10,58101.04,14136.51,50
4760,20220801,100,10,52452.54,13850.57,32
4761,20220901,100,10,59342.91,16596.35,45
4762,20221001,100,10,70270.3,14541.33,45
4763,20221101,100,10,75933.48,21968.29,52
4764,20221201,100,10,79463.5,22722.42,56
4765,20230101,100,10,60483.61,15912.2,63
4766,20230201,100,10,60634.33,14121.7,41
4767,20230301,100,10,71847.84,21417.65,73
4768,20230401,100,10,64271.01,14893.15,42
4769,20230501,100,10,69399.04,19269.86,62
4770,20230601,100,10,59773.63,12616.38,40
4771,20230701,100,10,63609.24,18622.8,38
4772,20230801,100,10,54550.91,16102.25,45
4773,20230901,100,10,68945.16,20491.93,42
4774,20231001,100,10,65110.16,15954.85,72
4775,20231101,100,10,77378.31,18393.21,75
4776,20231201,100,10,86453.98,24457.93,61
4777,20240101,100,10,68666.17,14190.02,55
4778,20240201,100,10,60115.78,16723.32,38
4779,20240301,100,10,60541.41,18123.62,48
4780,20240401,100,10,67674.59,16666.14,42
4781,20240501,100,10,70951.61,20523.41,51
4782,20240601,100,10,65241.72,14247.41,49
4783,20240701,100,10,56381.24,16899.4,41
4784,20240801,100,10,61077.07,17462.33,62
4785,20240901,100,10,58934.84,13525.24,35
4786,20241001,100,10,62288.35,16537.93,47
4787,20241101,100,10,82393.19,20481.98,72
4788,20241201,100,10,80247.53,24043.01,49
4789,20250101,100,10,62815.25,13450.16,53
4790,20250201,100,10,67988.9,19206.23,38
4791,20250301,100,10,61171.78,12622.42,41
4792,20250401,100,10,62308.34,13353.81,56
4793,20250501,100,10,66396.93,19631.47,38
4794,20250601,100,10,72751.9,17042.2,73
4795,20250701,100,10,56763.54,13278.07,34
4796,20250801,100,10,53392.98,14792.77,31
4797,20250901,100,10,67523.2,19771.18,65
4798,20251001,100,10,72557.16,15916.39,58
4799,20251101,100,10,73438.03,16150.06,60
4800,20251201,100,10,73307.88,15476.65,58
